VapeRhaidz,2017-08-08 23:58,0,0,I LoVE you Marawi City Kailan kaya ako makakatapak sayo muli na walang takot kailan kaya ???,,,,894950956412137472,https://twitter.com/VapeRhaidz/status/894950956412137472,fil
DZMMTeleFeed,2017-08-08 23:58,0,0,"Bilang ng mga narekober na armas sa Marawi, 604 na",,,,894950836396318720,https://twitter.com/DZMMTeleFeed/status/894950836396318720,fil
patrol_ph,2017-08-08 23:52,0,0,"30,000 'bakwit', apektado ng giyera sa Marawi ang pag-iisip",,,,894949512678080513,https://twitter.com/patrol_ph/status/894949512678080513,fil
DZMMTeleFeed,2017-08-08 23:48,0,0,"Nailigtas na mga sibilyan sa Marawi crisis, 1,728 na",,,,894948320501571585,https://twitter.com/DZMMTeleFeed/status/894948320501571585,fil
marawi_22,2017-08-08 23:47,0,0,يكفيني من هالحياة حُبك لي.,,,,894948213706412032,https://twitter.com/marawi_22/status/894948213706412032,ar
DZMMTeleFeed,2017-08-08 23:38,0,0,"Mga nasawing sundalo sa Marawi siege, umabot na sa 125",,,,894945800228417537,https://twitter.com/DZMMTeleFeed/status/894945800228417537,fil
bandila,2017-08-08 23:31,0,1,"DND, itinangging nakipag-usap sila sa Amerika kaugnay sa planong magsagawa ng airstrike vs terorista sa Marawi","(['Manila', ' Philippines'], Location((14.5906216, 120.9799696, 0.0)))",,,894944070589599744,https://twitter.com/bandila/status/894944070589599744,fil
icawat_shancai,2017-08-08 23:29,0,0,Si besPatokhang na yan!tapon sa marawi,"(['Taguig City', ' National Capital'], Location((14.5266254, 121.074403, 0.0)))",,,894943640438448129,https://twitter.com/icawat_shancai/status/894943640438448129,fil
JuanDarrenatic,2017-08-08 23:28,3,13,Kinanta pala ng TVK Champs yung Fight Song dun sa Concert para sa Marawi. Wala lang.,,,,894943455016738816,https://twitter.com/JuanDarrenatic/status/894943455016738816,fil
fckshiiitpeter,2017-08-08 23:24,0,0,Makikipag gera na lang ako sa marawi HAHAHAHA,"(['San Juan'], Location((18.38423905, -66.0534399736, 0.0)))",,,894942397326544897,https://twitter.com/fckshiiitpeter/status/894942397326544897,fil
saksi,2017-08-08 23:22,0,1,"At sa gitna ng bakbakan sa Marawi, gusto ng Amerika na magkasa ng sariling air strike doon.","(['Philippines'], Location((12.7503486, 122.7312101, 0.0)))",,,894941981813506048,https://twitter.com/saksi/status/894941981813506048,fil
Iamcljas,2017-08-08 23:18,0,0,Marawi - Mindanao Laguna - Luzon Cebu - dak sinuntok ako sa likod. Kbye!,"(['San Pedro', ' Calabarzon'], Location((-24.1602794, -56.713749623, 0.0)))",,,894940839612268544,https://twitter.com/Iamcljas/status/894940839612268544,fil
gelayyyyyy,2017-08-08 23:03,0,0,Sino ba yan? Padala mo yan sa Marawi. Haha,"(['FEU'], Location((48.3158866, -2.291721, 0.0)))",,,894937207068217344,https://twitter.com/gelayyyyyy/status/894937207068217344,fil
Philreport,2017-08-08 23:00,0,0,"Mga kaso ng pulis na sumapi na umano sa mga terorista sa Marawi, iniimbestigahan na Philippines Report Video...",,,,894936258719436802,https://twitter.com/Philreport/status/894936258719436802,fil
minyolita,2017-08-08 22:50,0,0,Lord maskin bag ong friend sa para dili ko mabored pag ilabay na ko sakong friend run murag h8 na niya ko mura man mig marawi these days,,,,894933904007675906,https://twitter.com/minyolita/status/894933904007675906,fil
fordloyals,2017-08-08 22:47,0,1,Awit Para sa Marawi worldpeace spreadlove foracause onemusicph awitparasamarawi …,"(['Republic of the Philippines'], Location((12.7503486, 122.7312101, 0.0)))",@,# # # # #,8.94933E+17,https://twitter.com/fordloyals/status/894933070322688000,fil
IamKalayaan,2017-08-08 22:43,0,0,MAUTE GROUP LEADER na si Omar Maute napatay ng Militar sa Marawi.,"(['Philippines'], Location((12.7503486, 122.7312101, 0.0)))",,,894932121906696192,https://twitter.com/IamKalayaan/status/894932121906696192,fil
MajeanLukaaa,2017-08-08 22:41,0,0,"YUNG GANTONG LALAKI, DAPAT PINAPADALA SA MARAWI.","(['philippines'], Location((12.7503486, 122.7312101, 0.0)))",,,894931648848023552,https://twitter.com/MajeanLukaaa/status/894931648848023552,fil
Subzeeerooo,2017-08-08 22:38,0,1,Grabe yung nakalkal ko. Pwede na ba isabak sa Ms. Universe? Or sa marawi nalang,"(['Philippines'], Location((12.7503486, 122.7312101, 0.0)))",@,,894930889578209280,https://twitter.com/Subzeeerooo/status/894930889578209280,fil
Milkabaya_,2017-08-08 22:33,0,0,Naginom ka lang nakalimutan mo na? Yung sulat para sa mga sundalo sa Marawi,"(['sahia'], Location((8.6887716, -11.0389531, 0.0)))",,,894929588865912832,https://twitter.com/Milkabaya_/status/894929588865912832,fil
patrol_ph,2017-08-08 22:32,0,0,"30,000 'bakwit' mula Marawi, may problema sa pag-iisip",,,,894929402651389953,https://twitter.com/patrol_ph/status/894929402651389953,fil
dwiz882,2017-08-08 22:25,0,0,Malacañang nilinaw na hindi papapel ang US sa airstike sa Marawi City -,"(['Pasig City', ' Philippines'], Location((9.7771753, 125.4915723, 0.0)))",,,894927560915550212,https://twitter.com/dwiz882/status/894927560915550212,fil
daryltroye,2017-08-08 22:24,0,1,"Almost 30k na nagssuffer ng mental disorder sa marawi. Gobyerno, anuna?",,,,894927310788349952,https://twitter.com/daryltroye/status/894927310788349952,fil
sbiancaiglesia,2017-08-08 22:14,0,0,badtrip kala nyo talaga ang gaganda e patapon ko kayo sa marawi,,,,894924758487228416,https://twitter.com/sbiancaiglesia/status/894924758487228416,fil
AyudaIglesNeces,2017-08-08 22:10,8,10,AyudaalaIglesiaNecesitada en Filipinas abastece de cestas con productos de higiene a 2.000 FamiliasDesplazadas tras el asedio a Marawi,"(['Espa\xc3\xb1a'], Location((40.0028028, -4.003104, 0.0)))",,# # # #,894923749186707459,https://twitter.com/AyudaIglesNeces/status/894923749186707459,es
Simply_Japoy,2017-08-08 22:05,0,0,Nyahahaha!!! nanapak ga ang samyor??? Dpat padala iyan sa Marawi. Pampasabog!!!,"(['Alabang'], Location((14.419203, 121.0445354, 0.0)))",,,894922637603856384,https://twitter.com/Simply_Japoy/status/894922637603856384,fil
nicaclaudettee,2017-08-08 22:03,0,0,ata i donate mo na sana sa marawi hahaha,"(['Winterfell'], Location((51.5455107, 13.9594132, 0.0)))",,,894922093216673792,https://twitter.com/nicaclaudettee/status/894922093216673792,fil
rai_rms,2017-08-08 21:57,0,1,This Marawi war destroy too much habang papatagal mas lalong lumalala,"(['Manila', ' AR'], Location((14.5906216, 120.9799696, 0.0)))",,,894920575348387840,https://twitter.com/rai_rms/status/894920575348387840,fil
Ocxie,2017-08-08 21:55,0,0,Amerika Siapkan Drone Untuk Gempur ISIS di Marawi,"(['Banda Aceh'], Location((5.56318155, 95.3221454617, 0.0)))",,,894919929509462016,https://twitter.com/Ocxie/status/894919929509462016,id
ssiEunSshii,2017-08-08 21:52,0,0,overall saan sa Marawi o sa Libya,,,,894919283880345600,https://twitter.com/ssiEunSshii/status/894919283880345600,fil
pinoynewsonline,2017-08-08 21:45,0,0,PANOORIN ANG PAGBISITA NI PANGULONG DUTERTE SA MGA NASAWING MGA PULIS SA BAKBAKAN SA MARAWI More on...,"(['Republic of the Philippines'], Location((12.7503486, 122.7312101, 0.0)))",,,894917581777272833,https://twitter.com/pinoynewsonline/status/894917581777272833,fil
zelgeeness,2017-08-08 21:37,0,0,Sana pag gising ko tapos na gulo sa Marawi. Hope my brother is safe and his troops.,"(['PH'], Location((12.44249325, 122.160395164, 0.0)))",,,894915417134645250,https://twitter.com/zelgeeness/status/894915417134645250,fil
Rjtms_,2017-08-08 21:35,0,2,Bakit ang daming pakealamero ngayon? Sarap nyong dalin marawi,,,,894915049105403904,https://twitter.com/Rjtms_/status/894915049105403904,fil
ElviarciM,2017-08-08 21:35,0,0,"Maybe AFP should send JessicaSoho sa Marawi, inip na inip na e. Kaboba","(['Muntinlupa City', ' Philippines'], Location((14.3940614, 121.0410436, 0.0)))",,#,894914925222445061,https://twitter.com/ElviarciM/status/894914925222445061,fil
rkvillacorta,2017-08-08 21:35,0,0,"Military trainers ni Gerald Anderson, nasawi sa Marawi via pinoyparazzi","(['Philippines'], Location((12.7503486, 122.7312101, 0.0)))",@,,894914908168507392,https://twitter.com/rkvillacorta/status/894914908168507392,fil
RHyatt77,2017-08-08 21:34,0,0,"Jika Disetujui, AS Siap Gempur ISIS di Marawi AS sudah menyiapkan serangan milit RUUTerorisme","(['indonesia'], Location((-4.7993356, 114.5632032, 0.0)))",@safitri_egy,#,894914757014167552,https://twitter.com/RHyatt77/status/894914757014167552,id
madamxgorg,2017-08-08 21:34,0,0,Ugahip fiestival imohang tita sa boy abunda tonight wes na halin ang bulad sa marawi maong saray,"(['PH'], Location((12.44249325, 122.160395164, 0.0)))",,,894914714827751424,https://twitter.com/madamxgorg/status/894914714827751424,ceb
JyrusSarmiento,2017-08-08 21:34,0,0,Marawi la awa,"(['Republic of the Philippines'], Location((12.7503486, 122.7312101, 0.0)))",,,894914625862488064,https://twitter.com/JyrusSarmiento/status/894914625862488064,fil
politikovismin,2017-08-08 21:30,0,0,Guv Bambi Emano’s MisOr Cares conducts outreach to Marawi soldiers,,,,894913598148927489,https://twitter.com/politikovismin/status/894913598148927489,ceb
stateofdnation,2017-08-08 21:23,0,0,"Pero ayon sa ating DND, wala pa silang natatanggap na abiso tungkol sa binabalak umanong air strikes ng Amerika sa Marawi.","(['Manila', ' Philippines'], Location((14.5906216, 120.9799696, 0.0)))",,,894911954686361600,https://twitter.com/stateofdnation/status/894911954686361600,fil
sagumjl,2017-08-08 21:16,0,2,Ako nalang talaga yung hinihintay sa marawi. Dejke HAHAHAH,,,,894910210359164928,https://twitter.com/sagumjl/status/894910210359164928,fil
jonagrado,2017-08-08 21:11,2,0,sa marawi nalng kaya KISSES ThanksMYXph,"(['Republic of the Philippines'], Location((12.7503486, 122.7312101, 0.0)))",,,894909018602209281,https://twitter.com/jonagrado/status/894909018602209281,fil
ACN_Chile,2017-08-08 21:08,2,0,BuenasNoticias 2000 familias cristianas desplazadas de Marawi filipinas recibieron ayuda de emergencia 2,"(['Chile'], Location((-31.7613365, -71.3187697, 0.0)))",@,# # #,894908115858194432,https://twitter.com/ACN_Chile/status/894908115858194432,es
PinoyParazzi,2017-08-08 21:06,0,0,"Military trainers ni Gerald Anderson, nasawi sa Marawi -",,,,894907573366902785,https://twitter.com/PinoyParazzi/status/894907573366902785,fil
MarioTheGreat_,2017-08-08 21:05,0,0,Ayan na mag-e-airstrike na ang US sa mga 'ISIS'sa Marawi. AllInTheirPlan TunayNaTerorista,,,# #,894907510515040257,https://twitter.com/MarioTheGreat_/status/894907510515040257,fil
jmiiz_,2017-08-08 20:59,0,1,ang krisis sa marawi.... blablablabla,"(['Zamboanga City', ' Philippines'], Location((6.9046004, 122.0763695, 0.0)))",,,894905948879241217,https://twitter.com/jmiiz_/status/894905948879241217,eo
phgoodgov,2017-08-08 20:56,2,2,"Di ka pasisiil', isang ABS CBN documentary tungkol sa sigalot sa Marawi. Samahan natin si Jeff Canoy at Chiara...","(['Republic of the Philippines'], Location((12.7503486, 122.7312101, 0.0)))",,,894905275550846977,https://twitter.com/phgoodgov/status/894905275550846977,fil
altagss,2017-08-08 20:53,0,0,Naa npod sa field kwin gubat napod hahaha damai au cge na ko pamakak raba na wala jud cya sa marawi hahaha ambot unsaun ni this sunday haha,,,,894904298571575296,https://twitter.com/altagss/status/894904298571575296,ceb
iqbaldhiafakri,2017-08-08 20:51,0,0,"null Jika Disetujui, AS Siap Gempur ISIS di Marawi AS sudah menyiapkan serangan milit",,@,,894903801122967553,https://twitter.com/iqbaldhiafakri/status/894903801122967553,id
VIVAcoid,2017-08-08 20:48,6,12,"Jika Disetujui, AS Siap Gempur ISIS di Marawi","(['Jakarta', ' Indonesia'], Location((-6.1753942, 106.827183, 0.0)))",,,894903072551391232,https://twitter.com/VIVAcoid/status/894903072551391232,id
altagss,2017-08-08 20:47,0,0,Dapat dili makabalo ako parents na nibalik sa marawi ako kuya damai e docu man gud sila sa sunday na abs cbn hahaha makita cya dadto hahaha,,,,894902773128380417,https://twitter.com/altagss/status/894902773128380417,ceb
fendy_zeka,2017-08-08 20:45,0,0,"Konflik di timur tengah dan konflik di marawi, harus diwaspadai. radikalisme itu benar2 nyata ada didepan mata kta. so jgn meleng sedikitpun","(['Bali'], Location((-8.4560181, 115.270385512, 0.0)))",,,894902497034199040,https://twitter.com/fendy_zeka/status/894902497034199040,id
BecauseThisIs,2017-08-08 20:42,1,6,"Catch Teatro Lasalyano with their original composition Martsa Tungo sa Umaga"" this Friday at T3 Para sa Marawi, 3pm, 5th flr, Henry Sy Hall """,,,,894901579425251328,https://twitter.com/BecauseThisIs/status/894901579425251328,fil
DZMMTeleRadyo,2017-08-08 20:39,2,1,"Ilang aktibidad, isinagawa sa evacuation center sa Marawi upang maiwasan ang paglala ng mental health crisis | ulat ni","(['ABS-CBN', ' Diliman', ' Quezon City'], Location((11.5874907, 122.7520466, 0.0)))",@,,894900938015621120,https://twitter.com/DZMMTeleRadyo/status/894900938015621120,fil
zodylogan,2017-08-08 20:39,0,1,gusto kong makita yung mga marawi evacuees with my own eyes... d'you know what i mean?,"(['Philippines'], Location((12.7503486, 122.7312101, 0.0)))",,,894900753155764224,https://twitter.com/zodylogan/status/894900753155764224,fil
normie_eimron27,2017-08-08 20:36,7,1,"Hahahaha! Dami pinaglalaban ni ate, dalin sa Marawi yan! KISSES ThanksMYXph","(['Manila City'], Location((14.5906216, 120.9799696, 0.0)))",,,894900134885994496,https://twitter.com/normie_eimron27/status/894900134885994496,fil
PTVisMin,2017-08-08 20:30,0,0,"SentroBalita: Australia, nagbigay ng tulong sa Marawi evacuees",,,#,894898496821641220,https://twitter.com/PTVisMin/status/894898496821641220,fil
shawnAZARCON,2017-08-08 20:23,0,3,Mga tiga marawi kami HAHAHHAHAH,"(['Sa dulo'], Location((50.4001601, -4.4865992, 0.0)))",,,894896915451592709,https://twitter.com/shawnAZARCON/status/894896915451592709,fil
seacargodick,2017-08-08 20:22,3,25,Ang gwapo nmn ni sir soldier... pres duterte in marawi... ano kya name mo...,"(['Lungsod ng Maynila', ' Pambansang'], Location((14.5906216, 120.9799696, 0.0)))",,,894896711339974657,https://twitter.com/seacargodick/status/894896711339974657,fil
jenz_2017,2017-08-08 20:14,0,2,Punta ka muna sa marawi at iwagayway ang katangahan mo dun... hindi nga natin matapos tapos ang gierra sa Mindanao naghahamon kpa sa iba,,,,894894704701067265,https://twitter.com/jenz_2017/status/894894704701067265,fil
pm_magazin,2017-08-08 20:11,0,0,Norodin Lucman – Held von Marawi,"(['Republic of the Philippines'], Location((12.7503486, 122.7312101, 0.0)))",,,894893928385851392,https://twitter.com/pm_magazin/status/894893928385851392,ro
dm_reads,2017-08-08 20:07,0,5,Ang lakas ng ulan dito sa Iligan. Lalong nakaka-miss ang MSU at Marawi. Hay.,"(['MSU', ' Marawi City', ' Philippines'], Location((45.6639448, -111.076470877, 0.0)))",,,894892902668582913,https://twitter.com/dm_reads/status/894892902668582913,fil
BomboRadyoNews,2017-08-08 20:03,0,0,"US, tuloy ang tulong sa Marawi at Mindanao sa kabila ng batikos ni Duterte – Tillerson","(['Makati City'], Location((14.5591272, 121.0202094, 0.0)))",,,894891836967231488,https://twitter.com/BomboRadyoNews/status/894891836967231488,fil
republikaonline,2017-08-08 20:03,2,4,Indonesia Khawatir Jadi Ladang Rekrutmen ISIS ke Marawi,"(['Jakarta', ' Indonesia'], Location((-6.1753942, 106.827183, 0.0)))",,,894891800745320448,https://twitter.com/republikaonline/status/894891800745320448,id
chrislynbulos,2017-08-08 20:01,0,1,"Miss marawi, pinanuod ko sa nanay ko yung video mo. Tuwang tuwa sya sayo."" -Miss Malou Yes naman hahahaha POWER!""",,,,894891264117587969,https://twitter.com/chrislynbulos/status/894891264117587969,fil
eternaldread,2017-08-08 19:57,0,0,sa mga taga-Marawi yon bessy,,,,894890243643424769,https://twitter.com/eternaldread/status/894890243643424769,fil
lkamila390,2017-08-08 19:54,0,0,jangan sampai gempuran di Marawi bisa sampai ada yang lolos ke Indonesia. Dukung pemberantasan terorisme!,"(['Ketapang', ' Indonesia'], Location((-7.67871295, 113.253619758, 0.0)))",,,894889540434903040,https://twitter.com/lkamila390/status/894889540434903040,id
rihamyu,2017-08-08 19:53,0,1,Kaya nga. Ebt. Nakakamiss ang weather sa Marawi,"(['PH'], Location((12.44249325, 122.160395164, 0.0)))",,,894889363892457472,https://twitter.com/rihamyu/status/894889363892457472,fil
almrhme,2017-08-08 19:53,0,0,"Mas love pa sa mga artista ang mga biktima sa RWM. Ngano, hadlok mo muadtog Marawi ug matagakan ug bomba? Haha grabi jud",,,,894889182157430785,https://twitter.com/almrhme/status/894889182157430785,ceb
lkamila390,2017-08-08 19:52,0,0,Peran masyarakat penting karena masyarakat lebih dulu mengetahui apakah ada unsur-unsur gerakan Maute di Marawi yang menerobos ke Indonesia,"(['Ketapang', ' Indonesia'], Location((-7.67871295, 113.253619758, 0.0)))",,,894889116541657088,https://twitter.com/lkamila390/status/894889116541657088,id
barrrsssss,2017-08-08 19:51,0,0,"Umulan bigla and ang lamig, marawi weather tho nakakamiss yung di ka pinagpapawisan araw araw","(['MSU Main', ' Marawi City'], Location((45.6639448, -111.076470877, 0.0)))",,,894888894314856448,https://twitter.com/barrrsssss/status/894888894314856448,fil
Catwooohman,2017-08-08 19:51,0,5,Nagfireworks somewhere in DV. Nabalaka na dayun ko sa mga IDP from Marawi nga naa dre sa CDO.,"(['Camiguin Island\xc2\xa0\xe2\x9d\xa4'], Location((9.16816555, 124.713744228, 0.0)))",,,894888838283251712,https://twitter.com/Catwooohman/status/894888838283251712,ceb
giniedepp,2017-08-08 19:49,0,0,"According to the news, madami ang may mental disorder sa Marawi. Crisis na raw",,,,894888411902861313,https://twitter.com/giniedepp/status/894888411902861313,fil
FibiGo,2017-08-08 19:47,0,0,Sobrang lungkot na wala akong magawa sa crisis sa Marawi tungkol sa pagdami ng bilang ng may mental and psychological disorders,,,,894887844954619904,https://twitter.com/FibiGo/status/894887844954619904,fil
TVPatrol,2017-08-08 19:45,1,8,"TVPatrol Dumaraming bilang ng may mental disorder sa Marawi, isa nang krisis ayon sa provincial crisis management committee","(['Philippines'], Location((12.7503486, 122.7312101, 0.0)))",,# #,894887393039273984,https://twitter.com/TVPatrol/status/894887393039273984,fil
RMontajes15,2017-08-08 19:42,1,0,"Dear Media, Kumusta na ito; 1. 66M misused fund ni ManangImee 2. Marawi seige update 3. Tuloy pa rin ang bentahan ng drugs sa bilibid","(['Philippines'], Location((12.7503486, 122.7312101, 0.0)))",@,,894886497819672576,https://twitter.com/RMontajes15/status/894886497819672576,fil
jonathancaina3,2017-08-08 19:30,0,0,Sinisisi ng ilang Duterte supporters yung mismong mga mamamayan ng Marawi kung bakit napasok sila ng... u,"(['Philippines'], Location((12.7503486, 122.7312101, 0.0)))",,,894883453342064642,https://twitter.com/jonathancaina3/status/894883453342064642,fil
LonelyTibbers,2017-08-08 19:26,0,3,Amoy Marawi pa :c,"(['Everywhere'], Location((41.7776533, -72.6740756, 0.0)))",,,894882595334275072,https://twitter.com/LonelyTibbers/status/894882595334275072,fil
machiavelli_gr,2017-08-08 19:24,0,1,Η μεγάλη πλεονότητα των μαχητών ISIS στο Marawi δεν είναι Φιλιππινέζοι Ανάμεσά τους πολλοί ισλαμοφασίστες Αυστραλοί,,,,894882073424670722,https://twitter.com/machiavelli_gr/status/894882073424670722,el
tulps_,2017-08-08 19:20,0,0,AURA SA MARAWI,,,,894880895773007877,https://twitter.com/tulps_/status/894880895773007877,fil
TropALDUBILIGAN,2017-08-08 19:15,26,13,Bro TropALDUBAFP musta k n dyan sa Marawi? Sana ok lng ang kalagayan n'yo dyan. Mag-ingat ka lagi. We miss u. God bless.,,@,#,894879645102817285,https://twitter.com/TropALDUBILIGAN/status/894879645102817285,fil
Arriested,2017-08-08 19:08,0,0,luoy na kayg nawng ang marawi tin,,,,894877895876726785,https://twitter.com/Arriested/status/894877895876726785,ceb
lkamila390,2017-08-08 19:07,0,0,langkah-langkah antisipasi sudah banyak dilakukan untuk mencegah masuknya unsur-unsur Marawi ke Indonesia. Bravo PolhukamRI,"(['Ketapang', ' Indonesia'], Location((-7.67871295, 113.253619758, 0.0)))",@,,894877708122865665,https://twitter.com/lkamila390/status/894877708122865665,id
yatrough,2017-08-08 19:04,0,0,"BAKBAKAN SA PAGITANG NG AFP AT MAUTE-ISIS SA MARAWI CITY, MAS MATINDI NGAYON . . Aired Date: August 07, 2017 UNTV...","(['City of Tagum', ' Davao Region'], Location((7.4468904, 125.8095771, 0.0)))",,,894877031699066880,https://twitter.com/yatrough/status/894877031699066880,fil
CNNIndonesia,2017-08-08 19:02,0,2,Filipina: Belum Ada Diskusi Soal Serangan Udara AS di Marawi,,,,894876471054843906,https://twitter.com/CNNIndonesia/status/894876471054843906,id
commentbotph,2017-08-08 19:01,0,0,"e ang china magkano na ba ang naambag? natuwa lang ang gulo jan sa marawi,dahil makakaakit ng donation ang admin dutae?","(['Republic of the Philippines'], Location((12.7503486, 122.7312101, 0.0)))",,,894876241731481600,https://twitter.com/commentbotph/status/894876241731481600,fil
PTVph,2017-08-08 19:00,2,4,"SentroBalita: Mga biktima ng kaguluhan sa Marawi, bibigyang tulong ng Australia","(['Philippines'], Location((12.7503486, 122.7312101, 0.0)))",,#,894875853708034048,https://twitter.com/PTVph/status/894875853708034048,fil
naiveity,2017-08-08 18:59,0,0,Pwede ba wag na pakialam ng US yung sa marawi.,"(['Lungsod ng Puerto Princesa', ' Re'], Location((10.7007251, 122.5792027, 0.0)))",,,894875722904289281,https://twitter.com/naiveity/status/894875722904289281,fil
mr_abing,2017-08-08 18:56,0,0,ATM Mindanao State University Main Marawi. Buhi pako after sa byahe. Hahaha. Kaabot rajud ko dre..,"(['Philippines'], Location((12.7503486, 122.7312101, 0.0)))",,,894874907774996481,https://twitter.com/mr_abing/status/894874907774996481,ceb
sanshania0,2017-08-08 18:48,0,0,basis-basis mereka di Poso dan Marawi terus diawasi bahkan digempur sehingga Asia Tenggara menjadi tempat tak cocok basis ISIS,,,,894872946728083456,https://twitter.com/sanshania0/status/894872946728083456,id
paul_affatato,2017-08-08 18:48,0,0,Tagle: “A Mindanao non c’è conflitto tra musulmani e cristiani” Marawi CardinalChito GioBernard junkoteraohttp://,"(['Vatican City'], Location((41.9034912, 12.4528349, 0.0)))",@ @ @,# #,894872882274332672,https://twitter.com/paul_affatato/status/894872882274332672,it
paul_affatato,2017-08-08 18:47,1,1,Tagle: “A Mindanao non c’è conflitto tra musulmani e cristiani” Marawi Asiablog_it AndreaPira fidesorg,"(['Vatican City'], Location((41.9034912, 12.4528349, 0.0)))",@ @ @,# #,894872687880818688,https://twitter.com/paul_affatato/status/894872687880818688,it
paul_affatato,2017-08-08 18:46,0,0,Tagle “A Mindanao non c’è conflitto tra musulmani e cristiani” Marawi Psicovirginio stefanolesz GerolamoFazzini,"(['Vatican City'], Location((41.9034912, 12.4528349, 0.0)))",@ @ @,# #,894872313413328897,https://twitter.com/paul_affatato/status/894872313413328897,it
imgelee,2017-08-08 18:39,0,0,MAUte pala ha. Hahaha ipadala sa marawi yan ngayon din!! HAHAHA,,,,894870719116361728,https://twitter.com/imgelee/status/894870719116361728,fil
Khrstn_blnqsc,2017-08-08 18:35,1,0,Pinunta ka sa makati para mag aral di para lumandi tapon kita sa marawi e,"(['Makati City', ' National Capital'], Location((14.5591272, 121.0202094, 0.0)))",,,894869545776668672,https://twitter.com/Khrstn_blnqsc/status/894869545776668672,fil
infinitrish_,2017-08-08 18:29,0,0,"TO MARAWI"" yung nilagay ni kuya HAHAHAHAHA tarages sasakay na yung mga kawork ko sabay sabi nung barker ""hindi mam marawi to"" HAHAHAHAHA""","(['PH'], Location((12.44249325, 122.160395164, 0.0)))",,,894868153402085376,https://twitter.com/infinitrish_/status/894868153402085376,fil
StarDisHaberler,2017-08-08 18:24,1,0,"Avustralya, Marawi'de çatışmalardan etkilenenlere 20 milyon dolar yardım yapacaklarını açıkladı",,,,8.94867E+17,https://twitter.com/StarDisHaberler/status/894866778664448000,tr
PTVph,2017-08-08 18:21,0,2,Layunin ng grupo na ipakita ang kanilang suporta sa ating mga kasundaluhan na patuloy na nakikipagbakbakan sa Marawi. | via Eunice Samonte,"(['Philippines'], Location((12.7503486, 122.7312101, 0.0)))",,,894866261703745536,https://twitter.com/PTVph/status/894866261703745536,fil
abundo_jc,2017-08-08 18:21,0,0,Punta ko marawi,"(['basketball court'], Location((8.47989705, -13.22197025, 0.0)))",,,894866096557244417,https://twitter.com/abundo_jc/status/894866096557244417,fil
KatherineImson,2017-08-08 18:14,1,1,"Ilang mga babaeng bihag ng mga terorista sa Marawi, buntis na ayon sa source ng News5. WESTMINCOM sinabing posibleng totoo ito News5AKSYON",,@,,894864441434439680,https://twitter.com/KatherineImson/status/894864441434439680,fil
anggeeeeeeeeh,2017-08-08 18:12,0,0,Dami kong hanash! Maswerte pa din ako kumpara sa mga nasa Aleppo at Marawi.,,,,894863899635236864,https://twitter.com/anggeeeeeeeeh/status/894863899635236864,fil
0hanin0,2017-08-08 18:10,8,5,marawi_q8 ما كل غالي ليا من غاب قد الغياب الشوق لا تلّ قلب المشتحن رجّعه,"(['\xd8\xa7\xd9\x84\xd9\x85\xd9\x85\xd9\x84\xd9\x83\xd8\xa9 \xd8\xa7\xd9\x84\xd8\xb9\xd8\xb1\xd8\xa8\xd9\x8a\xd8\xa9 \xd8\xa7\xd9\x84\xd8\xb3\xd8\xb9\xd9\x88\xd8\xaf\xd9\x8a\xd8\xa9'], Location((25.6242618, 42.3528328, 0.0)))",@,,894863330837397506,https://twitter.com/0hanin0/status/894863330837397506,ar
ali_yaaang,2017-08-08 18:08,0,0,"Lilibre kita, basta sa marawi. Hahaha!","(['Republic of the Philippines'], Location((12.7503486, 122.7312101, 0.0)))",,,894862905400672261,https://twitter.com/ali_yaaang/status/894862905400672261,fil
SagoTrea,2017-08-08 18:08,0,0,"Melihat kondisi marawi dan korut, sangatlah prihatin dan butuh perhatian khusus. Kerjasama ini diharapkan membantu wiranto1947 PolhukamRI",,@ @,,894862826434580480,https://twitter.com/SagoTrea/status/894862826434580480,id
Beaxxxx8,2017-08-08 18:07,0,0,P.T umayos ka bukas! Pag nmn di ikw kagaya ng nirebyu ko papatapon ko sa marawi gumawa nun!,"(['San Fernando City', ' Central Luzon'], Location((15.0283014, 120.6938038, 0.0)))",,,894862605046628352,https://twitter.com/Beaxxxx8/status/894862605046628352,fil
holasoychubsss,2017-08-08 18:07,0,0,KONTI NALANG PAPATAPON NA TALAGA KITA SA MARAWI KAINESHHH,,,,894862576571437056,https://twitter.com/holasoychubsss/status/894862576571437056,fil
SafiraLandi,2017-08-08 18:02,0,0,"Berita: Nantikan laporan khusus 'Menembus Marawi', 9 Agustus 2017 hanya di tirto.id! 1",,,,894861312060264448,https://twitter.com/SafiraLandi/status/894861312060264448,id
0hanin0,2017-08-08 18:02,7,7,marawi_q8 تعال علمني الخطا وشهوله صدك كذا والله ما يرضيني عندك حكي ودك تقوله قوله لا تذخر الكلمه وهي تعنيني,"(['\xd8\xa7\xd9\x84\xd9\x85\xd9\x85\xd9\x84\xd9\x83\xd8\xa9 \xd8\xa7\xd9\x84\xd8\xb9\xd8\xb1\xd8\xa8\xd9\x8a\xd8\xa9 \xd8\xa7\xd9\x84\xd8\xb3\xd8\xb9\xd9\x88\xd8\xaf\xd9\x8a\xd8\xa9'], Location((25.6242618, 42.3528328, 0.0)))",@,,894861261309194240,https://twitter.com/0hanin0/status/894861261309194240,ar
ali_yaaang,2017-08-08 18:01,0,0,Sa marawi? Sama ka? Hahaha,"(['Republic of the Philippines'], Location((12.7503486, 122.7312101, 0.0)))",,,894861058183016448,https://twitter.com/ali_yaaang/status/894861058183016448,fil
TirtoID,2017-08-08 18:00,8,13,"Nantikan laporan khusus 'Menembus Marawi', 9 Agustus 2017 hanya di tirto.id!","(['Indonesia'], Location((-4.7993356, 114.5632032, 0.0)))",,,894860740284338180,https://twitter.com/TirtoID/status/894860740284338180,id
dzbb,2017-08-08 17:44,1,3,"Isang hindi nagpakilalang negosyante, magbibigay ng tig-iisang P1M sa pamilya ng mga namatay na sundalo sa Marawi City ayon sa AFP.","(['Republic of the Philippines'], Location((12.7503486, 122.7312101, 0.0)))",,,894856825304096768,https://twitter.com/dzbb/status/894856825304096768,fil
ZOREIL1945,2017-08-08 17:42,0,0,Duterte «pas au courant» de l'implication US dans les combats à Marawi: via sputnik_fr,,@,,894856210465214464,https://twitter.com/ZOREIL1945/status/894856210465214464,fr
KuyangGURO,2017-08-08 17:40,0,0,Esang De Torres - Awit Sa Marawi (Official Lyric Video) via YouTube,,@,,894855841173479424,https://twitter.com/KuyangGURO/status/894855841173479424,uz
NoerSyar,2017-08-08 17:38,0,0,Amerika secara teknologi sangat mumpuni untuk membantu secara lgsg ke marawi sana. Semoga mnjd langkah yg heroik wiranto1947 PolhukamRI,,@ @,,894855446279757824,https://twitter.com/NoerSyar/status/894855446279757824,id
_mangarin,2017-08-08 17:38,0,0,Isa sa mga nasawi sa marawi hahahaha luv u bud,"(['Finland', ' sa yellow house \xc2\xa0\xf0\x9f\x8f\xa0'], Location((63.2467777, 25.9209164, 0.0)))",,,894855328616939521,https://twitter.com/_mangarin/status/894855328616939521,fil
MondiStari,2017-08-08 17:36,0,0,"Kita liat marawi dan korut sebagai contohnya.. korban dari kekejaman isis. Yg begini, dunia harus membela wiranto1947 PolhukamRI PagiPagi",,@ @,#,894854781751119873,https://twitter.com/MondiStari/status/894854781751119873,id
radyopilipinas1,2017-08-08 17:25,0,0,"ASEAN2017UPDATE: Pangulong Duterte at US Sec. of State Tillerson, walang natalakay na posibilidad sa papel ng US sa air strike sa Marawi","(['Quezon City', ' Philippines'], Location((14.6509905, 121.0486155, 0.0)))",,#,894852052811108352,https://twitter.com/radyopilipinas1/status/894852052811108352,fil
TristanAngels,2017-08-08 17:23,3,24,After the show. (Awit Para sa Marawi),,,,894851549377122305,https://twitter.com/TristanAngels/status/894851549377122305,fil
Reiaammeesh,2017-08-08 17:20,0,0,Emotional breakdown sa gyangkaya a myasuwa a Marawi. Di akn karawan kagiya mailay sa mathi.,"(['Philippines'], Location((12.7503486, 122.7312101, 0.0)))",,,894850824223862784,https://twitter.com/Reiaammeesh/status/894850824223862784,fil
UtadNeoj,2017-08-08 17:20,0,0,Jgh from marawi. Kapuya!,"(['Davao', ' Philippines'], Location((7.0645241, 125.6084143, 0.0)))",,,894850752379625472,https://twitter.com/UtadNeoj/status/894850752379625472,hi
bara_mulyano,2017-08-08 17:17,0,0,"Temui Wiranto, Panglima AS Bahas ISIS di Marawi dan Korut wiranto1947 jokowi ASEAN50 BloggerBDG",,@ @,# #,894849952026775552,https://twitter.com/bara_mulyano/status/894849952026775552,id
meteorflower30,2017-08-08 17:06,5,5,OMG as in OMG si atty Kapunan Grabe Ayaw paawat nahiya ang putukan sa Marawi sa mga Pasabog ni maam,,,,894847368755130368,https://twitter.com/meteorflower30/status/894847368755130368,fil
sonorasurabaya,2017-08-08 16:59,0,0,16:02 BeritaSonora - AS Pertimbangkan Serangan Udara terhadap ISIS di Marawi. Sumber CNNIndonesia (Idh125),,@,#,894845461919485953,https://twitter.com/sonorasurabaya/status/894845461919485953,id
emediamo,2017-08-08 16:56,0,0,TRIP TO HONGKONG YA PROMETE DALE EL PRESIDENTE DUTERTE CON MAGA SOLDAO NA MAS RECIENTE VISITADA NA MARAWI. MAS...,"(['RBB Building', ' Villa Teresa', ' ZC'], Location((52.342398, 14.5520171, 0.0)))",,,894844756932603904,https://twitter.com/emediamo/status/894844756932603904,es
politikoluzon,2017-08-08 16:56,0,0,Mayor Pamintuan leads League of Cities in Marawi rehab,,,,894844656344735744,https://twitter.com/politikoluzon/status/894844656344735744,fil
brightsideuppls,2017-08-08 16:54,0,0,Gnamit yan ng isang official to describe doing business in marawi. Hahaha. Bnawi after,,,,894844225698779136,https://twitter.com/brightsideuppls/status/894844225698779136,fil
zarealko,2017-08-08 16:46,0,0,wariya marawi nuon tara naa namoy mga bala diha?,,,,894842176118509568,https://twitter.com/zarealko/status/894842176118509568,ceb
dzrhnews,2017-08-08 16:45,0,1,NFA tiniyak na may sapat pang suplay ng bigas para sa mga apektadong lugar sa Marawi City | RH24 edmarestabillo,"(['Manila', ' Philippines'], Location((14.5906216, 120.9799696, 0.0)))",@,,894841865782145024,https://twitter.com/dzrhnews/status/894841865782145024,fil
bensoydota2,2017-08-08 16:44,0,0,ihatod me sa marawi,"(['CGY'], Location((9.4484386, 76.5493798823, 0.0)))",,,894841794390708224,https://twitter.com/bensoydota2/status/894841794390708224,ceb
erik_somba,2017-08-08 16:42,0,0,ISIS pasti kalah di Marawi. Benarkah mereka menyiapkan pindah kancah perang? Apa mereka akan ke…,,,,894841163416563712,https://twitter.com/erik_somba/status/894841163416563712,id
CNNIndonesia,2017-08-08 16:39,1,3,Pentagon dilaporkan tengah mempertimbangkan melakukan serangan udara terhadap militan ISIS yang menguasai Marawi. 280,,,,894840429031571456,https://twitter.com/CNNIndonesia/status/894840429031571456,ms
KBA_ONE,2017-08-08 16:32,1,0,"Gempur ISIS, Amerika Siapkan Serangan ke Marawi 91","(['Banda Aceh'], Location((5.56318155, 95.3221454617, 0.0)))",,,894838720146178048,https://twitter.com/KBA_ONE/status/894838720146178048,id
JennyCFrancisco,2017-08-08 16:31,0,0,"dapat ang ipadala sa Marawi si Robinhood, si Dalisay, si Sandrino, Malia at Tristan para maubos na mga mauten a yan :D",,,,894838345188200448,https://twitter.com/JennyCFrancisco/status/894838345188200448,fil
daybergent,2017-08-08 16:30,0,0,"edi sige. kayo na lang. az a tuta of CIA since Philippine Constabulary. well, look at Marawi now.",,,,894838301982572544,https://twitter.com/daybergent/status/894838301982572544,fil
DutaMasy,2017-08-08 16:30,0,0,Berita Terkini: AS Pertimbangkan Serangan Udara kepada ISIS di Marawi,"(['surabaya'], Location((-7.2459717, 112.7378266, 0.0)))",,,894838169883095040,https://twitter.com/DutaMasy/status/894838169883095040,ms
DutaMasy,2017-08-08 16:30,0,0,Berita Terbaru: AS Pertimbangkan Serangan Udara kepada ISIS di Marawi: MANILA |,"(['surabaya'], Location((-7.2459717, 112.7378266, 0.0)))",,,894838111699685376,https://twitter.com/DutaMasy/status/894838111699685376,ms
ThioEkaPandu15,2017-08-08 16:28,0,0,"Abis nontonin Vice soal ISIS di Marawi, jadi reporter perang susah juga ye.","(['Indonesia'], Location((-4.7993356, 114.5632032, 0.0)))",,,894837805293084673,https://twitter.com/ThioEkaPandu15/status/894837805293084673,id
Ivan226622,2017-08-08 16:26,1,2,"Hindi inakala ng militar na tatagal ang giyera sa Marawi City. Abangan ang buong dokumentaryo sa Agosto 13, 3:30 PM. ABSCBNMarawiDocu …",,,#,894837137295757312,https://twitter.com/Ivan226622/status/894837137295757312,fil
DZMMTeleRadyo,2017-08-08 16:23,0,0,"OnTheSpot Alok ng Estados Unidos na tumulong sa airstrikes, tinanggihan ng Marawi LGU MarawiClash | ulat ni","(['ABS-CBN', ' Diliman', ' Quezon City'], Location((11.5874907, 122.7520466, 0.0)))",@,# #,894836567260381184,https://twitter.com/DZMMTeleRadyo/status/894836567260381184,fil
MuslimLifeID,2017-08-08 16:23,0,0,Sekolah Islam di Filipina Dihantam Mortir dari Marawi - :,"(['Jakarta', ' Indonesia'], Location((-6.1753942, 106.827183, 0.0)))",,#,894836352180666368,https://twitter.com/MuslimLifeID/status/894836352180666368,id
PTVisMin,2017-08-08 16:17,0,0,NEWS: Mindanao solons support Marawi rehab budget,,,,894834849109889024,https://twitter.com/PTVisMin/status/894834849109889024,fil
Herbalna,2017-08-08 16:14,0,0,"AS Pertimbangkan Serangan Udara di Marawi, Filipina",,,,894834061574893568,https://twitter.com/Herbalna/status/894834061574893568,ms
diverginity,2017-08-08 16:13,0,0,Wag ngayon. Nasa marawi pa ko hahaha,"(['National Capital Region'], Location((14.5736108, 121.0329706, 0.0)))",,,894833852929130496,https://twitter.com/diverginity/status/894833852929130496,fil
DZMMTeleRadyo,2017-08-08 16:11,0,0,"OnTheSpot Planong airstrike ng US sa Marawi, pinabulaanan ng AFP MarawiClash | ulat ni","(['ABS-CBN', ' Diliman', ' Quezon City'], Location((11.5874907, 122.7520466, 0.0)))",@,# #,894833445687312385,https://twitter.com/DZMMTeleRadyo/status/894833445687312385,fil
acs_italia,2017-08-08 15:56,27,48,Grazie ai nostri Benefattori ACS fornirà kit sanitari a 2000 famiglie sfollate per l'assedio islamista di Marawi - Mindanao,"(['Roma'], Location((41.8933203, 12.4829321, 0.0)))",,# # #,894829695619010560,https://twitter.com/acs_italia/status/894829695619010560,it
NewsRmn,2017-08-08 15:55,0,0,"Pangamba ng mga residente ng Marawi na kakapusin ang supply ng bigas, pinawi ng NFA via rmnnetworks","(['Republic of the Philippines'], Location((12.7503486, 122.7312101, 0.0)))",@,,894829292319686657,https://twitter.com/NewsRmn/status/894829292319686657,fil
patricksaurelio,2017-08-08 15:53,0,0,Turn over donations for Marawi evacuees. KapamilyaThankYou LingkodKapamilya ABSCBN…,"(['Quezon City', ' Philippines'], Location((14.6509905, 121.0486155, 0.0)))",,# # #,894829025289531392,https://twitter.com/patricksaurelio/status/894829025289531392,fil
1abuazzam,2017-08-08 15:53,1,3,"Dahil walang umalma sa pambobomba sa Marawi, heto bobombahin rin kayo saan mang lupalop ng pilipinas...","(['Gitnang Silangan'], Location((15.3112013, 120.9511019, 0.0)))",,,894828855785132032,https://twitter.com/1abuazzam/status/894828855785132032,fil
AmyChewCNA,2017-08-08 15:51,0,0,Marawi,"(['Malaysia & Indonesia'], Location((-7.5388376, 112.2379849, 0.0)))",,#,894828428943278080,https://twitter.com/AmyChewCNA/status/894828428943278080,fil
dzrhnews,2017-08-08 15:38,0,0,"Maraming bakwit sa Marawi City, nakararanas ng depresyon | RH19 Jun Dimacutac RapidoHatawBalita","(['Manila', ' Philippines'], Location((14.5906216, 120.9799696, 0.0)))",,#,894825003971223552,https://twitter.com/dzrhnews/status/894825003971223552,fil
Imsherwinzuniga,2017-08-08 15:32,0,0,Isang tangke ng Militar Pinasabog ng MAUTE GROUP sakay ng sundalo sugatan sa MARAWI Panoorin Tanke ng militar... c8,"(['Jeddah Kingdom Of Saudi Arabia'], Location((21.5822247, 39.1640396, 0.0)))",,,894823495481393152,https://twitter.com/Imsherwinzuniga/status/894823495481393152,fil
sonorasurabaya,2017-08-08 15:31,0,0,14:34 BeritaSonora - Kartu Identitas Eks Polisi Ditemukan di Markas Militan Marawi. Sumber CNNIndonesia (Idh80),,@,#,894823271610241024,https://twitter.com/sonorasurabaya/status/894823271610241024,id
Marawi_Taha,2017-08-08 15:24,0,0,فديت جوها أحبها,,,,894821566978158599,https://twitter.com/Marawi_Taha/status/894821566978158599,ar
amar_banimar,2017-08-08 15:20,0,1,"Temui Wiranto, Panglima AS Bahas ISIS di Marawi dan Korut wiranto1947 jokowi ASEAN50",,@ @,#,894820722379440128,https://twitter.com/amar_banimar/status/894820722379440128,id
rmnnetworks,2017-08-08 15:20,0,0,"LATESTNEWS Pangamba ng mga residente ng Marawi na kakapusin ang supply ng bigas, pinawi ng NFA",,,#,894820542741528576,https://twitter.com/rmnnetworks/status/894820542741528576,fil
bandi_farid,2017-08-08 14:58,0,1,Wiranto Bahas ISIS di Marawi dan Rudal Korut dengan Panglima AS wiranto1947 ASEAN50,,@,#,894815098748915712,https://twitter.com/bandi_farid/status/894815098748915712,id
raendropsx,2017-08-08 14:56,0,0,Wapa dai hahahaha bale halin nis atong negosyo didto's marawi. 25kilos nga shabu ug 2 hectares na marijuana hahahahahahaha,"(['+63'], Location((51.2637794, 102.9668439, 0.0)))",,,894814600004120576,https://twitter.com/raendropsx/status/894814600004120576,fil
LcCopier,2017-08-08 14:54,0,0,Sana po sa Marawi nalang.,,,,894814162274050048,https://twitter.com/LcCopier/status/894814162274050048,fil
YellowBelle,2017-08-08 14:46,0,0,Ayan! Waste of money daw Sabi ng tatay nila. Pero gagamitin sa Marawi at sa War on Drugs. Salamat Pinoy,,,,894811980757741569,https://twitter.com/YellowBelle/status/894811980757741569,fil
rapplerdotcom,2017-08-08 14:37,3,7,"Defense Sec Lorenzana on US airstrikes in Marawi: Wala kaming napag-usapan na tungkol diyan."" ""","(['Philippines'], Location((12.7503486, 122.7312101, 0.0)))",,,894809654324277248,https://twitter.com/rapplerdotcom/status/894809654324277248,fil
dzIQ990,2017-08-08 14:27,1,0,"Australia, magbibigay ng tulong sa mga sibilyan na apektado ng giyera sa Marawi-Radyo Inquirer App | donadominguez","(['Makati City'], Location((14.5591272, 121.0202094, 0.0)))",@,,894807314032599040,https://twitter.com/dzIQ990/status/894807314032599040,fil
donadominguez,2017-08-08 14:26,0,0,"Australia, magbibigay ng tulong sa mga sibilyan na apektado ng giyera sa Marawi via Radyo Inquirer App 0","(['Rodriguez RIzal'], Location((14.5242629, 121.1493146, 0.0)))",,,894806993759723520,https://twitter.com/donadominguez/status/894806993759723520,fil
mchlrshn,2017-08-08 14:16,0,1,"AGAIN MOLAVE GANO KARAMI ANG TAO SA MARAWI""""",,,,894804565026983936,https://twitter.com/mchlrshn/status/894804565026983936,fil
glzmptrrs,2017-08-08 14:13,0,0,Sarap mong ipatapon sa Marawi,"(['Republic of the Philippines'], Location((12.7503486, 122.7312101, 0.0)))",,,894803719157465089,https://twitter.com/glzmptrrs/status/894803719157465089,fil
Arci_kim,2017-08-08 14:10,0,1,Unity ride pagadian to marawi to iligan PRA mamigay ng libring pag kain sa mga sundalo sa iligan,,,,894802927495258112,https://twitter.com/Arci_kim/status/894802927495258112,fil
i3ryok,2017-08-08 14:03,0,0,"Australia, magbibigay ng tulong sa mga sibilyan na apektado ng giyera sa Marawi -",,,,894801264583729152,https://twitter.com/i3ryok/status/894801264583729152,fil
DanSantos8,2017-08-08 14:00,6,14,"Akala ko ba waste of money yang mga FA-50 na yan. Tapos ngayon, ginamit sa Marawi at gagamitin pa sa war on drugs? Thank you PNoy.","(['Republic of the Philippines'], Location((12.7503486, 122.7312101, 0.0)))",,,894800360757379073,https://twitter.com/DanSantos8/status/894800360757379073,fil
dzrhnews,2017-08-08 13:39,0,0,"ICYMI: Police officials na nanguna sa police operation sa Marawi, kasama sa mga awardees sa National Police Service Anniv. | RaymundDadpaas","(['Manila', ' Philippines'], Location((14.5906216, 120.9799696, 0.0)))",@,,894795111610982400,https://twitter.com/dzrhnews/status/894795111610982400,fil
dzbb,2017-08-08 13:34,0,1,"Airstrike ng militar laban sa Maute Group sa Marawi City, nagpapatuloy. | via Benjielite","(['Republic of the Philippines'], Location((12.7503486, 122.7312101, 0.0)))",@,,894794012892176384,https://twitter.com/dzbb/status/894794012892176384,fil
uythejam,2017-08-08 13:33,0,0,Miss ko na kayo. Patuloy pa rin ang bakbakan dito sa marawi.,,,,894793654207791104,https://twitter.com/uythejam/status/894793654207791104,fil
jichusi,2017-08-08 13:32,0,0,"Gempur ISIS, Amerika Siapkan Serangan ke Marawi",,,,894793361458114560,https://twitter.com/jichusi/status/894793361458114560,id
Park66278125,2017-08-08 13:24,0,0,"Now, I realize...Kasorgaan pala yong buhay ko sa Marawi... Pakabalingakaminiyo","(['Marawi city'], Location((8.0034938, 124.286626, 0.0)))",,#,894791314100731904,https://twitter.com/Park66278125/status/894791314100731904,fil
_czarleen,2017-08-08 13:21,0,0,"dpat arog kyan ang kakanun sa marawi, tghuhurulog na sna hahaha","(['earth'], Location((34.2331373, -102.4107493, 0.0)))",,,894790766979039234,https://twitter.com/_czarleen/status/894790766979039234,fil
dzIQ990,2017-08-08 13:16,2,0,"Australia, magbibigay ng tulong sa mga sibilyan na apektado ng giyera sa Marawi - | donadominguez","(['Makati City'], Location((14.5591272, 121.0202094, 0.0)))",@,,894789353683075072,https://twitter.com/dzIQ990/status/894789353683075072,fil
yatrough,2017-08-08 13:12,0,0,"Pakisamahan nyo po sila don sa marawi sa battle area wag dun sa safe zone.. wala sorry, di para sa bayan ang...","(['City of Tagum', ' Davao Region'], Location((7.4468904, 125.8095771, 0.0)))",,,894788423411683329,https://twitter.com/yatrough/status/894788423411683329,fil
PTVph,2017-08-08 13:10,2,3,"DailyInfo: AFP, pinayuhan ang mga residente sa Marawi na hintayin muna ang abiso bago bumalik sa kanilang lugar","(['Philippines'], Location((12.7503486, 122.7312101, 0.0)))",,#,894787758572675072,https://twitter.com/PTVph/status/894787758572675072,fil
andalasboys,2017-08-08 13:08,0,0,Sekolah Islam di Filipina Dihantam Mortir dari Marawi,"(['jakarta'], Location((-6.1753942, 106.827183, 0.0)))",,,894787428707381248,https://twitter.com/andalasboys/status/894787428707381248,id
egdsgn,2017-08-08 13:00,0,0,"AFP, pinayuhan ang mga residente sa Marawi na hintayin muna ang kanilang abiso bago bumalik","(['Davao City', ' Davao Region'], Location((7.22650725, 125.454887691, 0.0)))",,,894785479412916229,https://twitter.com/egdsgn/status/894785479412916229,fil
egdsgn,2017-08-08 13:00,0,0,"AFP, mariing itinanggi na nagmula sa kanila ang bombang sumabog sa labas ng Marawi","(['Davao City', ' Davao Region'], Location((7.22650725, 125.454887691, 0.0)))",,,894785470898589696,https://twitter.com/egdsgn/status/894785470898589696,fil
lhaine1125,2017-08-08 13:00,1,4,..ung mga chismosa dyan ksa mgchismis kau mgdonate kau para sa marawi ng my maitulong nmn kau wag c maris lgi nyo tingnan mxdo kau obvious,"(['Republic of the Philippines'], Location((12.7503486, 122.7312101, 0.0)))",,,894785404674625536,https://twitter.com/lhaine1125/status/894785404674625536,fil
noelpalomo,2017-08-08 12:56,0,0,"Mga kwento ng engkwentro sa Marawi. Airport, Awang,…","(['Manila', ' Philippines'], Location((14.5906216, 120.9799696, 0.0)))",@Cotabato,,894784410041626624,https://twitter.com/noelpalomo/status/894784410041626624,fil
DZMMTeleRadyo,2017-08-08 12:53,0,1,"HeadlinePilipinas sa Misamis Oriental: Relief goods para sa mga bakwit at sundalo sa Marawi, inihatid ng Singapore Air Force","(['ABS-CBN', ' Diliman', ' Quezon City'], Location((11.5874907, 122.7520466, 0.0)))",,#,894783614973431808,https://twitter.com/DZMMTeleRadyo/status/894783614973431808,fil
sonorasurabaya,2017-08-08 12:51,0,0,11:54 BeritaSonora - Kartu Identitas Eks Polisi Ditemukan di Markas Militan Marawi. Sumber CNNIndonesia (Ell58),,@,#,894782990361821184,https://twitter.com/sonorasurabaya/status/894782990361821184,id
MyCHOSdotcom,2017-08-08 12:46,6,10,"Gerald Anderson offers AWOL to the wounded soldiers assigned in Marawi. However, wala po itong kinalaman sa nang… """,,,#,894781774731063296,https://twitter.com/MyCHOSdotcom/status/894781774731063296,fil
SUpdate02,2017-08-08 12:46,0,0,"Gempur ISIS, Amerika Siapkan Serangan Drone ke Marawi via sukabumi_update","(['Kota Sukabumi', ' Jawa Barat'], Location((-0.6187924, 100.1452945, 0.0)))",@,,894781752757047300,https://twitter.com/SUpdate02/status/894781752757047300,id
DZMMTeleRadyo,2017-08-08 12:37,0,1,"HeadlinePilipinas Big bikes, umarangkada bilang suporta sa mga sundalo sa Marawi","(['ABS-CBN', ' Diliman', ' Quezon City'], Location((11.5874907, 122.7520466, 0.0)))",,#,894779563217108993,https://twitter.com/DZMMTeleRadyo/status/894779563217108993,fil
akuratco,2017-08-08 12:35,0,0,"Jangan sampai peristiwa tragis di Marawi (Filipina) terjadi di wilayah lain, apalagi Indonesia"" ""","(['Jakarta Capital Region'], Location((-6.1753942, 106.827183, 0.0)))",,,894779177345335296,https://twitter.com/akuratco/status/894779177345335296,id
CNNIndonesia,2017-08-08 12:33,1,0,Aparat Filipina menemukan kartu identitas seorang mantan anggota kepolisian di Marawi. Selengkapnya di,,,,894778650926567425,https://twitter.com/CNNIndonesia/status/894778650926567425,id
JasonDyINTL,2017-08-08 12:33,0,0,IG | jasonjamesdy: . . Isang Awit Para Sa Marawi . . JasonDy AwitParaSaMarawi TheVoiceofRnB...,"(['Republic of the Philippines'], Location((12.7503486, 122.7312101, 0.0)))",@ @vynimalism,# # #,894778467027369984,https://twitter.com/JasonDyINTL/status/894778467027369984,fil
iamalizjq_,2017-08-08 12:32,0,0,Carmen? Gusto ko sa Marawi,"(['Pangasinan'], Location((15.916667, 120.333333, 0.0)))",,,894778339671527424,https://twitter.com/iamalizjq_/status/894778339671527424,fil
dzbb,2017-08-08 12:26,1,0,"Religious leaders sa Marawi City, hihiling kay Pang. Duterte ng Nat'l Council Convention kaugnay sa nagpapatuloy na gulo. | via Benjielite","(['Republic of the Philippines'], Location((12.7503486, 122.7312101, 0.0)))",@,,894776817596325888,https://twitter.com/dzbb/status/894776817596325888,fil
iamirafajardo,2017-08-08 12:18,0,0,"Teka hindi ako makatiyempo sa kuya ko, Katatapos lang niya mangbomba sa marawi, jusko baka bombahin din ako","(['far away'], Location((43.7503153, 6.7648103, 0.0)))",,,894774792443764736,https://twitter.com/iamirafajardo/status/894774792443764736,fil
kianaholics,2017-08-08 12:12,1,1,Kiana Valenciano | Awit Para sa Marawi. ctto.,,,,894773406264152064,https://twitter.com/kianaholics/status/894773406264152064,fil
OneMusicPH,2017-08-08 12:12,47,209,Maraming maraming salamat sa lahat ng sumuporta sa One Music Live: Awit Para Sa Marawi Benefit Concert!,,,#,894773387830083584,https://twitter.com/OneMusicPH/status/894773387830083584,fil
rilwebnews,2017-08-08 12:11,0,0,"Gempur ISIS, Amerika Siapkan Serangan Drone ke Marawi -","(['Indonesia'], Location((-4.7993356, 114.5632032, 0.0)))",,,894773101212319744,https://twitter.com/rilwebnews/status/894773101212319744,id
puisina,2017-08-08 12:07,0,0,"Gempur ISIS, Amerika Siapkan Serangan Drone ke Marawi",,,,894772031220178944,https://twitter.com/puisina/status/894772031220178944,id
KATADATAcoid,2017-08-08 12:00,0,0,Wiranto Bahas ISIS di Marawi dan Rudal Korut dengan Panglima AS,"(['Jakarta'], Location((-6.1753942, 106.827183, 0.0)))",,,894770256266375168,https://twitter.com/KATADATAcoid/status/894770256266375168,id
dzbb,2017-08-08 12:00,1,0,"Tulong ng mga bansang kasapi ng ASEAN sa mga bakwit sa Marawi City, patuloy na bumubuhos, ayon sa NDRRMC. SuperBalitaSaTanghaliNationwide","(['Republic of the Philippines'], Location((12.7503486, 122.7312101, 0.0)))",@,#,894770181402013696,https://twitter.com/dzbb/status/894770181402013696,fil
JasonDyINTL,2017-08-08 11:59,1,6,IG | jasonjamesdy: Isang Awit Para Sa Marawi Thank you onemusicph for having me. We pray for peace and the sa…,"(['Republic of the Philippines'], Location((12.7503486, 122.7312101, 0.0)))",@ @,,894770058538307587,https://twitter.com/JasonDyINTL/status/894770058538307587,fil
dyfenderose,2017-08-08 11:59,0,0,IG | jasonjamesdy: Isang Awit Para Sa Marawi Thank you onemusicph for having me. We pray…,"(['\xe2\x98\x9e sa Pus\xc2\xa0\xf0\x9f\x92\x99 m\xc2\xa0\xf0\x9f\x98\x8a'], Location((35.1800226, 128.936445054, 0.0)))",@ @,,894770030394523648,https://twitter.com/dyfenderose/status/894770030394523648,fil
RenKSaFra,2017-08-08 11:58,0,0,Tulog p yata ito. Anong live in peace s 13k ejk at hundreds deaths s marawi at buong Mindanao dhil s ML?,"(['Manila'], Location((14.5906216, 120.9799696, 0.0)))",,,894769850983120896,https://twitter.com/RenKSaFra/status/894769850983120896,fil
daybergent,2017-08-08 11:52,0,0,"malaking tanong ngayon ay kung saan aangkatin ng gob ang mga pondo sa pag-rehab ng Marawi. malamang sa malamang, sa mga imperyalistang bansa",,,,894768364433752065,https://twitter.com/daybergent/status/894768364433752065,fil
daybergent,2017-08-08 11:50,0,0,"On Marawi rehab: kung 'di binomba ng gob ang Marawi, 'di nila mapapansin ang mga pangangailangan nila. ever.",,,,894767765566783488,https://twitter.com/daybergent/status/894767765566783488,fil
missleynsr,2017-08-08 11:34,0,0,Those higads talaga be makakati. I donate ta na lang marawi.,"(['Virac', ' Bicol Region'], Location((44.0483, 2.04391, 0.0)))",,,894763806773067776,https://twitter.com/missleynsr/status/894763806773067776,fil
iamdocAR,2017-08-08 11:29,0,0,"May giyera pa rin sa marawi. Tuloy pa rin EJK: parojinog, yung pasay councillor, media Si panty(imbecile) na ayaw bigyan ng budget ang CHR",,,,894762358165323776,https://twitter.com/iamdocAR/status/894762358165323776,fil
Wilda_Abdul,2017-08-08 11:03,0,0,"MARAWI EVACUEES, NAGUGUTOM, SICK! YUNG MGA SUNDALO LIBRE PAHONGKONG MAY GIVEAWAY PANG CHICKS. SAGAD SA BUTO ANG SAMA MO DUTERTE!",,,,894755858755706880,https://twitter.com/Wilda_Abdul/status/894755858755706880,fil
mindanao_daily,2017-08-08 10:41,0,0,Mindanao solons back budget for Marawi rehab -,"(['Cagayan de Oro City'], Location((8.42980265, 124.682410212, 0.0)))",,,894750296827613192,https://twitter.com/mindanao_daily/status/894750296827613192,fil
efrenmd,2017-08-08 10:30,0,0,"MyAug2017Post Sabi ni Gascon, di daw sila Partisan, bakit wala silang ginawa against the Parojinogs sa Marawi? Kasi, mapapamasama ang Dilaw","(['Augustine Grove', ' Dasmarinas'], Location((14.3177205, 120.9456309, 0.0)))",,#,894747552301498370,https://twitter.com/efrenmd/status/894747552301498370,fil
sonorasurabaya,2017-08-08 10:22,0,0,09:26 BeritaSonora - Sekolah Islam di Filipina Dihantam Mortir dari Marawi. Sumber CNNIndonesia (Ell11),,@,#,894745712625278978,https://twitter.com/sonorasurabaya/status/894745712625278978,id
sabaleh_11,2017-08-08 10:19,0,1,"Marawi Kian Bergolak, Duterte Tambah 20 ribu Tentara | IDN Times",,,,894744898162671616,https://twitter.com/sabaleh_11/status/894744898162671616,ms
rickrick888,2017-08-08 10:09,0,0,"Ligaw na bombang tumama malapit sa Marawi, sinisiyasat | NewsroomNgayon live — CNN Philippines (cnnphilippines) …",,,#,894742310944034816,https://twitter.com/rickrick888/status/894742310944034816,fil
cnnphilippines,2017-08-08 10:05,1,0,"Ligaw na bombang tumama malapit sa Marawi, sinisiyasat | NewsroomNgayon live",,,#,894741263949234176,https://twitter.com/cnnphilippines/status/894741263949234176,fil
dwiz882,2017-08-08 10:05,0,0,"Singapore, nagbigay ng tatlong milyong pisong halaga ng relief goods sa mga bakwit mula Marawi City | via JonathanAndal_","(['Pasig City', ' Philippines'], Location((9.7771753, 125.4915723, 0.0)))",@,,894741250552643584,https://twitter.com/dwiz882/status/894741250552643584,fil
berbagiberita,2017-08-08 10:04,0,0,"TEKAN ISIS, MILITER FILIPINA BOM MARKAS MILITAN DI MARAWI",,,,894741053726654470,https://twitter.com/berbagiberita/status/894741053726654470,id
Econjsc,2017-08-08 10:01,0,0,Mỹ hỗ trợ Philippines chống khủng bố tại Marawi,,,,894740280829775872,https://twitter.com/Econjsc/status/894740280829775872,vi
citheak,2017-08-08 9:59,0,0,"The last time update for our house in Marawi is in secure, hindi nabuksan, walang nawala. But now! Sodn so Allah...",,,,894739874338689024,https://twitter.com/citheak/status/894739874338689024,fil
climaxph,2017-08-08 9:56,0,1,MusiKARAMAY para sa MARAWI!!,,,,894739021955452930,https://twitter.com/climaxph/status/894739021955452930,fil
330Ayu,2017-08-08 9:49,0,0,Sekolah Islam di Filipina Dihantam Mortir dari Marawi,,,,894737413112770560,https://twitter.com/330Ayu/status/894737413112770560,id
NadhifaFajra,2017-08-08 9:49,0,0,Sekolah Islam di Filipina Dihantam Mortir dari Marawi 2,,,,894737397010886657,https://twitter.com/NadhifaFajra/status/894737397010886657,id
journalero,2017-08-08 9:40,0,0,El Pentágono está considerando realizar ataques aéreos contra el EstadoIslámico en Filipinas que se ha instalado en la ciudad de Marawi,"(['M\xc3\xa9xico'], Location((19.4326009, -99.1333416, 0.0)))",,# # #,894735027765772289,https://twitter.com/journalero/status/894735027765772289,es
Politiko_Ph,2017-08-08 9:36,2,0,Walang takot! Duterte sees battle zone up close in 2nd Marawi visi,,,,894733905525301249,https://twitter.com/Politiko_Ph/status/894733905525301249,fil
radyopilipinas1,2017-08-08 9:20,0,1,"BALITA: Mga ulama sa Marawi, nanawagan sa Pangulo na magpatawag ng National Ulama Council Convention","(['Quezon City', ' Philippines'], Location((14.6509905, 121.0486155, 0.0)))",,,894729927475449858,https://twitter.com/radyopilipinas1/status/894729927475449858,fil
NewsRmn,2017-08-08 9:16,0,0,"Singapore, nagbigay ng tulong sa biktima ng gyera sa Marawi City via rmnnetworks","(['Republic of the Philippines'], Location((12.7503486, 122.7312101, 0.0)))",@,,894729030418653188,https://twitter.com/NewsRmn/status/894729030418653188,fil
rmnnetworks,2017-08-08 9:15,0,0,"LATESTNEWS Singapore, nagbigay ng tulong sa biktima ng gyera sa Marawi City",,,#,894728693674778624,https://twitter.com/rmnnetworks/status/894728693674778624,fil
radyopilipinas1,2017-08-08 9:12,0,0,"BALITA: Recovery, reconstruction at rehabilitation ng Marawi City, pinag-usapan kagabi sa ika-labing pitong pulong ng Gabinete","(['Quezon City', ' Philippines'], Location((14.6509905, 121.0486155, 0.0)))",,,894727906856812545,https://twitter.com/radyopilipinas1/status/894727906856812545,fil
SaMataNgMasa,2017-08-08 9:00,0,0,Pangungunahan ng Armed Forces of the Philippines ang rehabilitasyon sa Marawi City sa oras na matapos ang...,,,,894725047348113409,https://twitter.com/SaMataNgMasa/status/894725047348113409,fil
radioboosfm,2017-08-08 8:52,0,0,MENTARI w/ DIAN SAVITRI diansafows Duterte Minta Tambahan 20 Ribu Tentara di Marawi,,@,#,894723006479572993,https://twitter.com/radioboosfm/status/894723006479572993,id
Ilokosboy,2017-08-08 8:52,0,0,"Laki ng eyebag,as in di na makatulog, di pa siguro makakain, tinuturorot pa, bigti ka na lang bro pera mo donate bangon marawi","(['California', ' USA'], Location((36.7014631, -118.7559974, 0.0)))",,,894722960056909824,https://twitter.com/Ilokosboy/status/894722960056909824,fil
radyopilipinas1,2017-08-08 8:40,0,0,"ASEAN2017 UPDATE: Singapore, handa na magpadala ng mas maraming relief goods sa Marawi bilang suporta sa kapwa ASEAN member","(['Quezon City', ' Philippines'], Location((14.6509905, 121.0486155, 0.0)))",,#,894720003248869376,https://twitter.com/radyopilipinas1/status/894720003248869376,fil
jdthots,2017-08-08 8:40,0,0,Si kuya ppunta naring Marawi.,,,,894720002678374400,https://twitter.com/jdthots/status/894720002678374400,fil
dzbb,2017-08-08 8:39,3,5,"Tulong ng mga bansang kasapi ng ASEAN para sa mga bakwit mula sa Marawi City, patuloy na bumubuhos, ayon sa NDRRMC. | via c","(['Republic of the Philippines'], Location((12.7503486, 122.7312101, 0.0)))",@ @,,894719665758289920,https://twitter.com/dzbb/status/894719665758289920,fil
dzbb,2017-08-08 8:35,4,9,"Militar, pinayagan na ang Mindanao State University sa Marawi City na makapagbukas ng klase. | via","(['Republic of the Philippines'], Location((12.7503486, 122.7312101, 0.0)))",@,,894718650405404673,https://twitter.com/dzbb/status/894718650405404673,fil
smninewschannel,2017-08-08 8:32,0,0,P10-b piso inilaan ng pamahalaan para sa rehabilitasyon ng Marawi sa taong 2018 UsapingBayan smninewschannel,"(['ACQ Tower', ' Makati City'], Location((14.5608377, 121.042507237, 0.0)))",,# #,894718040318726145,https://twitter.com/smninewschannel/status/894718040318726145,fil
ciirrll,2017-08-08 8:22,0,0,"pag logbook namo, pina ana daun c sir na sa marawi dw me i.assign. way problema uy! bsta daku lng ug hazzard pay. kanang ika x5 sa ilaha.","(['City of Tagum', ' Davao Region'], Location((7.4468904, 125.8095771, 0.0)))",,,894715521702125568,https://twitter.com/ciirrll/status/894715521702125568,fil
BBPrincess_7,2017-08-08 8:19,0,0,Wala kaming Paki kung Gangster ka don ka sa Marawi magyabang ;) .!.,,,,8.94715E+17,https://twitter.com/BBPrincess_7/status/894714642047488000,fil
pasko2017,2017-08-08 8:05,0,1,Kung sa marawi ay may mga soldier napapatay ng friendly fire. Wala ka pakialam sa mga inosenteng tatamaan ng aerial bombing?,"(['Queens Village', ' Queens'], Location((40.7267692, -73.7415208, 0.0)))",,,894711053891899392,https://twitter.com/pasko2017/status/894711053891899392,fil
dzrhnews,2017-08-08 7:58,0,1,"Krisis sa Marawi City, sinisikap na linggo na lang ang bibilangin at matatapos na! - AFP. PangunahingBalita","(['Manila', ' Philippines'], Location((14.5906216, 120.9799696, 0.0)))",,#,894709335678361600,https://twitter.com/dzrhnews/status/894709335678361600,fil
Liezel2014,2017-08-08 7:55,0,1,XianInOneMusic For Awit sa Marawi - Part3,"(['Quezon City'], Location((14.6509905, 121.0486155, 0.0)))",,,894708630959685633,https://twitter.com/Liezel2014/status/894708630959685633,fil
FrankOpinion65,2017-08-08 7:50,0,0,"Oh, this Alvarez, puro lang panakot. Punta ka nga sa Marawi, isama mo si Farinas.",,,,894707461914935296,https://twitter.com/FrankOpinion65/status/894707461914935296,fil
TiMoJeNsAcAr,2017-08-08 7:50,0,0,I miss Marawi... :( InshaAllah Babangon tayo! BangonMarawi,"(['Manila', ' Philippines'], Location((14.5906216, 120.9799696, 0.0)))",,#,894707453224509440,https://twitter.com/TiMoJeNsAcAr/status/894707453224509440,fil
cheeseopinions,2017-08-08 7:07,0,1,"Maka-react naman sa divorce nina Anna Faris at Chris Pratt, wagas. Pero sa araw-araw na patayan at sa isyu sa Marawi, kebs. priorities","(['Hanseatic League'], Location((54.07475825, 10.777698213, 0.0)))",,#,894696413371801600,https://twitter.com/cheeseopinions/status/894696413371801600,fil
anzures_jhemar,2017-08-08 7:06,0,0,NANG AKO'Y MAKARATING SA MARAWI... TANGING BENTE PESOS NA LANG ANG NALALABI KONG PERA.. KAYA HUMINGI AKO NG...,"(['Lemery', ' Calabarzon'], Location((13.8837282, 120.91329, 0.0)))",,,894696325349908480,https://twitter.com/anzures_jhemar/status/894696325349908480,fil
hearditright,2017-08-08 6:57,0,0,"Ang alam ko wala pera, ang pera pinambili ng side arms ng army at bala for Marawi","(['Dasmarinas', ' Calabarzon'], Location((14.6455597, 120.9995684, 0.0)))",,,894694028582633477,https://twitter.com/hearditright/status/894694028582633477,fil
PIA_LanaoNorte,2017-08-08 6:57,0,0,PIA | Bangon Marawi forum held,,,,894694028100456448,https://twitter.com/PIA_LanaoNorte/status/894694028100456448,fil
nelsoncatubig,2017-08-08 6:39,0,0,"dzbb baka gusto ng taga ozamiz na matulad sila sa marawi. taga ozamiz ako piro ngayon nasa dipolog na, mga sira ulo mga tao dyan.",,@,,894689576857489408,https://twitter.com/nelsoncatubig/status/894689576857489408,fil
PinoyTambayanan,2017-08-08 6:29,0,0,US aircraft to help Philippines fight pro-ISIS militants in Marawi pinoy tambayan,"(['Philippines'], Location((12.7503486, 122.7312101, 0.0)))",,# # #,894686964628279297,https://twitter.com/PinoyTambayanan/status/894686964628279297,fil
MaksymGdanski,2017-08-08 6:24,0,0,Filipiny Duterte do żołnierzy w Marawi Nagrodą dla was będą opłacone wakacje w Hong Kongu,"(['Polska'], Location((52.0977181, 19.0258159, 0.0)))",,,# #,8.94686E+17,pl
giuliapompili,2017-08-08 6:18,1,1,Gli Stati Uniti stanno considerando l'ipotesi di bombardare le postazioni Isis nelle Filippine Marawi,,,#,894684096235962368,https://twitter.com/giuliapompili/status/894684096235962368,it
yawmiyetna_fans,2017-08-08 6:02,0,1,Amar09825092 SarahAljasser_ elias_ghosson marawi_bayan CarolishQuee ragoodrm shoushou99_ xpurity7 Sulima185,"(['Lebanon'], Location((40.3429683, -76.4233816, 0.0)))",@ @ @ @ @ @ @ @Mjreema5 @,,894680222825680896,https://twitter.com/yawmiyetna_fans/status/894680222825680896,so
belinamorales_,2017-08-08 5:50,0,0,sayo na yang seatmate mo!! gg to bibigay mo pa sa marawi yan HAHAHAHAHAHHAHA,,,,894677170580094976,https://twitter.com/belinamorales_/status/894677170580094976,fil
dzIQ990,2017-08-08 5:50,0,0,"Singapore, nagpaabot ng tulong sa mga residente apektado ng giyera sa Marawi | chonayu1","(['Makati City'], Location((14.5591272, 121.0202094, 0.0)))",@,,894677089638469632,https://twitter.com/dzIQ990/status/894677089638469632,fil
noturkit,2017-08-08 5:42,0,0,Sarap ipatapon sa marawi,,,,894675034941276160,https://twitter.com/noturkit/status/894675034941276160,fil
dzbb,2017-08-08 5:39,0,0,"Naaagnas na bangkay, nakuha sa loob ng warzone sa lungsod ng Marawi. | via Benjielite","(['Republic of the Philippines'], Location((12.7503486, 122.7312101, 0.0)))",@,,894674333984899072,https://twitter.com/dzbb/status/894674333984899072,fil
dzrhnews,2017-08-08 5:37,0,0,"KaHenryDZRH: Itong nangyayari sa Marawi, maituturing ba ng AFP na malaking dagok itong nangyayari sa Marawi? Padilla: Hindi naman.","(['Manila', ' Philippines'], Location((14.5906216, 120.9799696, 0.0)))",@,,894673755187761152,https://twitter.com/dzrhnews/status/894673755187761152,fil
jovs_esmilla,2017-08-08 5:31,1,1,bakit nd sa marawi tutal sabi ubusin db? para maubos na mga maute,"(['Toulouse', ' France'], Location((43.6044622, 1.4442469, 0.0)))",,,894672392542400512,https://twitter.com/jovs_esmilla/status/894672392542400512,fil
alukun58,2017-08-08 5:06,0,0,Malamig n morning MARAWI,"(['luzviminda'], Location((14.7066623, 121.0464137, 0.0)))",,,894666009449070592,https://twitter.com/alukun58/status/894666009449070592,fil
bajuke27,2017-08-08 4:49,1,4,sa Marawi bakit d sya ma assign? d na sana namatay ang 101 na sundalo!,"(['San francisco', ' California', ' usa'], Location((8.444585, 125.951249185, 0.0)))",,,894661773344636928,https://twitter.com/bajuke27/status/894661773344636928,fil
rilwebnews,2017-08-08 4:09,0,0,Duterte Minta Tambahan 20 Ribu Tentara di Marawi - 8,"(['Indonesia'], Location((-4.7993356, 114.5632032, 0.0)))",,,894651621598052352,https://twitter.com/rilwebnews/status/894651621598052352,ms
Arius91330054,2017-08-08 3:32,0,0,Btulkh dia ingin mmbnuh umat islam sprti isis di irak marawi??,,,,894642500303896577,https://twitter.com/Arius91330054/status/894642500303896577,id
BabyDpringot,2017-08-08 3:23,0,0,d ah ipadala ta na sa marawi hihi MORPinoyBiga10 KULAY by Young JV mor1019,"(['Republic of the Philippines'], Location((12.7503486, 122.7312101, 0.0)))",@,#,8.9464E+17,https://twitter.com/BabyDpringot/status/894640140697600000,fil
Hind31y,2017-08-08 2:59,4,6,غبت شهرين و إلا غبت عشرين عام يكفي أبتليت في حبك بلاءً جميل marawi_q8picd,,@,,894634164229742592,https://twitter.com/Hind31y/status/894634164229742592,ar
Nejiliciousss,2017-08-08 2:54,0,1,Punta ka marawi boi,,,,894632804226551808,https://twitter.com/Nejiliciousss/status/894632804226551808,fil
bdsaguing,2017-08-08 2:37,0,0,Singapore for Marawi bakwits via mindanews2010,"(['Rome', ' Italy'], Location((34.257038, -85.1646726, 0.0)))",@,,894628638259326976,https://twitter.com/bdsaguing/status/894628638259326976,ceb
pilipinasvirals,2017-08-08 2:30,0,0,KAPAPASOK NA BALITA NGAYONG UMAGA | MARAWI LATEST NEWS | DUTERTE UPDATE: via YouTube,,@,,894626821744070656,https://twitter.com/pilipinasvirals/status/894626821744070656,fil
mediaintelijen,2017-08-08 2:24,0,0,Indonesia – AS Sepakat Kerjasama Antisipasi Konflik Marawi,"(['Jakarta', ' Indonesia'], Location((-6.1753942, 106.827183, 0.0)))",,,894625203598139393,https://twitter.com/mediaintelijen/status/894625203598139393,id
egdsgn,2017-08-08 1:58,0,0,"Mga kaso ng pulis na sumapi umano sa mga terorista sa Marawi, tinututukan","(['Davao City', ' Davao Region'], Location((7.22650725, 125.454887691, 0.0)))",,,894618666872049665,https://twitter.com/egdsgn/status/894618666872049665,fil
mindanews2010,2017-08-08 1:52,1,1,Singapore for Marawi bakwits,,,,894617303265927169,https://twitter.com/mindanews2010/status/894617303265927169,ceb
talagtagvhal,2017-08-08 1:39,0,0,Marnigo team full support ntin MissMarisRacal ImPascualInigo wag n patulan Ang mga negative just always happy pra s marawi xmple lng yn,"(['Sharjah', ' United Arab Emirates'], Location((25.21700105, 51.4756841931, 0.0)))",@ @,,894613961370480640,https://twitter.com/talagtagvhal/status/894613961370480640,fil
emediamo,2017-08-08 1:12,0,0,YA CONFIRMA EL ARMED FORCES OF THE PHILIPPINES QUE PRESENTE PA NA MARAWI CITY EL MAN HERMANO LIDER DEL MAUTE COMO...,"(['RBB Building', ' Villa Teresa', ' ZC'], Location((52.342398, 14.5520171, 0.0)))",,,894607111732199426,https://twitter.com/emediamo/status/894607111732199426,es
puisina,2017-08-08 0:51,0,0,Duterte Minta Tambahan 20 Ribu Tentara di Marawi,,,,894602003732717568,https://twitter.com/puisina/status/894602003732717568,ms
itsmeapriljoy_,2017-08-08 0:35,0,0,patapon na ba natin sa marawi kalma lang ate masisira beauty mo nyan,"(['Cainta', ' Rizal'], Location((14.5925129, 121.123530488, 0.0)))",,,894597888138821633,https://twitter.com/itsmeapriljoy_/status/894597888138821633,fil
kulin_perez,2017-08-08 0:20,0,0,marawi kasi,,,,894594124505939968,https://twitter.com/kulin_perez/status/894594124505939968,fil
dwiz882,2017-08-08 0:18,0,0,Mga sundalo dismayado sa hindi pagpapadala ng dagdag puwersa sa Marawi -,"(['Pasig City', ' Philippines'], Location((9.7771753, 125.4915723, 0.0)))",,,894593662339866624,https://twitter.com/dwiz882/status/894593662339866624,fil
atonibaicebu,2017-08-08 0:08,0,0,Shocks! Grabe mga Pagsabog na nakuhanan ng Video sa Marawi.. Patuloy parin gumaganti ng Pag bomba ang mag...,"(['Cebu City', ' Central Visayas'], Location((10.3090298, 123.8930839, 0.0)))",,,894591195514634242,https://twitter.com/atonibaicebu/status/894591195514634242,fil
tintinjoooy,2017-08-08 0:07,0,0,sakit katawan ko para ako sumugod sa marawi hirap kasama mga hyper hahahahahha,"(['Jaehwan \xe2\x99\xa1'], Location((14.647353, 44.008741, 0.0)))",,,894590798003486720,https://twitter.com/tintinjoooy/status/894590798003486720,fil
PinoyTeleserye1,2017-08-08 0:06,0,0,"Watch: BP: Gobyerno, may inilaan na P5-B budget para sa rehabilitasyon ng Marawi",,,,894590578419130368,https://twitter.com/PinoyTeleserye1/status/894590578419130368,fil
andri000me_14,2017-08-08 0:05,53,0,"RT Metro_TV [Popular] Militer Filipina Jatuhkan Bom di Dua Desa dekat Marawi """"",,,,894590407971155968,https://twitter.com/andri000me_14/status/894590407971155968,id
Metro_TV,2017-08-08 0:01,2,5,[Popular] Militer Filipina Jatuhkan Bom di Dua Desa dekat Marawi,"(['\xc3\x9cT:-6.186977', ' 106.759125'], Location((52.226391, 31.382824, 0.0)))",,,894589289685712897,https://twitter.com/Metro_TV/status/894589289685712897,id
