LOCALNEWSNgayon,2017-07-14 23:55,0,0,bodies recovered from marawi to be identified using dna  read via gma news,"(['Philippines'], Location((12.7503486, 122.7312101, 0.0)))",,,885890437931835392,https://twitter.com/LOCALNEWSNgayon/status/885890437931835392,en
cnnphilippines,2017-07-14 23:51,6,6,duterte acknowledges help from us china in marawi siege,,,,885889489033322496,https://twitter.com/cnnphilippines/status/885889489033322496,en
jdesignz,2017-07-14 23:51,0,0,bodies recovered in marawi to be identified using dna,,,,885889392086319104,https://twitter.com/jdesignz/status/885889392086319104,en
javees_journey,2017-07-14 23:45,0,0,the province of lanao del sur location mindanao state university  main campus marawi city,,,,885888038240485378,https://twitter.com/javees_journey/status/885888038240485378,en
ricaflorabelxx,2017-07-14 23:43,0,0,various things happened in the ph and some are still happening like war in marawi anuena pilipinas humihinga pa ba you,"(['Cabadbaran City'], Location((9.1181922, 125.5373069, 0.0)))",,,885887597695844352,https://twitter.com/ricaflorabelxx/status/885887597695844352,en
DefenceNews_SDI,2017-07-14 23:35,0,1,fa50 jets pulled out of combat in marawi defence jets,"(['London', ' UK'], Location((51.5073219, -0.1276474, 0.0)))",,# #,885885395631824896,https://twitter.com/DefenceNews_SDI/status/885885395631824896,en
MeviBoard,2017-07-14 23:35,0,1,mindanao state university main campus marawi is now back online,"(['United States'], Location((39.7837304, -100.4458825, 0.0)))",,,885885355488104448,https://twitter.com/MeviBoard/status/885885355488104448,en
inquirer_libre,2017-07-14 23:25,0,0,noted architect offers help in reconstruction of marawi,"(['Philippines'], Location((12.7503486, 122.7312101, 0.0)))",,,885883046188249088,https://twitter.com/inquirer_libre/status/885883046188249088,en
zyiteblog,2017-07-14 23:16,0,0,duterte welcomes us china help vs militants in marawi  davao city  president duterte has recognized ri,,,,885880614204952576,https://twitter.com/zyiteblog/status/885880614204952576,en
projectak47,2017-07-14 23:15,2,2,childsoldiers are being exploited right now in the philippines glimpse into one childs experience in marawi,"(['US', ' Philippines', ' Burma', ' Mexico'], Location((39.7837304, -100.4458825, 0.0)))",,#,885880400249184259,https://twitter.com/projectak47/status/885880400249184259,en
meu11,2017-07-14 23:13,0,1,rebellion raps filed against more than 50 people in marawi via gmanews,"(['philippines'], Location((12.7503486, 122.7312101, 0.0)))",@,,885879870227492864,https://twitter.com/meu11/status/885879870227492864,en
RVonqh,2017-07-14 23:07,0,0,letters for marawi people,"(['City of Mati', ' Davao Region'], Location((6.9614917, 126.2147922, 0.0)))",,,885878328384569345,https://twitter.com/RVonqh/status/885878328384569345,en
benji0ben,2017-07-14 22:57,0,0,muslim good samaritans in wartorn marawi  via catholicstand,"(['Manila'], Location((14.5906216, 120.9799696, 0.0)))",@,,885875976273448960,https://twitter.com/benji0ben/status/885875976273448960,en
PHLNewsOnline,2017-07-14 22:53,0,0,gma news duterte doffs hat to us china for aid in marawi siege,"(['Philippines'], Location((12.7503486, 122.7312101, 0.0)))",,,885874863394754560,https://twitter.com/PHLNewsOnline/status/885874863394754560,en
gmanews,2017-07-14 22:53,2,11,duterte doffs hat to us china for aid in marawi siege,"(['Philippines'], Location((12.7503486, 122.7312101, 0.0)))",,,885874778195623937,https://twitter.com/gmanews/status/885874778195623937,en
mokadan_hiroto,2017-07-14 22:50,0,0,army rehabilitation unit arrives in marawi,,,,885874031416664064,https://twitter.com/mokadan_hiroto/status/885874031416664064,en
drjhavn1,2017-07-14 22:49,0,0,remember marawi in philippines govt of jk and indian home ministry shd be aware of possible catastrophe,,,,885873863225098240,https://twitter.com/drjhavn1/status/885873863225098240,en
i3ryok,2017-07-14 22:47,0,0,military uncertain about liberating marawi before sona 2017  news5 ,,,,885873287128952832,https://twitter.com/i3ryok/status/885873287128952832,en
PHLNewsOnline,2017-07-14 22:46,3,0,news5 military uncertain about liberating marawi before sona 2017,"(['Philippines'], Location((12.7503486, 122.7312101, 0.0)))",,,885873217054887937,https://twitter.com/PHLNewsOnline/status/885873217054887937,en
DavaoGuide,2017-07-14 22:45,0,0,business missions to promote investment opportunities in mindanao amid marawi crisis ,,,#Davao #Tourism #Travel,885872918193872896,https://twitter.com/DavaoGuide/status/885872918193872896,en
AksyonTV,2017-07-14 22:45,0,0,military uncertain about liberating marawi before sona 2017  breakingnews,"(['TV5', ' Philippines'], Location((47.8967217, 106.887564062, 0.0)))",,# # #,885872864360108034,https://twitter.com/AksyonTV/status/885872864360108034,en
ConceptGrp,2017-07-14 22:43,0,0,us analysts time not on afps side in marawi,,,,885872359134986240,https://twitter.com/ConceptGrp/status/885872359134986240,en
acpadilla82,2017-07-14 22:42,0,0,us analysts time not on afps side in marawi philippinestarphilippinestar ,"(['1 Commonwealth Ln', ' Singapore 149544'], Location((1.3047676, 103.7962879, 0.0)))",,,885872158509060096,https://twitter.com/acpadilla82/status/885872158509060096,en
archaicbro,2017-07-14 22:39,0,0,remember the 2 cops caught beating 2 handcuffed suspects with heavy wooden sticks they were deployed to marawi for punishment ugh,,,,885871434664366080,https://twitter.com/archaicbro/status/885871434664366080,en
cnnphilippines,2017-07-14 22:37,8,11,govt prepares to rebuild marawi,,,,885870943561596931,https://twitter.com/cnnphilippines/status/885870943561596931,en
IndianDefenceRA,2017-07-14 22:34,2,5,india has provided philippines with 500 us  of financial assistance for relief and rehabilitation efforts in marawi,"(['New Delhi'], Location((28.6141793, 77.2022662, 0.0)))",,,885870130357522433,https://twitter.com/IndianDefenceRA/status/885870130357522433,en
pektusinmo,2017-07-14 22:28,0,0,marawi  maute if you know what i mean peacetopeopleonearth,"(['Pilipinas'], Location((12.7503486, 122.7312101, 0.0)))",,#,885868688083234817,https://twitter.com/pektusinmo/status/885868688083234817,en
dzrhdagupan,2017-07-14 22:27,0,0,afp admits marawi crisis will not end before prez dutertes 2nd sona,,,,885868386495987713,https://twitter.com/dzrhdagupan/status/885868386495987713,en
nednared,2017-07-14 22:20,0,0,but you are correct had the police operation not provoked the clashes in marawi the uprising would have been more widespread,,,,885866520433147904,https://twitter.com/nednared/status/885866520433147904,en
inquirer_libre,2017-07-14 22:18,1,0,duterte welcomes us china help vs militants in marawi,"(['Philippines'], Location((12.7503486, 122.7312101, 0.0)))",,,885866148960620544,https://twitter.com/inquirer_libre/status/885866148960620544,en
philmonitor,2017-07-14 22:17,0,0,800 diapers distributed to marawi mothers  via philmonitor,"(['Republic of the Philippines'], Location((12.7503486, 122.7312101, 0.0)))",@,,885865966931935232,https://twitter.com/philmonitor/status/885865966931935232,en
amaziingjulia,2017-07-14 22:11,1,4,making jokes abt jake zyrus and the situation in marawi doesnt make you funny ,,,,885864219522068484,https://twitter.com/amaziingjulia/status/885864219522068484,en
LOCALNEWSNgayon,2017-07-14 22:10,0,0,duterte doffs hat to us china for aid in marawi siege  read via gma news,"(['Philippines'], Location((12.7503486, 122.7312101, 0.0)))",,,885864067310772224,https://twitter.com/LOCALNEWSNgayon/status/885864067310772224,en
PHLNewsOnline,2017-07-14 22:08,2,2,news5 watch  marawi crisis soldiers pledge to finish the job liberate marawi,"(['Philippines'], Location((12.7503486, 122.7312101, 0.0)))",,,885863525012426755,https://twitter.com/PHLNewsOnline/status/885863525012426755,en
gmanews,2017-07-14 22:08,6,15,rebellion raps filed against more than 50 people in marawi u,"(['Philippines'], Location((12.7503486, 122.7312101, 0.0)))",,,885863457282822144,https://twitter.com/gmanews/status/885863457282822144,en
AksyonTV,2017-07-14 22:06,0,0,watch  marawi crisis soldiers pledge to finish the job liberate marawi ,"(['TV5', ' Philippines'], Location((47.8967217, 106.887564062, 0.0)))",,#,885863180353888256,https://twitter.com/AksyonTV/status/885863180353888256,en
Dutertenomics,2017-07-14 22:00,0,0,it is already in marawi,,,,885861449935015940,https://twitter.com/Dutertenomics/status/885861449935015940,en
bieberxmccan,2017-07-14 21:55,0,0,terrorism in marawi is still going on sad truth,,,,885860427141267458,https://twitter.com/bieberxmccan/status/885860427141267458,en
JohnLester,2017-07-14 21:55,0,1,stray bullet claims third victim in marawi capitol compound  inquirer news,,,,885860397831659521,https://twitter.com/JohnLester/status/885860397831659521,en
JohnLester,2017-07-14 21:54,0,0,duterte welcomes us china help vs militants in marawi  inquirer news,,,,885860141702275072,https://twitter.com/JohnLester/status/885860141702275072,en
Politiko_Ph,2017-07-14 21:52,1,1,vp robredo says daughter tricia eager to visit marawi families again,,,,885859618131288065,https://twitter.com/Politiko_Ph/status/885859618131288065,en
JohnLester,2017-07-14 21:48,0,0,afp marawi crisis wont end before dutertes sona  sunstar,,,,885858546499424256,https://twitter.com/JohnLester/status/885858546499424256,en
MindanaoExamine,2017-07-14 21:48,0,0,800 diapers distributed to marawi mothers,"(['Southern Philippines'], Location((17.4097041, 121.4382768, 0.0)))",,,885858444162473984,https://twitter.com/MindanaoExamine/status/885858444162473984,en
updatesmindanao,2017-07-14 21:46,0,0,diaper donation drive for marawi babies continue,,,,885857971506339840,https://twitter.com/updatesmindanao/status/885857971506339840,en
Ivan226622,2017-07-14 21:42,0,0,flash duterte welcomes us china help vs militants in marawi davao city  president,,,,885857114073309184,https://twitter.com/Ivan226622/status/885857114073309184,en
iyalicioussss,2017-07-14 21:41,16,39,cant help but to share this kudos to gumabaomichele such a brave lady with a big heart pray for marawi 1c1,,@,# #,885856810980171778,https://twitter.com/iyalicioussss/status/885856810980171778,en
Politiko_Ph,2017-07-14 21:40,2,2,duterte apologizes for late visit to leyte quake victims mas importante ang marawi,,,,885856408251408384,https://twitter.com/Politiko_Ph/status/885856408251408384,en
salwawee,2017-07-14 21:37,0,10,met up with some hs friends tonight huhuu marawi,"(['PH'], Location((12.44249325, 122.160395164, 0.0)))",,,885855660818128896,https://twitter.com/salwawee/status/885855660818128896,en
chinogaston,2017-07-14 21:33,12,22,latest marawi pictures from civilians purportedly show damaged mosque near pilot elementary school 8,"(['Philippines'], Location((12.7503486, 122.7312101, 0.0)))",,,885854685478789120,https://twitter.com/chinogaston/status/885854685478789120,en
diwaenergy,2017-07-14 21:29,0,0,80 soldiers and police have died in marawi file charges against du30 as well,,,,885853756004343811,https://twitter.com/diwaenergy/status/885853756004343811,en
aleuhnuhh,2017-07-14 21:28,2,6,ms kalaw shared to us the experiences of the people in marawi the maralita particularly that arent getting medias attention,"(['C-137'], Location((49.0925386, -0.6675492, 0.0)))",,,885853570435760134,https://twitter.com/aleuhnuhh/status/885853570435760134,en
nhowellzki,2017-07-14 21:26,0,0,untvnewsrescue rt government allocates p10b pesos for marawi rehabilitation watch ,"(['Ontario', ' Canada'], Location((50.000678, -86.000977, 0.0)))",,,885853039780868098,https://twitter.com/nhowellzki/status/885853039780868098,en
jdesignz,2017-07-14 21:26,0,0,rebellion raps filed against more than 50 people in marawi,,,,885853001658900481,https://twitter.com/jdesignz/status/885853001658900481,en
nolybig,2017-07-14 21:26,0,0,untvnewsrescue rt government allocates p10b pesos for marawi rehabilitation watch,,,,885852918670401541,https://twitter.com/nolybig/status/885852918670401541,en
SisJeni,2017-07-14 21:25,0,0,untvnewsrescue government allocates p10b pesos for marawi rehabilitation watch,"(['Ontario', ' Canada'], Location((50.000678, -86.000977, 0.0)))",,,885852744891981824,https://twitter.com/SisJeni/status/885852744891981824,en
LOCALNEWSNgayon,2017-07-14 21:25,0,0,rebellion raps filed against more than 50 people in marawi  read via gma news,"(['Philippines'], Location((12.7503486, 122.7312101, 0.0)))",,,885852703397732352,https://twitter.com/LOCALNEWSNgayon/status/885852703397732352,en
rapplerdotcom,2017-07-14 21:23,5,3,dbm to release p5 billion for marawi rehab in 2017 full story,"(['Philippines'], Location((12.7503486, 122.7312101, 0.0)))",,,885852165612257281,https://twitter.com/rapplerdotcom/status/885852165612257281,en
UNTVNewsRescue,2017-07-14 21:22,1,2,government allocates p10b pesos for marawi rehabilitation watch du,"(['Quezon City', ' Philippines'], Location((14.6509905, 121.0486155, 0.0)))",,,885852123824402433,https://twitter.com/UNTVNewsRescue/status/885852123824402433,en
Zarathoustra96,2017-07-14 21:21,0,0,meanwhile in marawi  philippines,"(['Where I am'], Location((6.0566231, -10.0032896, 0.0)))",,# #,885851637885132801,https://twitter.com/Zarathoustra96/status/885851637885132801,en
neutral_sjr,2017-07-14 21:18,1,1,what about the 90 soldiers who currently died in marawi who is liable,"(['Singapore'], Location((1.2904753, 103.8520359, 0.0)))",,,885850976950771714,https://twitter.com/neutral_sjr/status/885850976950771714,en
cnnphilippines,2017-07-14 21:17,0,2,duterte i will go to marawi to visit soldiers  newsroom live,,,,885850839113359361,https://twitter.com/cnnphilippines/status/885850839113359361,en
cnnphilippines,2017-07-14 21:15,1,2,insidemarawi at least 33 marawi evacuees dead as health concerns rise  newsroom live,,,#,885850259452084225,https://twitter.com/cnnphilippines/status/885850259452084225,en
PanahonNgayon,2017-07-14 21:08,0,0,anc  herneltocmo duterte says he needs to go to marawi to talk to the soldiers maybe in a few days says bad wea,"(['Philippines'], Location((12.7503486, 122.7312101, 0.0)))",,,885848451086516225,https://twitter.com/PanahonNgayon/status/885848451086516225,en
inquirerdotnet,2017-07-14 21:05,3,0,stray bullet claims third victim in marawi capitol compound,"(['Makati City'], Location((14.5591272, 121.0202094, 0.0)))",,,885847708073938945,https://twitter.com/inquirerdotnet/status/885847708073938945,en
ianvillafuerte,2017-07-14 21:03,0,0,reading up on the ruling on the martial law implementation in marawi and i cant help but feel that somethings really wrong,,,,885847236659118080,https://twitter.com/ianvillafuerte/status/885847236659118080,en
nerowattz,2017-07-14 20:56,0,0,duterte welcomes us china help vs militants in marawi inquirermobilehttp,"(['Makati City'], Location((14.5591272, 121.0202094, 0.0)))",,,885845394885836802,https://twitter.com/nerowattz/status/885845394885836802,en
northbound_ph,2017-07-14 20:55,0,0,troops recover 6 more skeletal remains in marawi battle zone via northboundph,,@,,885845136973811713,https://twitter.com/northbound_ph/status/885845136973811713,en
wreckpoet,2017-07-14 20:54,0,2,i heard like at least 10 war planes that flew over our city to marawi the past 2 hours,"(['\xc2\xa0\xf0\x9f\x90\x9dyan'], Location((5.8482755, 100.4151899, 0.0)))",,,885844894803124225,https://twitter.com/wreckpoet/status/885844894803124225,en
inquirer_libre,2017-07-14 20:52,0,0,govt to release p15b for marawi rehab in next two years says dbm,"(['Philippines'], Location((12.7503486, 122.7312101, 0.0)))",,,885844516418322432,https://twitter.com/inquirer_libre/status/885844516418322432,en
rapplerdotcom,2017-07-14 20:51,6,19,noynoy aquino conchita morales and marawi rehab in tonights newscast with maracepedahttps,"(['Philippines'], Location((12.7503486, 122.7312101, 0.0)))",@,,885844248590917636,https://twitter.com/rapplerdotcom/status/885844248590917636,en
EtatsY,2017-07-14 20:48,0,0,what is the deference between the massapano  marawi operation both incidents are legitimate and suffers heavy casualties on the gov side,"(['Nova Scotia', ' Canada'], Location((45.1955867, -63.1658939, 0.0)))",,,885843334769463296,https://twitter.com/EtatsY/status/885843334769463296,en
LOCALNEWSNgayon,2017-07-14 20:46,0,0,samar  increased health risks feared among people displaced by marawi fighting  read via samar news,"(['Philippines'], Location((12.7503486, 122.7312101, 0.0)))",,,885843045496872960,https://twitter.com/LOCALNEWSNgayon/status/885843045496872960,en
SE0KSPLAlN,2017-07-14 20:44,0,2,yall got actual guts to make jokes about on whats happening in marawi ,,,,885842467978846208,https://twitter.com/SE0KSPLAlN/status/885842467978846208,en
jpjbencito,2017-07-14 20:41,0,0,duterte claims some unclaimed corpse in marawi clash are foreign terrorists,"(['Philippines'], Location((12.7503486, 122.7312101, 0.0)))",,,885841597539115008,https://twitter.com/jpjbencito/status/885841597539115008,en
Ivan226622,2017-07-14 20:40,0,0,duterte said some unclaimed corpse in marawi clash are foreign terrorists  via herneltocmo  abscbn news abscbnnews july 14 2017,,,,885841477280178177,https://twitter.com/Ivan226622/status/885841477280178177,en
ABSCBNNews,2017-07-14 20:36,1,7,duterte said some unclaimed corpse in marawi clash are foreign terrorists  via herneltocmo,"(['Manila', ' Philippines'], Location((14.5906216, 120.9799696, 0.0)))",@,,885840354146000896,https://twitter.com/ABSCBNNews/status/885840354146000896,en
iamlouellabutil,2017-07-14 20:35,1,0,carmona 16 marawi,,,,885840266468261888,https://twitter.com/iamlouellabutil/status/885840266468261888,en
HernelTocmo,2017-07-14 20:35,0,1,duterte said some unclaimed corpse in marawi clash are foreign terrorists,"(['Davao City', ' Philippines'], Location((7.22650725, 125.454887691, 0.0)))",,,885840102865248257,https://twitter.com/HernelTocmo/status/885840102865248257,en
politikomanila,2017-07-14 20:31,0,0,erap offers therapy trauma treatment for marawi kid,,,,885839045821071360,https://twitter.com/politikomanila/status/885839045821071360,en
94kingnamjoon,2017-07-14 20:30,0,0,as a woman with pure maranao blood and relatives in marawi i support this pls stop aint helping,"(['ttukseom island'], Location((37.5298288, 127.068109842, 0.0)))",,,885838972043239425,https://twitter.com/94kingnamjoon/status/885838972043239425,en
dzrhdagupan,2017-07-14 20:27,0,0,comelec donates php 1 million to dswd for families affected by marawi crisis,,,,885838114656206848,https://twitter.com/dzrhdagupan/status/885838114656206848,en
yahwhuteva,2017-07-14 20:23,0,0,following that logic shouldnt duterte be indicted for his failure to prevent what happened in marawi ,"(['Philippines'], Location((12.7503486, 122.7312101, 0.0)))",,,885837039014297600,https://twitter.com/yahwhuteva/status/885837039014297600,en
DavaoToday,2017-07-14 20:22,0,0,funds for marawi rehab ready for release  diokno,"(['Davao City', ' Philippines'], Location((7.22650725, 125.454887691, 0.0)))",,,885836815449694209,https://twitter.com/DavaoToday/status/885836815449694209,en
MeviBoard,2017-07-14 20:18,0,1,msuiligan hosts graduation rites for marawi students  sunstar philippines via sunstaronline,"(['United States'], Location((39.7837304, -100.4458825, 0.0)))",@,,885835846183788544,https://twitter.com/MeviBoard/status/885835846183788544,en
zyiteblog,2017-07-14 20:16,0,0,stray bullet claims third victim in marawi capitol compound  marawi city  a 55yearold evacuee was hi,,,,885835502695460865,https://twitter.com/zyiteblog/status/885835502695460865,en
bradford_adkins,2017-07-14 20:16,0,0,regarding marawi,"(['San Francisco', ' CA'], Location((8.444585, 125.951249185, 0.0)))",,,885835372311191552,https://twitter.com/bradford_adkins/status/885835372311191552,en
manilabulletin,2017-07-14 20:14,0,1,duterte recognizes united states has helped afp in fight in marawi  genkabiling,"(['Manila', ' Philippines'], Location((14.5906216, 120.9799696, 0.0)))",@,,885834874577338369,https://twitter.com/manilabulletin/status/885834874577338369,en
GenKabiling,2017-07-14 20:13,0,0,duterte recognizes united states has helped afp in fight in marawi manilabulletin,,@,,885834650303643648,https://twitter.com/GenKabiling/status/885834650303643648,en
rapplerdotcom,2017-07-14 20:12,0,1,aquino morales marawi rehab  watch rapplers evening wrap,"(['Philippines'], Location((12.7503486, 122.7312101, 0.0)))",,,885834426948571136,https://twitter.com/rapplerdotcom/status/885834426948571136,en
PahsikZ,2017-07-14 20:12,0,0,in mamasapano 44 special action force was killed today in the ongoing war in marawi more than 44 soldiers was killed god dammed,"(['Philippines'], Location((12.7503486, 122.7312101, 0.0)))",,,885834323919634432,https://twitter.com/PahsikZ/status/885834323919634432,en
dwiz882,2017-07-14 20:05,0,0,duterte i will not go there in marawi when there is already a celebration of peace,"(['Pasig City', ' Philippines'], Location((9.7771753, 125.4915723, 0.0)))",,,885832639944433664,https://twitter.com/dwiz882/status/885832639944433664,en
erlyndaGREAT,2017-07-14 20:01,0,1,aquino is being blame again with the fallen saf but hey marawi is still in the hands of maute grp why are you not blaming du30 wews,"(['Rxs PH'], Location((11.5986538, 122.752138101, 0.0)))",,,885831556241039362,https://twitter.com/erlyndaGREAT/status/885831556241039362,en
LourdesEscaros,2017-07-14 20:00,0,1,atm rmnmla pd30 11th ambassadors tour philippine reception in davao city i want to go to marawi while fight is ongoing,,@the,,885831297544863745,https://twitter.com/LourdesEscaros/status/885831297544863745,en
peacegovph,2017-07-14 20:00,2,11,abdulhamid umpa amirbitur a maranao imam in marawi calls for fellow clerics to address the spread of religious extremism and radicalism ,"(['Philippines'], Location((12.7503486, 122.7312101, 0.0)))",,,885831256537055232,https://twitter.com/peacegovph/status/885831256537055232,en
Camouflaaage,2017-07-14 19:59,1,6,in marawi everyday no azzan but sounds of bombs were heard stop bombing our hometown airstrikes destroy our houses and properties,"(['Philippines'], Location((12.7503486, 122.7312101, 0.0)))",,,885831151104937984,https://twitter.com/Camouflaaage/status/885831151104937984,en
ANCALERTS,2017-07-14 19:56,0,6,duterte says he needs to go to marawi to talk to the soldiers maybe in a few days says bad weather is hindering his visit  herneltocmo,"(['Philippines'], Location((12.7503486, 122.7312101, 0.0)))",@,,885830439851536385,https://twitter.com/ANCALERTS/status/885830439851536385,en
Ivan226622,2017-07-14 19:55,0,0,duterte says he needs to go to marawi to talk to the soldiers maybe in a few days says bad weather is hindering his visit  herneltocmo ,,,,885830086020169728,https://twitter.com/Ivan226622/status/885830086020169728,en
DailyStarPH,2017-07-14 19:55,0,0,govt to release p15b for marawi rehab in next two years says dbm  0c,"(['Republic of the Philippines'], Location((12.7503486, 122.7312101, 0.0)))",,,885830052973301760,https://twitter.com/DailyStarPH/status/885830052973301760,en
FidesNewsAgency,2017-07-14 19:55,0,0,asiaphilippines  fighting still continues in marawi but it is not a war of religion ,,,,885830006064029697,https://twitter.com/FidesNewsAgency/status/885830006064029697,en
gmanews,2017-07-14 19:55,0,3,president duterte i will not go there marawi when there is already a celebration of peace live,"(['Philippines'], Location((12.7503486, 122.7312101, 0.0)))",,,885829997516083200,https://twitter.com/gmanews/status/885829997516083200,en
cnnphilippines,2017-07-14 19:55,1,13,duterte i will go to marawi to visit soldiers  live,,,,885829996094267393,https://twitter.com/cnnphilippines/status/885829996094267393,en
gmanews,2017-07-14 19:54,0,5,president duterte reiterates plan to go to marawi while fight ongoing  trishamacas live,"(['Philippines'], Location((12.7503486, 122.7312101, 0.0)))",@,,885829884450295809,https://twitter.com/gmanews/status/885829884450295809,en
HernelTocmo,2017-07-14 19:54,0,0,duterte says he needs to go to marawi to talk to the soldiers maybe in a few days bad weather is hindering his visit,"(['Davao City', ' Philippines'], Location((7.22650725, 125.454887691, 0.0)))",,,885829863688372224,https://twitter.com/HernelTocmo/status/885829863688372224,en
News5AKSYON,2017-07-14 19:54,0,1,pres duterte on marawi i have to go there and just talk to the soldiers in the frontline,"(['Philippines'], Location((12.7503486, 122.7312101, 0.0)))",,,885829744398278657,https://twitter.com/News5AKSYON/status/885829744398278657,en
manilabulletin,2017-07-14 19:53,0,1,duterte says he wants to visit marawi while battle is ongoing not when it is already peaceful  genkabiling,"(['Manila', ' Philippines'], Location((14.5906216, 120.9799696, 0.0)))",@,,885829675167039489,https://twitter.com/manilabulletin/status/885829675167039489,en
trishamacas,2017-07-14 19:53,0,0,pres duterte reiterates plan to go to marawi while fight ongoing,"(['Republic of the Philippines'], Location((12.7503486, 122.7312101, 0.0)))",,,885829673132806144,https://twitter.com/trishamacas/status/885829673132806144,en
manilabulletin,2017-07-14 19:53,0,3,duterte says he plans to visit marawi in next few days hopes there will be good weather  genkabiling,"(['Manila', ' Philippines'], Location((14.5906216, 120.9799696, 0.0)))",@,,885829604895621120,https://twitter.com/manilabulletin/status/885829604895621120,en
GenKabiling,2017-07-14 19:53,0,0,duterte says he wants to visit marawi while battle is ongoing not when it is already peaceful manilabulletin,,@,,885829587363430400,https://twitter.com/GenKabiling/status/885829587363430400,en
GenKabiling,2017-07-14 19:52,0,0,duterte says he plans to visit marawi in next few days hopes there will be good weather manilabulletin,,@,,885829452277497856,https://twitter.com/GenKabiling/status/885829452277497856,en
gumabaomichele,2017-07-14 19:52,10,177,spent the day in marawi and iligan city after seeing and hearing everything firsthand you,"(['Manila'], Location((14.5906216, 120.9799696, 0.0)))",,,885829318378639365,https://twitter.com/gumabaomichele/status/885829318378639365,en
nerowattz,2017-07-14 19:51,0,0,stray bullet claims third victim in marawi capitol compound inquirermobilehttp,"(['Makati City'], Location((14.5591272, 121.0202094, 0.0)))",,,885829144570994688,https://twitter.com/nerowattz/status/885829144570994688,en
dannpantoja,2017-07-14 19:50,0,0,we support our bangsamoro sisters and brothers in their fund drive for marawi come over at coffee for peace u,,,,885828924285923329,https://twitter.com/dannpantoja/status/885828924285923329,en
rogervelano,2017-07-14 19:50,0,0,watch soldier composes song for conflicttorn marawi,,,,885828881806016512,https://twitter.com/rogervelano/status/885828881806016512,en
DavaoGuide,2017-07-14 19:45,0,0,marawi crisis ml slowing down davao economy tourism ,,,#Davao #Tourism #Travel,885827586374250496,https://twitter.com/DavaoGuide/status/885827586374250496,en
PH_NewsDigest,2017-07-14 19:45,0,0,amid armed conflict in marawi city more than 200 evacuees earn college degrees informationtechnology,"(['Republic of the Philippines'], Location((12.7503486, 122.7312101, 0.0)))",,#,885827483693572096,https://twitter.com/PH_NewsDigest/status/885827483693572096,en
psychokatycats,2017-07-14 19:43,0,0,proud to help sa marawi children victims donate ,"(['Westeros'], Location((51.5455033, 13.9581679, 0.0)))",@,#,885827184983764992,https://twitter.com/psychokatycats/status/885827184983764992,en
crcmarquezmd,2017-07-14 19:39,0,0,rebuilding marawi a microcosm of our desired transformation of the country a statement of the bangon marawi,"(['Iligan City'], Location((8.17846435, 124.470789035, 0.0)))",,,885826069949009920,https://twitter.com/crcmarquezmd/status/885826069949009920,en
jo2velasquez,2017-07-14 19:35,0,0,pagasa told him it will be a rainy afternoon in marawisorry,"(['Riyadh', ' KSA'], Location((15.5835188, 32.5677069, 0.0)))",,,885825108484468736,https://twitter.com/jo2velasquez/status/885825108484468736,en
NotAngelLocsin,2017-07-14 19:35,0,0,gabriela lawmaker afps airstrike mishap proves civilians not spared in marawi destruction  davao today c gabriela,"(['Philippines'], Location((12.7503486, 122.7312101, 0.0)))",,#,885824959737610240,https://twitter.com/NotAngelLocsin/status/885824959737610240,en
leahnavarro,2017-07-14 19:31,3,10,i may have missed it but has duterte made it into marawi city yet,"(['Philippines'], Location((12.7503486, 122.7312101, 0.0)))",,,885823954815827968,https://twitter.com/leahnavarro/status/885823954815827968,en
VenturaKrishna,2017-07-14 19:24,0,2,straight outta marawi hahahah,,,,885822405272154112,https://twitter.com/VenturaKrishna/status/885822405272154112,en
TheMiggoy,2017-07-14 19:19,1,1,marawi has experienced war before its residents stocked arms supplies built bunkers they built a city to withstand a siege,"(['Republic of the Philippines'], Location((12.7503486, 122.7312101, 0.0)))",,,885821135530491904,https://twitter.com/TheMiggoy/status/885821135530491904,en
Kickstartph,2017-07-14 19:19,2,2,ph tech startups investors fundraising for marawi displaced families invites others togethermarawi startupph,"(['Manila', ' Philippines'], Location((14.5906216, 120.9799696, 0.0)))",,# #,885821046024044544,https://twitter.com/Kickstartph/status/885821046024044544,en
TheMiggoy,2017-07-14 19:18,0,0,the difference is simple really zamboanga was attacked while marawi was infiltrated,"(['Republic of the Philippines'], Location((12.7503486, 122.7312101, 0.0)))",,,885820756579319808,https://twitter.com/TheMiggoy/status/885820756579319808,en
TBahayOfficial,2017-07-14 19:17,9,32, ct heroes of marawi,,,,885820454744727553,https://twitter.com/TBahayOfficial/status/885820454744727553,en
gmanews,2017-07-14 19:16,2,2,dti readies livelihood funding program for marawi residents,"(['Philippines'], Location((12.7503486, 122.7312101, 0.0)))",,,885820169133596672,https://twitter.com/gmanews/status/885820169133596672,en
Utmanzval,2017-07-14 19:13,0,0,rt icrc over a month ago intense fighting broke out in marawi displacing thousands our colleague explains the,"(['Islamabad', ' Pakistan'], Location((14.5538586, 121.1353647, 0.0)))",,#,885819507721347077,https://twitter.com/Utmanzval/status/885819507721347077,en
c_bibi,2017-07-14 19:11,0,0,re marawi i always hear media reports say terorista not rebelde what then should be the constitutional reason for declaring ml,"(['Paranaque City', ' Philippines'], Location((49.2086619, -2.0238323, 0.0)))",,,885819099124711424,https://twitter.com/c_bibi/status/885819099124711424,en
ICRC,2017-07-14 19:11,47,37,over a month ago intense fighting broke out in marawi displacing thousands our colleague explains the situation today c,"(['Geneva'], Location((42.8689552, -76.9777436, 0.0)))",,# #,885819084482387969,https://twitter.com/ICRC/status/885819084482387969,en
TheMiggoy,2017-07-14 19:08,0,0,zamboanga siege lasted 3 weeks marawi is going on its second month,"(['Republic of the Philippines'], Location((12.7503486, 122.7312101, 0.0)))",,,885818242542911490,https://twitter.com/TheMiggoy/status/885818242542911490,en
philmonitor,2017-07-14 19:06,0,0,afp pulls out fa50 fighter jets from marawi after botched friendly fire killed 2 soldiers  via philmonitor,"(['Republic of the Philippines'], Location((12.7503486, 122.7312101, 0.0)))",@,,885817693617704960,https://twitter.com/philmonitor/status/885817693617704960,en
TheMiggoy,2017-07-14 19:04,0,1,the marawi crisis is not over yet and i dont expect it to be over,"(['Republic of the Philippines'], Location((12.7503486, 122.7312101, 0.0)))",,,885817220084801536,https://twitter.com/TheMiggoy/status/885817220084801536,en
Fishsauceee,2017-07-14 19:02,0,0,im asking you politely what did you do to help in marawi please dont be a hypocrite,"(['Quezon City', ' National Capital'], Location((14.6509905, 121.0486155, 0.0)))",,,885816768383602690,https://twitter.com/Fishsauceee/status/885816768383602690,en
barnabychuck,2017-07-14 19:01,0,1,54 days and counting counting and counting marawi,"(['Manila', ' Philippines'], Location((14.5906216, 120.9799696, 0.0)))",,#,885816638775349249,https://twitter.com/barnabychuck/status/885816638775349249,en
newsbytesph,2017-07-14 19:00,0,0,the hotline will be in service for marawi city and the greater lanao del sur region starting july 11,"(['Manila', ' Philippines'], Location((14.5906216, 120.9799696, 0.0)))",,,885816146758295552,https://twitter.com/newsbytesph/status/885816146758295552,en
PhilDefNews,2017-07-14 18:56,0,0,the ov10 in action over marawi,"(['Manila', ' Philippines'], Location((14.5906216, 120.9799696, 0.0)))",,,885815227530362881,https://twitter.com/PhilDefNews/status/885815227530362881,en
gmanews,2017-07-14 18:46,3,7,afp spox military ops in marawi wont end before sona 2d,"(['Philippines'], Location((12.7503486, 122.7312101, 0.0)))",,,885812620363792385,https://twitter.com/gmanews/status/885812620363792385,en
PTVph,2017-07-14 18:45,3,4,sports news jones cupbound kobe paras shows tenderness dedicates his gilas stint to marawi siege victims,"(['Philippines'], Location((12.7503486, 122.7312101, 0.0)))",,,885812384639496193,https://twitter.com/PTVph/status/885812384639496193,en
acpadilla82,2017-07-14 18:42,0,0,inc distributes relief goods to marawi evacuees philippinestarphilippinestar ,"(['1 Commonwealth Ln', ' Singapore 149544'], Location((1.3047676, 103.7962879, 0.0)))",,,885811679379980288,https://twitter.com/acpadilla82/status/885811679379980288,en
juliosees,2017-07-14 18:40,0,0,new video by gma public affairs iwitness women warriors sa marawi,,,,885811271202885632,https://twitter.com/juliosees/status/885811271202885632,en
PhilippineStar,2017-07-14 18:40,2,3,inc distributes relief goods to marawi evacuees,"(['Philippines'], Location((12.7503486, 122.7312101, 0.0)))",,,885811110518996992,https://twitter.com/PhilippineStar/status/885811110518996992,en
JMiguelO,2017-07-14 18:36,0,3,we hope next that justice for marawi will be served when duterte gets charged for negligence despite knowing of the maute seige,,,,885810257003397120,https://twitter.com/JMiguelO/status/885810257003397120,en
tagasalog,2017-07-14 18:27,0,0,in the same presscon he said world bank and adb promised financial assistance for marawi libre ba yung aid ng worldbank at adbloan yun,"(['quezon city'], Location((14.6509905, 121.0486155, 0.0)))",,,885807937561567232,https://twitter.com/tagasalog/status/885807937561567232,en
Visayanbizpost,2017-07-14 18:24,0,0,govt offers livelihood assistance for marawi businessmen  abscbn news,"(['Ormoc', ' Philippines'], Location((11.0094099, 124.6075767, 0.0)))",,,885807291223613441,https://twitter.com/Visayanbizpost/status/885807291223613441,en
JMiguelO,2017-07-14 18:24,1,3,next is justice for marawi thousands not just 44 file that case against duterte,,,,885807171786559492,https://twitter.com/JMiguelO/status/885807171786559492,en
victoriatulad,2017-07-14 18:24,5,11,iligan city  the pnp crime laboratory autopsies the remains recovered from marawi yesterday,,@,,885807162382983168,https://twitter.com/victoriatulad/status/885807162382983168,en
JMiguelO,2017-07-14 18:22,0,4,how about a case against duterte for the marawi siege death toll higher and more destruction he disregarded known reports negligence,,,#,885806676670009345,https://twitter.com/JMiguelO/status/885806676670009345,en
sufimaki,2017-07-14 18:22,0,0,spending such almost hundred millions to use 10billion for rehab of marawi marawiclash,"(['Quezon City'], Location((14.6509905, 121.0486155, 0.0)))",,#,885806669401161728,https://twitter.com/sufimaki/status/885806669401161728,en
northbound_ph,2017-07-14 18:21,0,0,govt eyes multiyear funding for wartorn marawi via northboundph,,@,,885806418678259718,https://twitter.com/northbound_ph/status/885806418678259718,en
cnnphilippines,2017-07-14 18:18,0,1,insidemarawi government prepares to rebuild marawi  cnnphnewsnight live,,,# #,885805737095581696,https://twitter.com/cnnphilippines/status/885805737095581696,en
ArjayAbrea,2017-07-14 18:18,0,0,at least 33 evacuees dead as health concerns rise on news night with gergcahiles reporting from marawi,,@,,885805628693766144,https://twitter.com/ArjayAbrea/status/885805628693766144,en
xpeanutgalleryx,2017-07-14 18:16,0,0,if mamasapano was a botched raid  i wonder what theyd call marawi with nearly 10x more dead and they didnt even get their guy,,,,885805166993186816,https://twitter.com/xpeanutgalleryx/status/885805166993186816,en
mindanews2010,2017-07-14 18:15,0,1,business missions to promote investment opportunities in mindanao amid marawi crisis,"(['Mindanao'], Location((7.68980415, 125.236399692, 0.0)))",,,885804842345570304,https://twitter.com/mindanews2010/status/885804842345570304,en
juztpost,2017-07-14 18:14,0,0,juztpost military air strike kills more soldiers in marawi,"(['Republic of the Philippines'], Location((12.7503486, 122.7312101, 0.0)))",,#,885804681217310720,https://twitter.com/juztpost/status/885804681217310720,en
sufimaki,2017-07-14 18:11,0,0,how many jet bombs had been used in home marawi a bomb is worth 1500 marawiclash,"(['Quezon City'], Location((14.6509905, 121.0486155, 0.0)))",,#,885803878272204800,https://twitter.com/sufimaki/status/885803878272204800,en
philmonitor,2017-07-14 18:10,0,0,business missions to promote investment opportunities in mindanao amid marawi crisis  via philmonitor,"(['Republic of the Philippines'], Location((12.7503486, 122.7312101, 0.0)))",@,,885803685862928384,https://twitter.com/philmonitor/status/885803685862928384,en
maqboolmalik,2017-07-14 18:09,0,0,muslim id proposal sparks anger in philippines marawi c marawiclash muslimidcards isis islamicstate,"(['Bonn', ' Germany'], Location((50.735851, 7.10066, 0.0)))",,# # # # # # # #,885803311848443904,https://twitter.com/maqboolmalik/status/885803311848443904,en
pnagovph,2017-07-14 18:03,0,0,troops recover 6 more skeletal remains in marawi battle zone  hukbongkatihan ,"(['Quezon City'], Location((14.6509905, 121.0486155, 0.0)))",@,,885801921394626560,https://twitter.com/pnagovph/status/885801921394626560,en
JayxD30,2017-07-14 17:52,0,0,maldita with a heart marawi mode si babe ganiha let me love you,,,,885799081502703616,https://twitter.com/JayxD30/status/885799081502703616,en
CoffeeForPeace,2017-07-14 17:49,0,0,we support our bangsamoro sisters and brothers in their fund drive for marawi come over at coffee for peace,,,,885798415329710080,https://twitter.com/CoffeeForPeace/status/885798415329710080,en
DBMgovph,2017-07-14 17:38,1,0,dbm ready to release funds for marawi rehab read it here,"(['Republic of the Philippines'], Location((12.7503486, 122.7312101, 0.0)))",,,885795689174671360,https://twitter.com/DBMgovph/status/885795689174671360,en
lazarokathrina,2017-07-14 17:36,0,2,i believe peace is on its way prayforthephilippines prayforquirino prayformaddela pray for marawi,"(['Manila', ' Philippines'], Location((14.5906216, 120.9799696, 0.0)))",,# # # #,885795204703199232,https://twitter.com/lazarokathrina/status/885795204703199232,en
Bernadit3,2017-07-14 17:36,0,2,i think closure first in marawimakes sense,"(['Bahrain'], Location((35.2078012, 72.5473968, 0.0)))",,,885795178379915264,https://twitter.com/Bernadit3/status/885795178379915264,en
amyslayer,2017-07-14 17:36,1,0,someone remind me if gatchalian issued a statement on either incident of friendly fire in marawi seems to me thats even more senseless,"(['Everywhere'], Location((41.7776533, -72.6740756, 0.0)))",,,885795016769101825,https://twitter.com/amyslayer/status/885795016769101825,en
pantarmps,2017-07-14 17:32,0,3,stop terrorism pray for marawi,,@rpio_pro10 @ordrdopro10,#,885794234371981314,https://twitter.com/pantarmps/status/885794234371981314,en
Ivan226622,2017-07-14 17:30,0,0,govt offers livelihood assistance for marawi businessmen  abscbn news abscbnnews july 14 2017,,,,885793552416092161,https://twitter.com/Ivan226622/status/885793552416092161,en
ABSCBNNews,2017-07-14 17:30,4,5,govt offers livelihood assistance for marawi businessmen,"(['Manila', ' Philippines'], Location((14.5906216, 120.9799696, 0.0)))",,,885793493511282689,https://twitter.com/ABSCBNNews/status/885793493511282689,en
KawalPH,2017-07-14 17:21,0,0,look solenn heussaff greets our troops in marawi thank you solenn for supporting our troops  thank you,"(['Manila', 'Philippines'], Location((14.5906216, 120.9799696, 0.0)))",,,885791444178481153,https://twitter.com/KawalPH/status/885791444178481153,en
evollavon,2017-07-14 17:16,0,0,marawi city has just received a p25 million donation from india 2,,,,885790194649055233,https://twitter.com/evollavon/status/885790194649055233,en
Ivan226622,2017-07-14 7:55,0,0,soldiers recover 6 human remains in marawi war zone marawiclash  abscbn news abscbnn,,,#,885648843395780608,https://twitter.com/Ivan226622/status/885648843395780608,en
ABSCBNNews,2017-07-14 7:50,4,14,soldiers recover 6 human remains in marawi war zone,"(['Manila', ' Philippines'], Location((14.5906216, 120.9799696, 0.0)))",,#,885647530339336192,https://twitter.com/ABSCBNNews/status/885647530339336192,en
nerowattz,2017-07-14 7:41,0,0,noted architect offers help in reconstruction of marawi inquirermobilehttp,"(['Makati City'], Location((14.5591272, 121.0202094, 0.0)))",,,885645445711745024,https://twitter.com/nerowattz/status/885645445711745024,en
T_Klumklomchit,2017-07-14 7:41,0,1,maute relatives barred frm flying 2 not conneced to terrorism marawi seige initial investigation finds,,,# #Malaysia # #,885645393601507328,https://twitter.com/T_Klumklomchit/status/885645393601507328,en
maueeoh,2017-07-14 7:40,0,2,if a belief would kill people thats definitely not worth pursuing life is a gift that we shouldnt take away from each other marawi,"(['Manila'], Location((14.5906216, 120.9799696, 0.0)))",,#,885645220712402945,https://twitter.com/maueeoh/status/885645220712402945,en
DaetPNP,2017-07-14 7:38,0,0,brgy visitation dialogue to pb david mago of brgy borabod regarding muslim residents and evacuees from marawi city,"(['DAET', ' CAMARINES NORTE'], Location((14.17750935, 123.010441095, 0.0)))",,,885644669572440064,https://twitter.com/DaetPNP/status/885644669572440064,en
T_Klumklomchit,2017-07-14 7:35,3,3,philippines needs coherent  multidimensional responses to the underlying causes of marawi seige,,,# #,885643997175087104,https://twitter.com/T_Klumklomchit/status/885643997175087104,en
politikovismin,2017-07-14 7:21,0,0,heres what marawi mayor gandamra thinks of martial law extension talks,,,,885640233319976960,https://twitter.com/politikovismin/status/885640233319976960,en
dinbars,2017-07-14 7:15,3,9,if ml will be extended it should cover marawi lanao areas and davao city only why davao because its the biggest supporter or matial law,"(['Philippines'], Location((12.7503486, 122.7312101, 0.0)))",,,885638906066030593,https://twitter.com/dinbars/status/885638906066030593,en
InLWithLBeingL,2017-07-14 7:13,0,0,marawi under siege battle against isis in the philippines,"(['Maine', ' USA'], Location((45.709097, -68.8590201, 0.0)))",,,885638239813488641,https://twitter.com/InLWithLBeingL/status/885638239813488641,en
nerowattz,2017-07-14 7:11,0,0,fa50 jets pulled out of combat in marawi inquirermobilehttp,"(['Makati City'], Location((14.5591272, 121.0202094, 0.0)))",,,885637742734041088,https://twitter.com/nerowattz/status/885637742734041088,en
riskmap_,2017-07-14 7:10,2,1,philippines troops retrieve remains of civilians allegedly executed in marawi,"(['Cardiff', ' Wales'], Location((51.4816546, -3.1791934, 0.0)))",,,885637502215667714,https://twitter.com/riskmap_/status/885637502215667714,en
cnnphilippines,2017-07-14 7:07,1,3,insidemarawi airstrike accident kills two soldiers in marawi,,,#,885636899833921537,https://twitter.com/cnnphilippines/status/885636899833921537,en
gene038,2017-07-14 6:57,0,0,muslim id proposal sparks anger in philippines marawi via dwnews,,@,,885634390432337921,https://twitter.com/gene038/status/885634390432337921,en
nhazxs,2017-07-14 6:50,0,1,lets get it on at marawi,"(['Bacolod City', ' Western Visayas'], Location((10.6762836, 122.9513786, 0.0)))",,#,885632538797985792,https://twitter.com/nhazxs/status/885632538797985792,en
JulySumalde_,2017-07-14 6:47,0,1,man cant even ask hows ur trip tf she mustve been waiting to get out of the damn plane to tell me how would i survive if i lived in marawi,,,,885631709894639616,https://twitter.com/JulySumalde_/status/885631709894639616,en
nerowattz,2017-07-14 6:41,0,0,displaced marawi folk need more help as condition worsens in evacuation sites exec says ,"(['Makati City'], Location((14.5591272, 121.0202094, 0.0)))",,,885630238310490112,https://twitter.com/nerowattz/status/885630238310490112,en
StevenRoodPH,2017-07-14 6:12,1,1,marawi local govt wants to be part of rehab task force  must include armmgov and local,,@,#,885622872856817665,https://twitter.com/StevenRoodPH/status/885622872856817665,en
gmanews,2017-07-14 6:01,3,20,mindanao state university marawi campus graduates expressed their desire to help revive marawi city c,"(['Philippines'], Location((12.7503486, 122.7312101, 0.0)))",,,885620100174196736,https://twitter.com/gmanews/status/885620100174196736,en
cheeneyeugenio,2017-07-14 5:55,0,0,pimentel mulls ad hoc panel on marawi reconstruction,,,,885618820265631744,https://twitter.com/cheeneyeugenio/status/885618820265631744,en
INDoha_,2017-07-14 5:45,0,1,indak klase para sa marawi dance class for a cause 14 july 2017 attitude spa  doha beverly hills tower 2nd floor doha,"(['Doha', ' Qatar'], Location((25.3014957, 51.4996673988, 0.0)))",,,885616187811430401,https://twitter.com/INDoha_/status/885616187811430401,en
ferdinandhcabre,2017-07-14 5:28,0,0,marawi city main battlefront area  july 132017,"(['Cotabato', ' Philippines'], Location((7.27, 124.86, 0.0)))",,,885611898447835142,https://twitter.com/ferdinandhcabre/status/885611898447835142,en
qatarevents,2017-07-14 5:27,0,0,new event indak klase para sa marawi hiphop dance class for a cause qatarevents,"(['Doha', ' Qatar'], Location((25.3014957, 51.4996673988, 0.0)))",,# #,885611659900932096,https://twitter.com/qatarevents/status/885611659900932096,en
andrewguiagui1,2017-07-14 5:24,0,0,president duterte has planned to go to war in marawi city hell is he planning he could get himself killed by maute forces,"(['Los Angeles', ' CA'], Location((34.054935, -118.244476, 0.0)))",,,885610999381860352,https://twitter.com/andrewguiagui1/status/885610999381860352,en
unlicomments,2017-07-14 5:10,0,4,truth is he is more afraid of the afp if he goes to marawi you know friendly fire,"(['NCR', ' Phils'], Location((52.5217268, -1.88499855996, 0.0)))",,,885607430977081344,https://twitter.com/unlicomments/status/885607430977081344,en
ModernizePH,2017-07-14 5:00,0,0,a song tribute for marawi compose by a soldier,"(['Republic of the Philippines'], Location((12.7503486, 122.7312101, 0.0)))",,,885604772388024321,https://twitter.com/ModernizePH/status/885604772388024321,en
DavaoGuide,2017-07-14 4:44,0,0,marawi crisis ml slowing down davao economy tourism  u,,,#Davao #Tourism #Travelpic,885600895752208384,https://twitter.com/DavaoGuide/status/885600895752208384,en
circleofblue,2017-07-14 4:34,0,2,foreign aid rushes in to provide water and other amenities to people displaced by conflict in marawi,"(['Global'], Location((43.7283874, -79.3491487932, 0.0)))",,#,885598206209519618,https://twitter.com/circleofblue/status/885598206209519618,en
jamwillson24,2017-07-14 4:32,0,0,ofwglobalmovementdu30 to marawi dubaichapter,"(['kuwait'], Location((29.2733964, 47.4979476, 0.0)))",,,885597900620910592,https://twitter.com/jamwillson24/status/885597900620910592,en
Claudio8Rotunno,2017-07-14 4:22,0,0,the siege of marawi is part of a wave of attacks by groups seeking to establish a caliphate in the philippines,"(['Latina', ' Lazio'], Location((41.4672589, 12.9035737, 0.0)))",,,885595433506156545,https://twitter.com/Claudio8Rotunno/status/885595433506156545,en
EURACC,2017-07-14 4:18,0,0,retweeted foreign affairs  foreignaffairs the siege of marawi is part of a wave of attacks by groups seeking,,@,,885594292575768576,https://twitter.com/EURACC/status/885594292575768576,en
ManilaRR,2017-07-14 4:13,0,0,marawi evacuees need milk diapers  the manila times online,,,,885592947516952578,https://twitter.com/ManilaRR/status/885592947516952578,en
OlojeAbubakar,2017-07-14 4:02,0,0,muslim id proposal sparks anger in philippines marawi,"(['Kwara'], Location((8.8367891, 4.6688487, 0.0)))",,,885590290626736129,https://twitter.com/OlojeAbubakar/status/885590290626736129,en
HSIGlobal,2017-07-14 4:01,64,132,12 amid reports of starving animals inside the war zone of marawi hsi  akf teamed up to provide food for strays  abandoned pets,,,,885590113429934080,https://twitter.com/HSIGlobal/status/885590113429934080,en
inquirerplus,2017-07-14 4:00,0,1,todays inquirer front page full issue on your tablet at marcos marawi,"(['Makati City'], Location((14.5591272, 121.0202094, 0.0)))",,# # #,885589717630283776,https://twitter.com/inquirerplus/status/885589717630283776,en
emmahumourita1,2017-07-14 3:48,0,0,kidnapped philippines priest alive but marawi situation still dire,"(['NAIROBI'], Location((-1.2832533, 36.8172449, 0.0)))",,,885586851012194310,https://twitter.com/emmahumourita1/status/885586851012194310,en
cnnphilippines,2017-07-14 3:30,2,1,marawi airstrikes to continue despite accident,,,,885582103538282496,https://twitter.com/cnnphilippines/status/885582103538282496,en
tincazzi,2017-07-14 3:27,0,0,marawi crisis is not about religion says execs wife  sunstar philippines via sunstaronline,"(['ROME'], Location((41.8933203, 12.4829321, 0.0)))",@,#039,885581584983703552,https://twitter.com/tincazzi/status/885581584983703552,en
memomideast,2017-07-14 3:26,0,0,marawi  philippines air force mistakenly stroke its own soldiers  11 soldiers killed,"(['Deutschland'], Location((51.0834196, 10.4234469, 0.0)))",,# #,885581199892250624,https://twitter.com/memomideast/status/885581199892250624,en
MuslimPlaza,2017-07-14 3:19,0,0,muslim id proposal sparks anger in philippines marawi  deutsche welle,"(['Birmingham'], Location((52.4776875, -1.8948516, 0.0)))",,,885579358772936705,https://twitter.com/MuslimPlaza/status/885579358772936705,en
jeralddeleon,2017-07-14 3:16,0,0,if this were in the philippines that police would get verbal punishment and a marawi trip too bad hes an american police too bad,"(['Manila'], Location((14.5906216, 120.9799696, 0.0)))",,,885578646542467072,https://twitter.com/jeralddeleon/status/885578646542467072,en
Ivan226622,2017-07-14 3:05,0,0,govt urged to look after mental health of marawi victims marawiclash c  abscbn news a,,,#,885575993980846081,https://twitter.com/Ivan226622/status/885575993980846081,en
CTCWP,2017-07-14 3:02,24,14,conflict in marawi wages on tbt to ctcs beyond the caliphate se asia report for context on is influence in region,"(['West Point', ' NY'], Location((33.6076186, -88.6503255, 0.0)))",,#,885575279455780864,https://twitter.com/CTCWP/status/885575279455780864,en
muslimlovemeet,2017-07-14 3:01,0,0,muslim id proposal sparks anger in philippines marawi  deutsche welle muslims islamic islam news,,,# # # #,885574841016827904,https://twitter.com/muslimlovemeet/status/885574841016827904,en
ABSCBNNews,2017-07-14 3:00,1,6,govt urged to look after mental health of marawi victims,"(['Manila', ' Philippines'], Location((14.5906216, 120.9799696, 0.0)))",,#,885574558069268480,https://twitter.com/ABSCBNNews/status/885574558069268480,en
ChampsGK,2017-07-14 2:26,0,0,mindanao state university of marawi holds graduation rites in iligan,,,,885566026439700480,https://twitter.com/ChampsGK/status/885566026439700480,en
cloudrhein,2017-07-14 2:20,0,0,duterte sees marawi crisis ending in 1015 days president rodrigo duterte said he sees,"(['Muscat', ' Oman'], Location((18.3717337, -72.2862809, 0.0)))",,# #,885564721306402817,https://twitter.com/cloudrhein/status/885564721306402817,en
calebquinley,2017-07-14 2:16,0,0,since isis militants took over marawi over 400 people have fled their homes in search of safety philippineshttps,"(['Bangkok', ' Thailand'], Location((-7.846423, 112.1005469, 0.0)))",,# # #,885563493281218560,https://twitter.com/calebquinley/status/885563493281218560,en
0TENG,2017-07-14 2:06,0,0,those in charge of the bombing operation in marawi should watch the ngc special hell on earth the fall of syria  the rise of isis,"(['Manila/Los Angeles'], Location((14.6242665, 121.0428232, 0.0)))",,,885561038170595328,https://twitter.com/0TENG/status/885561038170595328,en
gmanewsfacebook,2017-07-14 2:00,0,0,all fa50 fighter jets of the military have been pulled out of wartorn marawi city following a friendly fire ,,,,885559473724456960,https://twitter.com/gmanewsfacebook/status/885559473724456960,en
TheManilaTimes,2017-07-14 1:53,0,0,marawi evacuees need milk diapers 2uc,"(['Philippines'], Location((12.7503486, 122.7312101, 0.0)))",,,885557839800004608,https://twitter.com/TheManilaTimes/status/885557839800004608,en
TheManilaTimes,2017-07-14 1:53,0,0,marawi death toll hits 529,"(['Philippines'], Location((12.7503486, 122.7312101, 0.0)))",,,885557835735683072,https://twitter.com/TheManilaTimes/status/885557835735683072,en
dzrhnews,2017-07-14 1:52,0,0,alleged execution spot of mautes found in marawi war zone,"(['Manila', ' Philippines'], Location((14.5906216, 120.9799696, 0.0)))",,,885557438291689474,https://twitter.com/dzrhnews/status/885557438291689474,en
FrankBublic,2017-07-14 1:45,0,0,philippines confirms islamic state forcing civilians into sex slavery in marawi ,"(['905-268-1000'], Location((63.43321, 10.3999788, 0.0)))",,,885555785031446530,https://twitter.com/FrankBublic/status/885555785031446530,en
DavaoGuide,2017-07-14 1:44,0,0,marawi crisis ml slowing down davao economy tourism  manila bulletin ,,,#Davao #Tourism #Travel,885555553778388992,https://twitter.com/DavaoGuide/status/885555553778388992,en
Truth2Pwer,2017-07-14 1:38,0,0,what marawi teaches us,"(['Hawaii'], Location((21.2160437, -157.975203, 0.0)))",,#sthash,885554141723897856,https://twitter.com/Truth2Pwer/status/885554141723897856,en
clausewitzrocks,2017-07-14 1:34,1,0,not mosul but marawi our neighbourhood,,,,885553078933508096,https://twitter.com/clausewitzrocks/status/885553078933508096,en
MikeofNewYORK,2017-07-14 1:33,0,0,deash brings destruction where isis touches marawi mindanao daesh followers only got death destruction soon defeat in,,,# # # # #,885552674044825602,https://twitter.com/MikeofNewYORK/status/885552674044825602,en
TheManilaTimes,2017-07-14 1:27,0,1,marawi evacuees need milk diapers,"(['Philippines'], Location((12.7503486, 122.7312101, 0.0)))",,,885551355603165186,https://twitter.com/TheManilaTimes/status/885551355603165186,en
Larryfleckman,2017-07-14 1:24,0,0,the justice dept for besieged marawi residents a brief holiday respite ends in gunfire,"(['Tyler', ' TX'], Location((32.3512601, -95.3010624, 0.0)))",,,885550582060249089,https://twitter.com/Larryfleckman/status/885550582060249089,en
cicton,2017-07-14 1:21,0,0,raissawriter youre worried about what the mayor of davao has done for marawi what have you done you sit behind twitter and complain,,@,,885549808924073985,https://twitter.com/cicton/status/885549808924073985,en
CAPSecurity,2017-07-14 1:20,1,1,this week in tearline something about don jrs emails fallout from trumpputin at g20 is fight in marawi,"(['Washington', ' D.C.'], Location((38.8949549, -77.0366456, 0.0)))",,,885549387845439488,https://twitter.com/CAPSecurity/status/885549387845439488,en
imshanejay,2017-07-14 1:12,0,0,i am angry  military air strike kills more soldiers in marawi via rapplerdotcom,"(['Makati PH'], Location((14.55459465, 121.021407905, 0.0)))",,,885547605299789824,https://twitter.com/imshanejay/status/885547605299789824,en
vwerber,2017-07-14 1:02,0,0,i liked a youtube video al jazeera investigates marawi is the story accurate share,"(['Troy', ' Ohio'], Location((42.6055893, -83.1499304, 0.0)))",@,,885544975664005120,https://twitter.com/vwerber/status/885544975664005120,en
DailyStarPH,2017-07-14 1:00,0,0,troops recover remains of six in marawi execution site  manila bulletin news ,"(['Republic of the Philippines'], Location((12.7503486, 122.7312101, 0.0)))",,,885544453611692040,https://twitter.com/DailyStarPH/status/885544453611692040,en
juan_silup,2017-07-14 0:58,1,3,yes he will boast that he is willing to die in marawi in bastardized uniform if weather permits,"(['here', ' there', ' & everywhere...'], Location((43.8222157, 17.6896937, 0.0)))",,,885543876152315904,https://twitter.com/juan_silup/status/885543876152315904,en
luntiangpinas,2017-07-14 0:49,0,0,do we have to go to marawi to have a say labo,"(['Dumaguete City', ' Philippines'], Location((9.3054777, 123.3080446, 0.0)))",,#,885541825758380032,https://twitter.com/luntiangpinas/status/885541825758380032,en
nakhon224,2017-07-14 0:43,0,0,news muslim id proposal sparks anger in philippines marawi ,"(['\xe0\xb8\x99\xe0\xb8\x84\xe0\xb8\xa3\xe0\xb8\xa8\xe0\xb8\xa3\xe0\xb8\xb5\xe0\xb8\x98\xe0\xb8\xa3\xe0\xb8\xa3\xe0\xb8\xa1\xe0\xb8\xa3\xe0\xb8\xb2\xe0\xb8\x8a', ' \xe0\xb8\x9b\xe0\xb8\xa3\xe0\xb8\xb0\xe0\xb9\x80\xe0\xb8\x97\xe0\xb8\xa8\xe0\xb9\x84\xe0\xb8\x97\xe0\xb8\xa2'], Location((8.4321444, 99.9638643, 0.0)))",,#,885540205129814017,https://twitter.com/nakhon224/status/885540205129814017,en
JimboySalomon,2017-07-14 0:41,0,1,zeealontoadiong thanks for ur unbiased reporting of marawi situation sir saludo mindanaoan here hoping conflict ends soon inshaallah,"(['Cebu City', ' Central Visayas'], Location((10.3090298, 123.8930839, 0.0)))",@,,885539742128848896,https://twitter.com/JimboySalomon/status/885539742128848896,en
MhugzPh,2017-07-14 0:35,0,0,and were on to our third leg thank you peace heroes for helping our brothers and sisters in marawi in the,"(['Taguig city Philippines'], Location((14.5266254, 121.074403, 0.0)))",,,885538161304231937,https://twitter.com/MhugzPh/status/885538161304231937,en
InqNational,2017-07-14 0:28,0,0,icymi marawi destruction incites kids to fight terror,"(['Manila', ' Philippines'], Location((14.5906216, 120.9799696, 0.0)))",,,885536423352422400,https://twitter.com/InqNational/status/885536423352422400,en
chinahand,2017-07-14 0:26,0,0,well somebody had a hand in marawi its been going on for almost two months  they still havent run out of ammunition usual suspects,,,,885536040525508608,https://twitter.com/chinahand/status/885536040525508608,en
Flyfiddlesticks,2017-07-14 0:23,0,0,werent you saying us might have had a hand in marawi so something from the 4way push japan,,,,885535229376462849,https://twitter.com/Flyfiddlesticks/status/885535229376462849,en
cbtuozo,2017-07-14 0:22,0,0,your optimism seems misplaced hope that god can secure marawi despite govt troops and combined assets,,,,885534980067033088,https://twitter.com/cbtuozo/status/885534980067033088,en
chinahand,2017-07-14 0:22,1,0,part of the jostling to give prous side a role at marawi despite duterte saying no tks to us help austsralia also providing assistance,,,,885534955807191041,https://twitter.com/chinahand/status/885534955807191041,en
saaddudinalias1,2017-07-14 0:20,0,0,stop bombing my city no airstrike philippines marawi city 2017,,,,885534490671538177,https://twitter.com/saaddudinalias1/status/885534490671538177,en
mrPepsiLLas,2017-07-14 0:20,3,1,showtimehulyoyesyesyo pray for marawi pray for ormoc,,,#,885534454478811136,https://twitter.com/mrPepsiLLas/status/885534454478811136,en
HOPEtweets,2017-07-14 0:20,1,3,in may islamic state militants took over marawi a filipino city on the island of mindanao join us in prayer 2,"(['Lancaster', ' PA'], Location((40.03813, -76.3056686, 0.0)))",,,885534414939320321,https://twitter.com/HOPEtweets/status/885534414939320321,en
joannarntr,2017-07-14 0:11,0,1,marawi to,"(['Ledesma'], Location((41.0903872, -5.9987649, 0.0)))",,,885532164816646144,https://twitter.com/joannarntr/status/885532164816646144,en
SaladinAlDronni,2017-07-14 0:11,3,2,and the other one with marawi  a summary of a first month i think it has appeared in alnaba first,"(['Wroclaw', ' Poland'], Location((51.1089776, 17.0326689, 0.0)))",,,885532150052917249,https://twitter.com/SaladinAlDronni/status/885532150052917249,en
jdesignz,2017-07-14 0:08,0,0,mindanao state university graduates pray for peace in marawi city,,,,885531335816826885,https://twitter.com/jdesignz/status/885531335816826885,en
LOCALNEWSNgayon,2017-07-14 0:06,0,0,mindanao state university graduates pray for peace in marawi city  read via gma news,"(['Philippines'], Location((12.7503486, 122.7312101, 0.0)))",,,885530775755599872,https://twitter.com/LOCALNEWSNgayon/status/885530775755599872,en
ConceptGrp,2017-07-14 0:05,1,0,pimentel mulls ad hoc panel on marawi reconstruction kokopimentelhttp,,,#,885530547904102400,https://twitter.com/ConceptGrp/status/885530547904102400,en
