bdsaguing,2017-09-15 23:56,0,0,IPs protest 'US intervention' in Marawi : http:// a/photo/09/15/17/ips-protest-us-intervention-in-marawi … via,"(['Rome', ' Italy'], Location((34.257038, -85.1646726, 0.0)))",@ABSCBNNews,,908721195251650560,https://twitter.com/bdsaguing/status/908721195251650560,en
VapeRhaidz,2017-09-15 23:54,0,0,May 27,,,,,,en
doktonychua,2017-09-15 23:50,0,0,Arrest them and send them to Marawi,"(['Laguna', ' Philippines'], Location((14.1696476, 121.3336526, 0.0)))",,,,,en
LITechNewsPosts,2017-09-15 23:48,0,0,: Philippines: Maute armed group using child soldiers in Marawi https:// pines-maute-armed-group-using-child-soldiers-in-marawi/ …,"(['Bohemia', ' NY'], Location((49.8167003, 15.4749544, 0.0)))",,#LITechNews #Killed #Military,908719240802430977,https://twitter.com/LITechNewsPosts/status/908719240802430977,en
IBTimesUK,2017-09-15 23:39,2,0,Angry Filipinos torch effigies of Donald Trump and Rodrigo Duterte over US involvement in Marawi http://,"(['London'], Location((51.5073219, -0.1276474, 0.0)))",,,908716951685484544,https://twitter.com/IBTimesUK/status/908716951685484544,en
sheldoncastillo,2017-09-15 23:23,0,1,deal with Marawi or not to deal with embarrassment? For sure it is the latter. https:// tus/908712009516056578 …,"(['Quezon City'], Location((14.6509905, 121.0486155, 0.0)))",,,908712875979546624,https://twitter.com/sheldoncastillo/status/908712875979546624,en
ABSCBNNews,2017-09-15 23:20,2,28,Palace: Duterte to skip UN assembly to deal with Marawi crisis http://,"(['Manila', ' Philippines'], Location((14.5906216, 120.9799696, 0.0)))",,,908712009516056578,https://twitter.com/ABSCBNNews/status/908712009516056578,en
OCHAPhilippines,2017-09-15 23:15,0,2,Who's doing what,"(['Philippines'], Location((12.7503486, 122.7312101, 0.0)))",,,,,en
bruce_haigh,2017-09-15 23:10,0,0,Marawi — a metaphor for Islamic extremism in Asia https:// y/marawi-a-metaphor-for-islamic-extremism-in-asia,"(['Orange', ' New South Wales'], Location((33.7500378, -117.8704931, 0.0)))",,,,,en
ProfPRogers,2017-09-15 22:40,16,4,ISIS is far from beaten - look to Marawi in the Philippines for a sense of perspective: . is-war-unwon …,"(['Bradford UK'], Location((53.7941567, -1.7494778, 0.0)))",,,908702089743863808,https://twitter.com/ProfPRogers/status/908702089743863808,en
dairo_fernando,2017-09-15 22:39,0,0,Palace: Duterte to skip UN assembly to deal with Marawi crisis http:// palace-duterte-to-skip-un-assembly-to-deal-with-marawi-crisis …,,,,908701792816447489,https://twitter.com/dairo_fernando/status/908701792816447489,en
philmonitor,2017-09-15 22:36,0,0,Troops continue to advance into ISIS-held areas in Marawi - . 20 17/09/troops-continue-to-advance-into-isis-held-areas-in-marawi/ … via,"(['Republic of the Philippines'], Location((12.7503486, 122.7312101, 0.0)))",@philmonitor,,908700934037000192,https://twitter.com/philmonitor/status/908700934037000192,en
tetenitae,2017-09-15 22:26,0,3,pray for me guys lmao we're joining 'swim for marawi ' :>,,,,908698603299921921,https://twitter.com/tetenitae/status/908698603299921921,en
joeyblatagan,2017-09-15 22:23,0,0,Marawi women to get aid from international group http://,"(['Dubai'], Location((2.9470179, 30.961206, 0.0)))",,,908697662223925248,https://twitter.com/joeyblatagan/status/908697662223925248,en
mosesbillacura,2017-09-15 22:15,0,0,DND says conflict in Marawi nearing its end http:// d -says-conflict-in-marawi-nearing-its-end/ …,,,,908695859327467520,https://twitter.com/mosesbillacura/status/908695859327467520,en
Heartnet491,2017-09-15 22:14,0,0,Memes for charity: EternaLEnVy's Manila Masters chair is being auctioned to help people from Marawi http:// tail/dota2/14397 …,"(['Labuan', ' Malaysia'], Location((5.2785201, 115.2422574, 0.0)))",,,908695549515243520,https://twitter.com/Heartnet491/status/908695549515243520,en
LITechNewsPosts,2017-09-15 22:11,0,0,: Australian Journalist Hit By Stray Bullet Covering Marawi Crisis https:// lian-journalist-hit-by-stray-bullet-covering-marawi-crisis/ …,"(['Bohemia', ' NY'], Location((49.8167003, 15.4749544, 0.0)))",,#LITechNews #YouTube,908694881006227456,https://twitter.com/LITechNewsPosts/status/908694881006227456,en
EJMantillo,2017-09-15 21:42,0,0,Gov't might need over P50 B for rehab of war-torn Marawi - Manila Bulletin https:// Uu,"(['Philippines'], Location((12.7503486, 122.7312101, 0.0)))",,#TopNews,908687528831500288,https://twitter.com/EJMantillo/status/908687528831500288,en
aljacintoII,2017-09-15 21:41,0,0,Troops continue to advance into ISIS-held areas in Marawi http:// u e-to-advance-into-isis-held-areas-in-marawi/ …,"(['Mindanao'], Location((7.68980415, 125.236399692, 0.0)))",,#ISIS #Marawi #UnitedStates #Japan #Australia #GrayEagle,908687226652958720,https://twitter.com/aljacintoII/status/908687226652958720,en
aljacintoII,2017-09-15 21:41,0,0,Troops continue to advance into ISIS-held areas in Marawi | Mindanao Examiner Regional Newspaper http://,"(['Mindanao'], Location((7.68980415, 125.236399692, 0.0)))",,,908687217127694337,https://twitter.com/aljacintoII/status/908687217127694337,en
MindanaoExamine,2017-09-15 21:40,0,0,Troops continue to advance into ISIS-held areas in Marawi ... http:// U8,"(['Southern Philippines'], Location((17.4097041, 121.4382768, 0.0)))",,,908687059858087936,https://twitter.com/MindanaoExamine/status/908687059858087936,en
hyrodomado,2017-09-15 21:36,1,0,---here's my latest on Marawi https:// tatus/908639185698947072 …,"(['Manila', ' Philippines'], Location((14.5906216, 120.9799696, 0.0)))",@illied,,908685987022127104,https://twitter.com/hyrodomado/status/908685987022127104,en
Politiko_Ph,2017-09-15 21:33,0,1,Cynthia Villar extends relief aid to Marawi evacuees http:// -extends-relief-aid-to-marawi-evacuees/ …,,,,908685196169375744,https://twitter.com/Politiko_Ph/status/908685196169375744,en
bdsaguing,2017-09-15 21:27,0,0,Gov’t might need over P50 B for rehab of war-torn Marawi http:// t-might-need-over-p50-b-for-rehab-of-war-torn-marawi/ … via,"(['Rome', ' Italy'], Location((34.257038, -85.1646726, 0.0)))",@manila_bulletin,,908683778985426944,https://twitter.com/bdsaguing/status/908683778985426944,en
ajun1222,2017-09-15 21:16,0,1,If the sitting Pres did not ascend to power,,,,,,en
Politiko_Ph,2017-09-15 21:08,1,2,Bad boy,,,,,,en
bdsaguing,2017-09-15 20:50,0,0,Moro leader warns foreign aid for Marawi has 'strings attached' http:// moro-leader-warns-foreign-aid-for-marawi-has-strings-attached/ … via http://,"(['Rome', ' Italy'], Location((34.257038, -85.1646726, 0.0)))",@davaotoday,,908674429869211648,https://twitter.com/bdsaguing/status/908674429869211648,en
manilabulletin,2017-09-15 20:50,1,5,Gov’t might need over P50 B for rehab of war-torn Marawi - Read: http://,"(['Manila', ' Philippines'], Location((14.5906216, 120.9799696, 0.0)))",,#BeFullyInformed,908674265142239232,https://twitter.com/manilabulletin/status/908674265142239232,en
bdsaguing,2017-09-15 20:47,0,0,Moro leader warns foreign aid for Marawi has 'strings attached' http:// moro-leader-warns-foreign-aid-for-marawi-has-strings-attached/ … via,"(['Rome', ' Italy'], Location((34.257038, -85.1646726, 0.0)))",@davaotoday,,908673667302903809,https://twitter.com/bdsaguing/status/908673667302903809,en
j_mreyes,2017-09-15 20:46,2,0,Spox Abella said Pres Duterte skips UN Gen Assembly this Sept to minimize foreign travels,,,,,,en
AsecMargauxUson,2017-09-15 20:45,8,34,This is the same righteous courage that allowed Muslim citizens of Marawi City to protect their Christian brethren from Maute terrorists.,,,,908673150728118272,https://twitter.com/AsecMargauxUson/status/908673150728118272,en
LITechNewsPosts,2017-09-15 20:40,0,0,: Philippines Hoping for Marawi Liberation by Independence Day https:// pines-hoping-for-marawi-liberation-by-independence-day/ …,"(['Bohemia', ' NY'], Location((49.8167003, 15.4749544, 0.0)))",,#LITechNews,908671800384647168,https://twitter.com/LITechNewsPosts/status/908671800384647168,en
castillo19939,2017-09-15 20:39,0,1,File cases,"(['Philippines'], Location((12.7503486, 122.7312101, 0.0)))",,,,,en
rapplerdotcom,2017-09-15 20:35,3,4,Foreign assistance for Marawi now at P2.1B. FULL STORY: http://,"(['Philippines'], Location((12.7503486, 122.7312101, 0.0)))",,,908670687023206400,https://twitter.com/rapplerdotcom/status/908670687023206400,en
oreniaprincess,2017-09-15 20:35,0,0,Yes,"(['Republic of the Philippines'], Location((12.7503486, 122.7312101, 0.0)))",,,,,en
bengst_ph,2017-09-15 20:27,0,0,Interesting view on Marawi & IS http://,,,,908668500062777344,https://twitter.com/bengst_ph/status/908668500062777344,en
iamjohndrie,2017-09-15 20:20,0,1,...whatever happens to them during the operation in Marawi,"(['Quezon City', ' Philippines'], Location((14.6509905, 121.0486155, 0.0)))",,,,,en
iamjohndrie,2017-09-15 20:19,0,1,It was a sarcasm mam. I said it is much better that these scalawags be sent to Marawi rather than just be sacked,"(['Quezon City', ' Philippines'], Location((14.6509905, 121.0486155, 0.0)))",,,,,en
justinshunty,2017-09-15 20:19,0,1,we filipino fellow in mindanao peps already know what does it feels like to experience martial law since the marawi city incident,"(['est. 2010'], Location((-33.8641345, 151.2076795, 0.0)))",,,908666599506272257,https://twitter.com/justinshunty/status/908666599506272257,en
pinoynewsonline,2017-09-15 20:16,0,0,Marawi Speech of President Rodrigo Duterte More on... http://,"(['Republic of the Philippines'], Location((12.7503486, 122.7312101, 0.0)))",,,908665734338875393,https://twitter.com/pinoynewsonline/status/908665734338875393,en
Abogado_PH,2017-09-15 20:13,0,0,Look: Financial assistance for judges,,,,,,en
dm_reads,2017-09-15 19:58,1,0,Heavy firefight! Whole day,"(['MSU', ' Marawi City', ' Philippines'], Location((45.6638238, -111.079304308, 0.0)))",,,,,en
Rudysgadget,2017-09-15 19:50,0,0,GOD BLESS MARAWI,"(['Quezon City'], Location((14.6509905, 121.0486155, 0.0)))",,,908659270719225856,https://twitter.com/Rudysgadget/status/908659270719225856,en
LucasLukerson,2017-09-15 19:48,0,0,2 marines killed as clashes intensify . marines-killed-final-push …,"(['North Shore', ' Long Island', ' NY'], Location((30.0266871, -95.2232497, 0.0)))",,#Marawi,908658710419042305,https://twitter.com/LucasLukerson/status/908658710419042305,en
thandojo,2017-09-15 19:46,0,0,Battle for,,,,,,en
iamjohndrie,2017-09-15 19:41,0,1,I think there was a case before that a scalawag police was sent to Marawi to join the operation. I don't know how could they be of help.,"(['Quezon City', ' Philippines'], Location((14.6509905, 121.0486155, 0.0)))",,,908657034354081792,https://twitter.com/iamjohndrie/status/908657034354081792,en
charmeegmt,2017-09-15 19:40,0,0,While other ppl cry bc of lil things,"(['Iloilo City', ' Western Visayas'], Location((10.7026718, 122.5686136, 0.0)))",,,,,en
seckzi_10,2017-09-15 19:37,4,0,Awww this kid tho Marawi song,,@24OrasGMA,#ALDUBLoveConquers,908655982917459970,https://twitter.com/seckzi_10/status/908655982917459970,en
XGorgeousRigelX,2017-09-15 19:37,0,0,The Marawi song tho.,"(['Manaoag', ' Ilocos Region'], Location((16.0427609, 120.4874157, 0.0)))",,,908655961866252288,https://twitter.com/XGorgeousRigelX/status/908655961866252288,en
mostrolenk,2017-09-15 19:34,0,0,ISIS affiliate Maute a tough foe for Philippines,,,,,,en
manilabulletin,2017-09-15 19:22,1,1,Abella says Duterte wants to minimize foreign travels for now to attend to domestic concerns such as Marawi rehab |,"(['Manila', ' Philippines'], Location((14.5906216, 120.9799696, 0.0)))",@GenKabiling,,908652308954718208,https://twitter.com/manilabulletin/status/908652308954718208,en
ConceptGrp,2017-09-15 19:21,0,0,Abella says Duterte wants to minimize foreign travels for now to attend to domestic concerns such as Marawi rehab via,,@GenKabiling,,908652084379107329,https://twitter.com/ConceptGrp/status/908652084379107329,en
GenKabiling,2017-09-15 19:21,0,0,Abella says Duterte wants to minimize foreign travels for now to attend to domestic concerns such as Marawi rehab,,@manilabulletin,,908651921170243584,https://twitter.com/GenKabiling/status/908651921170243584,en
pinoynewsonline,2017-09-15 19:16,0,0,MARAWI NEWS LATEST UPDATE SEPTEMBER 1 2017 More on... http://,"(['Republic of the Philippines'], Location((12.7503486, 122.7312101, 0.0)))",,,908650638506160128,https://twitter.com/pinoynewsonline/status/908650638506160128,en
rapplerdotcom,2017-09-15 19:13,4,2,Two more marines were killed as clashes with local terrorist groups in Marawi City intensified,"(['Philippines'], Location((12.7503486, 122.7312101, 0.0)))",,,,,en
ikosmee,2017-09-15 19:07,0,1,Lord God,"(['Outer space'], Location((52.61713175, -1.10132823869, 0.0)))",,,,,en
PhilDefNews,2017-09-15 19:01,0,0,Marawi crisis more difficult than Zamboanga siege,"(['Manila', ' Philippines'], Location((14.5906216, 120.9799696, 0.0)))",,,,,en
PTVph,2017-09-15 19:01,0,2,DND says conflict in Marawi nearing its end http:// ict-marawi-nearing-end/ …,"(['Philippines'], Location((12.7503486, 122.7312101, 0.0)))",,,908646921975209984,https://twitter.com/PTVph/status/908646921975209984,en
030701Ma,2017-09-15 18:59,0,2,Mindanao is a total mess rn,,,,,,en
UnniesPH,2017-09-15 18:59,9,20,[ ] ARMYs Join and support this charity project for our fellow Filipinos in Marawi ! Attack them with LOVE https:// /901456590871470080 …,,,,908646460735942656,https://twitter.com/UnniesPH/status/908646460735942656,en
DavaoToday,2017-09-15 18:56,0,0,Moro leader warns foreign aid for Marawi has ‘strings attached’ http:// moro-leader-warns-foreign-aid-for-marawi-has-strings-attached/ …,"(['Davao City', ' Philippines'], Location((7.22650725, 125.454887691, 0.0)))",,,908645603797696513,https://twitter.com/DavaoToday/status/908645603797696513,en
1ebesate,2017-09-15 18:53,0,0,Another proxy for Uncle Sam is seeking a bigger role in the SEA reagion: “A test for Australia in Marawi ” https://,,,,908644976434733056,https://twitter.com/1ebesate/status/908644976434733056,en
ModernizePH,2017-09-15 18:53,0,0,DND seeks to replenish funds on Marawi clash http://,"(['Republic of the Philippines'], Location((12.7503486, 122.7312101, 0.0)))",,,908644834461679617,https://twitter.com/ModernizePH/status/908644834461679617,en
LOCALNEWSNgayon,2017-09-15 18:50,0,0,SAMAR | Aid reaches 7,"(['Philippines'], Location((12.7503486, 122.7312101, 0.0)))",,,,,en
PressTV,2017-09-15 18:36,27,33,WATCH: Filipino activists burn Trump-Duterte effigy over US involvement in Marawi,"(['Tehran', ' Iran'], Location((35.7006177, 51.401375, 0.0)))",,,908640684197994497,https://twitter.com/PressTV/status/908640684197994497,en
Fe_DiLeo,2017-09-15 18:36,0,1,- for - The bishop of described his city like & under attack.,"(['Somewhere'], Location((48.8440437, 2.2934455, 0.0)))",@santegidionews,#Rome #Prayer #Peace #Philippines #Marawi #Aleppo #Mosul #IS,908640648986849281,https://twitter.com/Fe_DiLeo/status/908640648986849281,en
801_wsaysay,2017-09-15 18:33,0,0,These idiots dont want americans' help sa marawi . Ingana pd sa narcos. Wew colombia = Philippines,,,,908639929986564097,https://twitter.com/801_wsaysay/status/908639929986564097,en
ZachAbuza,2017-09-15 18:32,4,0,troops engage Maute militants in day-and-night fighting in Marawi . . hilippine/marawi-folo-09142017140410.html …,,,#Philippine #BitterEnd,908639636054044677,https://twitter.com/ZachAbuza/status/908639636054044677,en
alvingperez,2017-09-15 18:31,0,0,the president should consider sending the communist rallyists to marawi to end their lives,"(['Manila City'], Location((14.5906216, 120.9799696, 0.0)))",,,,,en
EmmanHizon,2017-09-15 18:30,0,0,"HAS LOST THE WAR."" 13k dead. Peter Lim still free. Marawi in ashes. Maute still free. Friends w/ China but West PH Sea not free.""","(['Philippines'], Location((12.7503486, 122.7312101, 0.0)))",,#DUTERTE,908639232733745152,https://twitter.com/EmmanHizon/status/908639232733745152,en
StevenRoodPH,2017-09-15 18:30,2,4,ICYMI (I did) Rebuilding,,,,,,en
rapplerdotcom,2017-09-15 18:24,2,9,Marawi updates: Day 116. Story to follow on http://,"(['Philippines'], Location((12.7503486, 122.7312101, 0.0)))",,,908637642216022016,https://twitter.com/rapplerdotcom/status/908637642216022016,en
CanossaInsider,2017-09-15 18:15,4,16,A total of Php 151,"(['Sta. Rosa', ' Laguna', ' Philippines'], Location((38.4404675, -122.7144314, 0.0)))",,,,,en
Politiko_Ph,2017-09-15 18:13,0,0,. extends relief aid to Marawi evacuees http:// -extends-relief-aid-to-marawi-evacuees/ …,,@Cynthia_Villar,,908634826239963136,https://twitter.com/Politiko_Ph/status/908634826239963136,en
castillo19939,2017-09-15 18:06,0,0,And how are scalawags supposed to be helpful in the govt operations in marawi ?,"(['Philippines'], Location((12.7503486, 122.7312101, 0.0)))",,,908633070483283968,https://twitter.com/castillo19939/status/908633070483283968,en
dcmkp2,2017-09-15 18:04,0,1,i have no faith in the supreme court as the last resort considering how they decided in the burial case and the marawi one,"(['PH'], Location((12.44249325, 122.160395164, 0.0)))",,,908632602432618496,https://twitter.com/dcmkp2/status/908632602432618496,en
joeymontalvo,2017-09-15 18:03,0,0,A test for Australia in Marawi http://,"(['Makati', ' Philippines'], Location((14.55459465, 121.021407905, 0.0)))",,,908632280553287680,https://twitter.com/joeymontalvo/status/908632280553287680,en
iamjohndrie,2017-09-15 17:59,0,1,I'm referring to the operation being held by the govt troops in Marawi,"(['Quezon City', ' Philippines'], Location((14.6509905, 121.0486155, 0.0)))",,,,,en
cssrupdates,2017-09-15 17:54,10,48,Happy Community Day Canossians! The sorrows of Marawi are the sorrows of Mary,"(['Sta. Rosa', ' Laguna', ' Philippines'], Location((38.4404675, -122.7144314, 0.0)))",,#TindogMarawi,908630127143043072,https://twitter.com/cssrupdates/status/908630127143043072,en
mindanao_daily,2017-09-15 17:50,0,0,‘Be a model of decorum,"(['Cagayan de Oro City'], Location((8.42980265, 124.682410212, 0.0)))",,,,,en
mindanao_daily,2017-09-15 17:42,0,0,Duterte vows to stop child slavery in Marawi - . o-stop-child-slavery-in-marawi/ …,"(['Cagayan de Oro City'], Location((8.42980265, 124.682410212, 0.0)))",,,908626968010162176,https://twitter.com/mindanao_daily/status/908626968010162176,en
taytaypspcr,2017-09-15 17:40,0,0,On Septr 15,,,,,,en
remilitari,2017-09-15 17:33,0,0,After being unable to recapture for 4 mnth,"(['Bulgaria'], Location((42.6073975, 25.4856617, 0.0)))",,,,,en
MalayaNews,2017-09-15 17:30,0,0,The cost of martial law in Marawi http://,"(['Manila', ' Philippines'], Location((14.5906216, 120.9799696, 0.0)))",,,908624158954807297,https://twitter.com/MalayaNews/status/908624158954807297,en
castillo19939,2017-09-15 17:30,0,0,And why do you think marawi deserves scalawags?,"(['Philippines'], Location((12.7503486, 122.7312101, 0.0)))",,,908623950975873024,https://twitter.com/castillo19939/status/908623950975873024,en
OccuWorld,2017-09-15 17:28,0,0,Philippine siege leaves Marawi City in ruins .,"(['Earth'], Location((34.2331373, -102.4107493, 0.0)))",,,908623560943521792,https://twitter.com/OccuWorld/status/908623560943521792,en
fhamykirans,2017-09-15 17:27,0,0,Hahaha.. There is no more marawi,,,,,,en
PHINewsNet1,2017-09-15 17:21,0,0,:Gov't to accurately determine amount for Marawi rehab in next two weeks - Lorenzana |,"(['Manila City', ' National Capital Region'], Location((14.5906216, 120.9799696, 0.0)))",@GenKabiling,#BREAKINGNEWSNOW #OnlyInThePhilippines,908621873625186304,https://twitter.com/PHINewsNet1/status/908621873625186304,en
PHINewsNet1,2017-09-15 17:21,0,0,Lorenzana: Australia has pledged P1 Billion for Marawi . Other countries/orgs who pledged to help: US P730M,"(['Manila City', ' National Capital Region'], Location((14.5906216, 120.9799696, 0.0)))",,,,,en
PHINewsNet1,2017-09-15 17:20,0,0,Lorenzana: P50B is not enough for rehabilitation in Marawi . |,"(['Manila City', ' National Capital Region'], Location((14.5906216, 120.9799696, 0.0)))",@xtinamen,,908621435047886848,https://twitter.com/PHINewsNet1/status/908621435047886848,en
Pat1066Patrick,2017-09-15 17:19,0,0,Marawi — a metaphor for Islamic extremism in Asia http:// 1394441996?read=https%3A%2F%2Findependentaustralia.net%2Farticle-display%2Fmarawi-a-metaphor-for-islamic-extremism-in-asia%2C10717 …,"(['Ashford', ' New South Wales'], Location((51.148555, 0.8722566, 0.0)))",,,908621287320199169,https://twitter.com/Pat1066Patrick/status/908621287320199169,en
WFP_Philippines,2017-09-15 17:18,11,21,Thanks to the Australian Government,"(['Taguig City', ' Philippines'], Location((14.5266254, 121.074403, 0.0)))",,,,,en
PHINewsNet1,2017-09-15 17:17,0,0,Moody's: Marawi conflict,"(['Manila City', ' National Capital Region'], Location((14.5906216, 120.9799696, 0.0)))",,,,,en
PHINewsNet1,2017-09-15 17:17,0,0,Defense Sec Lorenzana: 670 enemies killed in Marawi conflict |,"(['Manila City', ' National Capital Region'], Location((14.5906216, 120.9799696, 0.0)))",@GenKabiling,,908620774835052553,https://twitter.com/PHINewsNet1/status/908620774835052553,en
charlesko8,2017-09-15 17:13,0,3,The Marawi city siege enters its 100th day : http:// via,,@ReutersTV,,908619865950347264,https://twitter.com/charlesko8/status/908619865950347264,en
PHINewsNet1,2017-09-15 17:09,0,0,Lorenzana: Australia has pledged P1 billion for Marawi | via,"(['Manila City', ' National Capital Region'], Location((14.5906216, 120.9799696, 0.0)))",@pia_gutierrez,,908618832842964992,https://twitter.com/PHINewsNet1/status/908618832842964992,en
PHINewsNet1,2017-09-15 17:09,0,0,Lorenzana on Marawi ops: I have been told by our commanders,"(['Manila City', ' National Capital Region'], Location((14.5906216, 120.9799696, 0.0)))",,,,,en
coachala,2017-09-15 17:06,1,2,Melindo fighting for Marawi City | http:// -fighting-marawi-city …,"(['Philippines'], Location((12.7503486, 122.7312101, 0.0)))",@cebudailynews @GlenRosal_CDN @abscbnsports @ABSCBNpr @honasantino @IBFUSBAboxing,,908618069039181824,https://twitter.com/coachala/status/908618069039181824,en
OccuWorld,2017-09-15 17:02,0,0,Marawi — a metaphor for Islamic extremism in Asia . 2,"(['Earth'], Location((34.2331373, -102.4107493, 0.0)))",,,908617081607901185,https://twitter.com/OccuWorld/status/908617081607901185,en
Altermidya,2017-09-15 16:57,1,0,LOOK: Moro,"(['Quezon City'], Location((14.6509905, 121.0486155, 0.0)))",,,,,en
jun_scorpio86,2017-09-15 16:51,1,0,At MBA Marawi City,,,,908614298989060096,https://twitter.com/jun_scorpio86/status/908614298989060096,en
DailyStarPH,2017-09-15 16:41,0,0,Gov’t might need over P50 B for rehab of war-torn Marawi » Manila Bulletin News - . d-over-p50-b-for-rehab-of-war-torn-marawi-manila-bulletin-news/ …,"(['Republic of the Philippines'], Location((12.7503486, 122.7312101, 0.0)))",,,908611659505291264,https://twitter.com/DailyStarPH/status/908611659505291264,en
leetseyin,2017-09-15 16:35,0,0,What,"(['Reading', ' UK'], Location((51.456659, -0.9696512, 0.0)))",,,,,en
usembassymanila,2017-09-15 16:30,12,35,READ: U.S. donates P730M for Marawi relief,"(['Manila', ' Philippines'], Location((14.5906216, 120.9799696, 0.0)))",,,,,en
PhauraReinz,2017-09-15 16:28,0,0,We've been duped! Apparently,"(['Philippines'], Location((12.7503486, 122.7312101, 0.0)))",,,,,en
dnl_tls,2017-09-15 16:28,0,0,Massive Blast As An Airstrike hits a Maute/ISIS Position in Marawi http://,"(['Philippines'], Location((12.7503486, 122.7312101, 0.0)))",,,908608362161541120,https://twitter.com/dnl_tls/status/908608362161541120,en
MarzanIran,2017-09-15 16:18,0,0,and I think I'll make a fanart of I'll do the first.,,@KilooGames @sybogames,#Benguet #Cavite #Marawi #Cavite,908605821910581248,https://twitter.com/MarzanIran/status/908605821910581248,en
inquirerdotnet,2017-09-15 16:17,0,2,(CONT)Pres'l spox Abella on PRRD skipping UN gen. assembly: The Pres. has to attend to pressing domestic concerns,"(['Makati City'], Location((14.5591272, 121.0202094, 0.0)))",,,,,en
carmelafonbuena,2017-09-15 16:15,2,0,Maute ratholes,"(['Manila', ' Philippines'], Location((14.5906216, 120.9799696, 0.0)))",,,,,en
newscenterPHL1,2017-09-15 16:05,0,0,:DND Sec. Lorenzana says P50B may not be enough for Marawi rehab given the extensive dmg in the city |,,@LeilasINQ,#BREAKINGNEWSNOW,908602752149864448,https://twitter.com/newscenterPHL1/status/908602752149864448,en
jun_veneracion,2017-09-15 16:03,0,2,A bit of pampering before my 3rd deployment to Marawi . Salamat http:// dare.clinic .,"(['Philippines'], Location((12.7503486, 122.7312101, 0.0)))",@jeanskinmd,,908602118054932480,https://twitter.com/jun_veneracion/status/908602118054932480,en
QLardy,2017-09-15 15:20,0,1,They got the terrorist they wanted. In Marawi,"(['Malolos'], Location((14.843759, 120.8113694, 0.0)))",,,,,en
NAOutot,2017-09-15 15:07,0,0,Visit our booth Galleria guys! Together with UNHCR,,,,,,en
newscenterPHL1,2017-09-15 14:58,0,0,Lorenzana: We requested P2.5 billion additional budget from government to sustain ops in Marawi . |,,@argyllcyrus_MB,#OnlyInThePhilippines,908585908806356992,https://twitter.com/newscenterPHL1/status/908585908806356992,en
newscenterPHL1,2017-09-15 14:58,0,0,:P50 billion not enough for Marawi rehabilitation due to damage - Lorenzana |,,@GenKabiling,#BREAKINGNEWSNOW #OnlyInThePhilippines,908585823871705089,https://twitter.com/newscenterPHL1/status/908585823871705089,en
AmyChewCNA,2017-09-15 14:52,7,3,Militants fighting in using government-owned guns,"(['Malaysia & Indonesia'], Location((-7.5388376, 112.2379849, 0.0)))",,,,,en
woontienwei,2017-09-15 14:46,0,0,A long conflict in Marawi . You can see the beautiful carving here. Wonder if anyone is sending relief to them? https://,"(['Singapore'], Location((1.2904753, 103.8520359, 0.0)))",,,908582777435521024,https://twitter.com/woontienwei/status/908582777435521024,en
highreaching,2017-09-15 14:34,0,2,True! In fair,"(['Bangsamoro', ' Southern PHL'], Location((7.19704765, 124.24517055, 0.0)))",,,,,en
misssunshaine,2017-09-15 14:31,0,0,"To sum up: Chances of Martial Law happening are very remote."" The article also talked about its extension in Marawi .""",,,,908578902229970944,https://twitter.com/misssunshaine/status/908578902229970944,en
PIACamiguin,2017-09-15 14:23,0,2,NorMin parenting group to hold fun run for Marawi displaced children https:// min-parenting-group-to-hold-fun-run-for-marawi-displaced-children/ … via,,@PIACamiguin,,908577095193731073,https://twitter.com/PIACamiguin/status/908577095193731073,en
newscenterPHL1,2017-09-15 14:22,0,0,Lorenzana: Most of P370M worth of rifles,,,,,,en
PIACamiguin,2017-09-15 14:21,0,0,NorMin parenting group to hold fun run for Marawi displaced children https:// min-parenting-group-to-hold-fun-run-for-marawi-displaced-children/ …,,,,908576493663424513,https://twitter.com/PIACamiguin/status/908576493663424513,en
newscenterPHL1,2017-09-15 14:20,0,0,[BREAKING NEWS ALERT] Marawi updates Day 116: 149 gov't forces,,,,,,en
violetagloria,2017-09-15 14:12,0,0,Because the structure is taking control on reconstruction & rehabilitation of Marawi,,,,,,en
iwriteasiwrite,2017-09-15 14:10,23,49,These fuckers bring up Mamasapano left and right. But,"(['Philippines'], Location((12.7503486, 122.7312101, 0.0)))",,,,,en
violetagloria,2017-09-15 14:09,0,1,The structure of Task Force Bangon Marawi assumed the roles & mandates of NDRRM and the management of the protection clusters.,,,,908573346954059777,https://twitter.com/violetagloria/status/908573346954059777,en
bennyccabanit,2017-09-15 14:06,2,4,Marawi war also killed 12 soldiers in a faulty air strike. Thousands of civilians traumatized,"(['Philippines'], Location((12.7503486, 122.7312101, 0.0)))",,,,,en
ijanelleski,2017-09-15 14:06,0,2,Just in case you've forgotten,"(['Manila', ' PH'], Location((14.5906216, 120.9799696, 0.0)))",,,,,en
bennyccabanit,2017-09-15 14:03,0,2,Marawi war 147 killed,"(['Philippines'], Location((12.7503486, 122.7312101, 0.0)))",,,,,en
PHPrimeMinister,2017-09-15 13:57,0,0,I know the President has intelligence reports regarding the matter. He cautioned Marawi and fought it off. I hope these leftists won't do it,,,,908570400438677504,https://twitter.com/PHPrimeMinister/status/908570400438677504,en
mariaressa,2017-09-15 13:54,2,3,Foreign assistance for Marawi now at P2.1B via http:// D,"(['Philippines'], Location((12.7503486, 122.7312101, 0.0)))",@rapplerdotcom,,908569663054815232,https://twitter.com/mariaressa/status/908569663054815232,en
acpadilla82,2017-09-15 13:51,0,0,Defense Sec Lorenzana says it will take much more than P50 billion for Marawi to fully recover …,"(['1 Commonwealth Ln', ' Singapore 149544'], Location((1.3047676, 103.7962879, 0.0)))",@bloombergtvphbloombe,#InTheLoop #CignalTVrt,908568918788210691,https://twitter.com/acpadilla82/status/908568918788210691,en
maracepeda,2017-09-15 13:49,0,1,Foreign assistance for Marawi now at P2.1B http://,"(['Manila', ' Philippines'], Location((14.5906216, 120.9799696, 0.0)))",,,908568332273573889,https://twitter.com/maracepeda/status/908568332273573889,en
bloombergtvph,2017-09-15 13:47,0,0,Defense Sec Lorenzana says it will take much more than P50 billion for Marawi to fully recover,"(['Republic of the Philippines'], Location((12.7503486, 122.7312101, 0.0)))",,#InTheLoop #CignalTV,908567951023915008,https://twitter.com/bloombergtvph/status/908567951023915008,en
SeanR85098057,2017-09-15 13:43,1,0,Official’s video in Marawi shows protocol breach in a mosque http:// DOdBfQ.twitter …,"(['Los Angeles', ' /Central America'], Location((34.054935, -118.244476, 0.0)))",,#,908566822282072069,https://twitter.com/SeanR85098057/status/908566822282072069,en
leahnavarro,2017-09-15 13:42,2,4,Based on what? A handful of protests? AFP says Marawi siege is almost won. Or to stop investigation into his and family's crimes? No basis! https:// us/908565778189791234 …,"(['Philippines'], Location((12.7503486, 122.7312101, 0.0)))",,,908566738765176838,https://twitter.com/leahnavarro/status/908566738765176838,en
SeanR85098057,2017-09-15 13:42,0,0,China donates P65M for troops wounded in Marawi fighting http:// ine-news-updates-china-marawi-president-duterte …,"(['Los Angeles', ' /Central America'], Location((34.054935, -118.244476, 0.0)))",@inquirerdotnet,,908566621756694529,https://twitter.com/SeanR85098057/status/908566621756694529,en
dumidyeypee,2017-09-15 13:38,0,0,Guys,"(['Muntinlupa City'], Location((14.3940614, 121.0410436, 0.0)))",,,,,en
ontheprocess,2017-09-15 13:37,0,0,Quick getaway from Marawi . nemAYpH78qtGdE0BhsbeetrFKM0/ …,"(['philippines'], Location((12.7503486, 122.7312101, 0.0)))",,#militaryParadeSiteSeing,908565315054747648,https://twitter.com/ontheprocess/status/908565315054747648,en
splendidgriffin,2017-09-15 13:33,0,0,Assign them to Marawi to replace the AFP personnel in the battlefield. Let's see how brave they really are. https:// tus/908530071647825920 …,"(['Makati City'], Location((14.5591272, 121.0202094, 0.0)))",,,908564425300369409,https://twitter.com/splendidgriffin/status/908564425300369409,en
OCHAAsiaPac,2017-09-15 13:31,6,6,Marawi Conflict International Humanitarian Funding Infographic (12 Sep 2017) - http://,"(['Bangkok'], Location((-7.846423, 112.1005469, 0.0)))",,#Philippines,908563900148326400,https://twitter.com/OCHAAsiaPac/status/908563900148326400,en
EagleNewsPH,2017-09-15 13:29,0,2,China,"(['Quezon City', 'Philippines'], Location((14.6509905, 121.0486155, 0.0)))",,,,,en
ohnopaige,2017-09-15 13:27,1,4,China donated P85M plus P370M worth of rifles and ammo ('although intended for use in Marawi,"(['Republic of the Philippines'], Location((12.7503486, 122.7312101, 0.0)))",,,,,en
piaranada,2017-09-15 13:20,5,7,Foreign assistance for Marawi now at P2.1B via http://,"(['Philippines'], Location((12.7503486, 122.7312101, 0.0)))",@rapplerdotcom,,908561139776200704,https://twitter.com/piaranada/status/908561139776200704,en
yafapanuk,2017-09-15 12:58,0,0,Didn khakilala a marawi . https:// us/908512592158584833 …,"(['Iligan City', ' Philippines'], Location((8.17846435, 124.470789035, 0.0)))",,,908555716130070528,https://twitter.com/yafapanuk/status/908555716130070528,en
Marawi_D,2017-09-15 12:41,0,1,Some messages come in the right time .. that's why you must not lose… . EdEHgza-q34BjdEqDefeV4QE5U0/ …,"(['Al Ahmady', ' Kuwait'], Location((25.2918201, 55.4971918, 0.0)))",,,908551233371123713,https://twitter.com/Marawi_D/status/908551233371123713,en
chasingtheskies,2017-09-15 12:38,0,0,Peace Education Sessions for Children of Marawi PH on : https:// 811,"(['Palmdale', ' CA'], Location((25.06693425, -77.3277565928, 0.0)))",@globalgiving,,908550451129327616,https://twitter.com/chasingtheskies/status/908550451129327616,en
LilyT32,2017-09-15 12:22,0,0,Philippines: Philippine Troops Engage Militants in Day-and-Night Fighting in Marawi,"(['New Zealand'], Location((-41.5000831, 172.8344077, 0.0)))",,#humanitarian #newzealand #auckland,908546502426976256,https://twitter.com/LilyT32/status/908546502426976256,en
riskmap_,2017-09-15 12:18,2,2,SECURITY: Philippines: Philippine Troops Engage Militants In Day-and-night Fighting In Marawi . 07/?utm_campaign=riskmap_ …,"(['Cardiff', ' Wales'], Location((51.4816546, -3.1791934, 0.0)))",,,908545462088515585,https://twitter.com/riskmap_/status/908545462088515585,en
iamjohndrie,2017-09-15 12:04,0,2,Good decision for NCRPO Albayalde. Much better if these Caloocan police scalawags will be sent to Marawi .,"(['Quezon City', ' Philippines'], Location((14.6509905, 121.0486155, 0.0)))",,,9.09E+17,https://twitter.com/iamjohndrie/status/908542109690368000,en
SaveChildrenPH,2017-09-15 12:00,3,1,The displaced children of Marawi are striving to get back on their feet. Thanks for all your support. http://,"(['Philippines'], Location((12.7503486, 122.7312101, 0.0)))",,#HappyFriday,908540883108118532,https://twitter.com/SaveChildrenPH/status/908540883108118532,en
llanescajourno,2017-09-15 11:49,0,0,Lorenzana: AFP needs additional P2.5 billion budget due to increased expenses over Marawi clash,,,,908538203803607040,https://twitter.com/llanescajourno/status/908538203803607040,en
rapplerdotcom,2017-09-15 11:43,1,7,LIVE: Marawi Updates: Day 116 . videos/1769781583042617/ …,"(['Philippines'], Location((12.7503486, 122.7312101, 0.0)))",,,908536628674621442,https://twitter.com/rapplerdotcom/status/908536628674621442,en
llanescajourno,2017-09-15 11:40,0,0,Defense Secretary Lorenzana: Restoring Marawi City will cost over P50 billion,,,,908535911167623169,https://twitter.com/llanescajourno/status/908535911167623169,en
rapplerdotcom,2017-09-15 11:31,3,9,Marawi updates Day 116: 149 gov't forces,"(['Philippines'], Location((12.7503486, 122.7312101, 0.0)))",,,,,en
PTVph,2017-09-15 11:21,0,0,NEWS & VIEWS: China donates P65 million medical care of Marawi troops . PDwtI …,"(['Philippines'], Location((12.7503486, 122.7312101, 0.0)))",,,908531285823438848,https://twitter.com/PTVph/status/908531285823438848,en
PhilippineStar,2017-09-15 11:19,0,1,Lorenzana: AFP is asking P2.5-B additional budget from the Budget department to augment operations in Marawi . |,"(['Philippines'], Location((12.7503486, 122.7312101, 0.0)))",@xtinamen,,908530572535803904,https://twitter.com/PhilippineStar/status/908530572535803904,en
rapplerdotcom,2017-09-15 11:17,1,1,Lorenzana: P50 billion not enough to cover cost of Marawi rehabilitation. We'll know exact figure in 2 weeks once assessment is done.,"(['Philippines'], Location((12.7503486, 122.7312101, 0.0)))",,,908530159761842177,https://twitter.com/rapplerdotcom/status/908530159761842177,en
gabrielaphils,2017-09-15 11:16,7,10,Sandugo leader reveals US interest in mining,"(['PHILIPPINES'], Location((12.7503486, 122.7312101, 0.0)))",,,,,en
xtinamen,2017-09-15 11:16,0,0,Lorenzana: AFP asking P2.5-B additional budget from the Budget department to augment operations in Marawi,"(['manila', ' ph'], Location((14.5906216, 120.9799696, 0.0)))",,,908529923949715456,https://twitter.com/xtinamen/status/908529923949715456,en
inquirerdotnet,2017-09-15 11:16,3,0,Sec. Lorenzana says DND sought an add'l budget of P2.5B this year to replenish funds depleted by the Marawi conflict |,"(['Makati City'], Location((14.5591272, 121.0202094, 0.0)))",@LeilasINQ,,908529882358890496,https://twitter.com/inquirerdotnet/status/908529882358890496,en
xtinamen,2017-09-15 11:15,0,0,Lorenzana: P50B not enough for rehab in Marawi,"(['manila', ' ph'], Location((14.5906216, 120.9799696, 0.0)))",,,908529749173059584,https://twitter.com/xtinamen/status/908529749173059584,en
manilabulletin,2017-09-15 11:15,0,0,Gov't to accurately determine amount for Marawi rehab in next two weeks - Lorenzana |,"(['Manila', ' Philippines'], Location((14.5906216, 120.9799696, 0.0)))",@GenKabiling,,908529723013160960,https://twitter.com/manilabulletin/status/908529723013160960,en
aileentaliping,2017-09-15 11:15,0,0,Sec. Lorenzana: We are not using the modernization to operate in Marawi,"(['Philippines'], Location((12.7503486, 122.7312101, 0.0)))",@abantenews,,908529687617445888,https://twitter.com/aileentaliping/status/908529687617445888,en
manilabulletin,2017-09-15 11:15,0,1,P50 billion not enough for Marawi rehabilitation due to damage - Lorenzana |,"(['Manila', ' Philippines'], Location((14.5906216, 120.9799696, 0.0)))",@GenKabiling,,908529637180846081,https://twitter.com/manilabulletin/status/908529637180846081,en
LeilasINQ,2017-09-15 11:14,1,0,Sec. Lorenzana says DND sought an add'l budget of P2.5B this year to replenish funds depleted by the Marawi conflict,,,,908529489134489601,https://twitter.com/LeilasINQ/status/908529489134489601,en
jpjbencito,2017-09-15 11:13,0,0,Lorenzana: We requested [from DBM] for P2.5b supplemental budget (for ongoing Marawi operations),"(['Philippines'], Location((12.7503486, 122.7312101, 0.0)))",,,908529290727137282,https://twitter.com/jpjbencito/status/908529290727137282,en
ABSCBNNews,2017-09-15 11:13,1,0,Lorenzana: We have requested P2.5 billion additional funding for AFP to sustain requirements for the Marawi operations |,"(['Manila', ' Philippines'], Location((14.5906216, 120.9799696, 0.0)))",@pia_gutierrez,,908529221936472065,https://twitter.com/ABSCBNNews/status/908529221936472065,en
inquirerdotnet,2017-09-15 11:13,0,0,DND Sec. Lorenzana says P50B may not be enough for Marawi rehab given the extensive dmg in the city | . /videos/10156177615904453/ …,"(['Makati City'], Location((14.5591272, 121.0202094, 0.0)))",@LeilasINQ,,908529169415364609,https://twitter.com/inquirerdotnet/status/908529169415364609,en
argyllcyrus_MB,2017-09-15 11:13,0,0,Lorenzana: We requested P2.5 billion additional budget from government to sustain ops in Marawi .,"(['Manila City'], Location((14.5906216, 120.9799696, 0.0)))",,,908529148007563264,https://twitter.com/argyllcyrus_MB/status/908529148007563264,en
DZMMTeleRadyo,2017-09-15 11:13,1,6,Sec. Delfin Lorenzana: P50 billion is not enough for the rehabilitation of Marawi City | via,"(['ABS-CBN', ' Diliman', ' Quezon City'], Location((11.5874907, 122.7520466, 0.0)))",@dzmmRP45,,908529072489168896,https://twitter.com/DZMMTeleRadyo/status/908529072489168896,en
ANCALERTS,2017-09-15 11:12,0,1,Lorenzana: P50 Billion pesos not enough to rehabilitate Marawi |,"(['Philippines'], Location((12.7503486, 122.7312101, 0.0)))",@pia_gutierrez,,908529049894510592,https://twitter.com/ANCALERTS/status/908529049894510592,en
pia_gutierrez,2017-09-15 11:12,1,1,Lorenzana: We have requested P2.5 Billion additional funding for AFP to sustain requirements for the Marawi operations,"(['Quezon City', ' Philippines'], Location((14.6509905, 121.0486155, 0.0)))",,,908529037072506880,https://twitter.com/pia_gutierrez/status/908529037072506880,en
LeilasINQ,2017-09-15 11:12,2,0,DND Sec. Lorenzana says P50B may not be enough for Marawi rehab given the extensive damage in the city,,,,908528988955578368,https://twitter.com/LeilasINQ/status/908528988955578368,en
GenKabiling,2017-09-15 11:12,0,0,Govt to accurately determine amount for Marawi rehab in next two weeks - Lorenzana,,@manilabulletin,,908528936094638081,https://twitter.com/GenKabiling/status/908528936094638081,en
dzmmRP45,2017-09-15 11:12,0,1,Sec. Delfin lorenzana: P50 billion is not enough for the rehabilitation of Marawi city,"(['Philippines'], Location((12.7503486, 122.7312101, 0.0)))",@DZMMTeleRadyo,,908528878989172736,https://twitter.com/dzmmRP45/status/908528878989172736,en
aileentaliping,2017-09-15 11:12,0,0,Sec. Lorenzana: P50 billion is not enough for Marawi rehabilitation,"(['Philippines'], Location((12.7503486, 122.7312101, 0.0)))",@AbanteNews,,908528815265030144,https://twitter.com/aileentaliping/status/908528815265030144,en
ABSCBNNews,2017-09-15 11:11,4,2,Lorenzana: P50 billion not enough to rehabilitate Marawi | via,"(['Manila', ' Philippines'], Location((14.5906216, 120.9799696, 0.0)))",@pia_gutierrez,,908528786517377029,https://twitter.com/ABSCBNNews/status/908528786517377029,en
GenKabiling,2017-09-15 11:11,0,0,P50 billion not enough for Marawi rehabilitation due to damage - Lorenzana,,@manilabulletin,,908528736814776321,https://twitter.com/GenKabiling/status/908528736814776321,en
pia_gutierrez,2017-09-15 11:11,1,2,Lorenzana: P50 Billion pesos not enough to rehabilitate Marawi,"(['Quezon City', ' Philippines'], Location((14.6509905, 121.0486155, 0.0)))",,,908528676173516800,https://twitter.com/pia_gutierrez/status/908528676173516800,en
PhilippineStar,2017-09-15 11:11,4,2,Lorenzana: Some of the guns from China were used by SAF troopers in Marawi . But we have sufficient FAs in the Armed Forces. |,"(['Philippines'], Location((12.7503486, 122.7312101, 0.0)))",@xtinamen,,908528669018144768,https://twitter.com/PhilippineStar/status/908528669018144768,en
ANCALERTS,2017-09-15 11:10,0,2,Lorenzana: Australia has pledged P1 Billion pesos for Marawi |,"(['Philippines'], Location((12.7503486, 122.7312101, 0.0)))",@pia_gutierrez,,908528509127028738,https://twitter.com/ANCALERTS/status/908528509127028738,en
pia_gutierrez,2017-09-15 11:10,1,2,Lorenzana: Australia has pledged P1 Billion pesos for Marawi,"(['Quezon City', ' Philippines'], Location((14.6509905, 121.0486155, 0.0)))",,,908528437425463296,https://twitter.com/pia_gutierrez/status/908528437425463296,en
philmonitor,2017-09-15 11:10,0,0,China aids wounded troops in Marawi City; donates P65M - . 20 17/09/china-aids-wounded-troops-in-marawi-city-donates-p65m/ … via,"(['Republic of the Philippines'], Location((12.7503486, 122.7312101, 0.0)))",@philmonitor,,908528432409141248,https://twitter.com/philmonitor/status/908528432409141248,en
jpjbencito,2017-09-15 11:10,0,0,Lorenzana: Some of the guns from China were used by SAF troopers in Marawi,"(['Philippines'], Location((12.7503486, 122.7312101, 0.0)))",,,908528365501476864,https://twitter.com/jpjbencito/status/908528365501476864,en
xtinamen,2017-09-15 11:09,0,0,Lorenzana: Some of the guns from China were used by SAF troopers in Marawi . But we have sufficient FAs in the Armed Forces.,"(['manila', ' ph'], Location((14.5906216, 120.9799696, 0.0)))",,,908528272039743488,https://twitter.com/xtinamen/status/908528272039743488,en
PhilippineStar,2017-09-15 11:06,0,0,Lorenzana points to an area in a map of Marawi where the fighting is still ongoing. | 8,"(['Philippines'], Location((12.7503486, 122.7312101, 0.0)))",@xtinamen,,908527486664765440,https://twitter.com/PhilippineStar/status/908527486664765440,en
cnnphilippines,2017-09-15 11:06,0,0,Defense Sec. Delfin Lorenzana: Ground commanders say Marawi conflict almost over | LIVE http:// d,,,,908527404938858508,https://twitter.com/cnnphilippines/status/908527404938858508,en
DZAR1026,2017-09-15 11:06,0,0,LOOK: Marawi updates as of Sept. 15,"(['ACQ Tower', ' Makati City', ' Philippines'], Location((14.5608377, 121.042507237, 0.0)))",,,,,en
xtinamen,2017-09-15 11:05,0,0,Lorenzana points to an area in a map of Marawi where the fighting is still ongoing.,"(['manila', ' ph'], Location((14.5906216, 120.9799696, 0.0)))",,,908527133894389760,https://twitter.com/xtinamen/status/908527133894389760,en
manilabulletin,2017-09-15 11:04,0,0,Lorenzana on Marawi crisis: Konting tiis na lang. Our troops are doing their best. |,"(['Manila', ' Philippines'], Location((14.5906216, 120.9799696, 0.0)))",@argyllcyrus_MB,,908527018332921856,https://twitter.com/manilabulletin/status/908527018332921856,en
manilabulletin,2017-09-15 11:04,5,3,Lorenzana says Australia promised P1B in Marawi aid; US,"(['Manila', ' Philippines'], Location((14.5906216, 120.9799696, 0.0)))",,,,,en
argyllcyrus_MB,2017-09-15 11:04,0,1,Lorenzana on Marawi crisis: Konting tiis na lang. Our troops are doing their best.,"(['Manila City'], Location((14.5906216, 120.9799696, 0.0)))",@manilabulletin,,908526896068956160,https://twitter.com/argyllcyrus_MB/status/908526896068956160,en
pia_gutierrez,2017-09-15 11:03,1,1,Marawi updates: 670 Maute terrorists killed 1,"(['Quezon City', ' Philippines'], Location((14.6509905, 121.0486155, 0.0)))",,,908526626161401856,https://twitter.com/pia_gutierrez/status/908526626161401856,en
inquirerdotnet,2017-09-15 11:03,0,0,Latest update on Marawi conflict: | Watch: . /videos/10156177615904453/ … 8,"(['Makati City'], Location((14.5591272, 121.0202094, 0.0)))",@LeilasINQ,,908526623195934720,https://twitter.com/inquirerdotnet/status/908526623195934720,en
ANCALERTS,2017-09-15 11:01,2,1,Latest update on the Marawi death toll |,"(['Philippines'], Location((12.7503486, 122.7312101, 0.0)))",@dgplacido,,908526177328840705,https://twitter.com/ANCALERTS/status/908526177328840705,en
ANCALERTS,2017-09-15 11:01,1,12,Defense Sec. Delfin Lorenzana gives updates on Marawi |,"(['Philippines'], Location((12.7503486, 122.7312101, 0.0)))",@dgplacido,,908526046147784704,https://twitter.com/ANCALERTS/status/908526046147784704,en
LeilasINQ,2017-09-15 11:00,1,0,Latest update on Marawi conflict:,,,,908525990317395968,https://twitter.com/LeilasINQ/status/908525990317395968,en
manilabulletin,2017-09-15 11:00,3,0,Lorenzana: 147 troops,"(['Manila', ' Philippines'], Location((14.5906216, 120.9799696, 0.0)))",,,,,en
enajsancho,2017-09-15 11:00,0,0,Marawi updates as of Sept 15,"(['makati', ' philippines'], Location((14.55459465, 121.021407905, 0.0)))",,,,,en
jpjbencito,2017-09-15 11:00,0,0,Updates on Marawi efforts,"(['Philippines'], Location((12.7503486, 122.7312101, 0.0)))",,,908525919966347264,https://twitter.com/jpjbencito/status/908525919966347264,en
pia_gutierrez,2017-09-15 11:00,1,1,Defense Secretary Delfin Lorenzana,"(['Quezon City', ' Philippines'], Location((14.6509905, 121.0486155, 0.0)))",,,,,en
manilabulletin,2017-09-15 11:00,1,7,NOW: Marawi Hour,"(['Manila', ' Philippines'], Location((14.5906216, 120.9799696, 0.0)))",,,908525865713258501,https://twitter.com/manilabulletin/status/908525865713258501,en
dgplacido,2017-09-15 11:00,0,0,Latest update on the Marawi death toll,"(['Manila', ' Philippines'], Location((14.5906216, 120.9799696, 0.0)))",@ABSCBNNews,,908525848868700160,https://twitter.com/dgplacido/status/908525848868700160,en
dgplacido,2017-09-15 10:59,0,0,Defense Sec. Delfin Lorenzana gives updates on Marawi,"(['Manila', ' Philippines'], Location((14.5906216, 120.9799696, 0.0)))",@ABSCBNNews,,908525722628530176,https://twitter.com/dgplacido/status/908525722628530176,en
GenKabiling,2017-09-15 10:59,0,0,Defense Sec Lorenzana: 670 enemies killed in Marawi conflict,,@manilabulletin,,908525627711434752,https://twitter.com/GenKabiling/status/908525627711434752,en
HolyNamians,2017-09-15 10:54,0,0,ISIS attack in Marawi - Documentary https:// 9,"(['Tagbilaran', ' Bohol'], Location((9.640552, 123.8565764, 0.0)))",,,908524391377637376,https://twitter.com/HolyNamians/status/908524391377637376,en
ptiongson,2017-09-15 10:50,1,0,If you're in the Philippines,"(['Asia'], Location((56.0000002, 103.9999998, 0.0)))",,,,,en
LITechNewsPosts,2017-09-15 10:50,0,0,: Indonesian Police Arrest Suspected Marawi Siege Recruiter https:// sian-police-arrest-suspected-marawi-siege-recruiter/ …,"(['Bohemia', ' NY'], Location((49.8167003, 15.4749544, 0.0)))",,#LITechNews #Arrested #Police #YouTube,908523357217394688,https://twitter.com/LITechNewsPosts/status/908523357217394688,en
af1Rzu3pccdicpT,2017-09-15 10:40,0,1,Philippines Military Fighting ISIL-Linked Group in Marawi,"([""People's Republic of China""], Location((35.000074, 104.999927, 0.0)))",,,908520756807471104,https://twitter.com/af1Rzu3pccdicpT/status/908520756807471104,en
terrorism_info,2017-09-15 10:39,0,0,Military giving terrorists in Marawi a chance to surrender http:// ry-giving-terrorists-in-marawi-a-chance-to-surrender.html …,,,#MarawiCity,908520549911064576,https://twitter.com/terrorism_info/status/908520549911064576,en
RaulDancel,2017-09-15 10:30,0,0,Moody's: Marawi,"(['Singapore'], Location((1.2904753, 103.8520359, 0.0)))",,,,,en
angelacoloms,2017-09-15 10:18,0,0,Tapos irere-assign sa Marawi . HAHA trying hard to appease the public ano https:// /status/908508998550274048 …,,,,908515344674824192,https://twitter.com/angelacoloms/status/908515344674824192,en
jeffcanoy,2017-09-15 10:18,4,34,Random thought this morning: 4 months of my 2017 have circled around Marawi . I mean...,"(['Republic of the Philippines'], Location((12.7503486, 122.7312101, 0.0)))",,,908515249547968512,https://twitter.com/jeffcanoy/status/908515249547968512,en
elpresto777,2017-09-15 10:14,0,0,“A test for Australia in Marawi ” https://,"(['Australia + Philippines'], Location((14.4850721, 121.039632, 0.0)))",,,,,en
CBCPNews_Nirva,2017-09-15 10:13,0,0,Church execs: 'Lighten Marawi crisis through kind words,"(['Republic of the Philippines'], Location((12.7503486, 122.7312101, 0.0)))",,,,,en
ABSCBNNews,2017-09-15 10:09,8,23,LOOK: [Day 116] Main battle area in Marawi | via u,"(['Manila', ' Philippines'], Location((14.5906216, 120.9799696, 0.0)))",@jeffcanoy,#MarawiClash,908513082422419457,https://twitter.com/ABSCBNNews/status/908513082422419457,en
itradeph,2017-09-15 10:03,0,1,MOODY'S SEES WATERED DOWN TAX REFORM,,,,,,en
DLSU_LSPO,2017-09-15 10:01,0,0,CBCP sets 40 days of prayer for drug war,"(['Manila', ' Philippines'], Location((14.5906216, 120.9799696, 0.0)))",,,,,en
bobcooper2342,2017-09-15 9:54,0,0,I liked a video http:// Al Jazeera investigates Marawi . Is the story accurate? ~Share,,@YouTube,,908509213835612160,https://twitter.com/bobcooper2342/status/908509213835612160,en
GMPilipinas,2017-09-15 9:36,0,0,NEWS & VIEWS: China donates P65 million medical care of Marawi troops; Sereno denies hidden wealth,"(['Philippines'], Location((12.7503486, 122.7312101, 0.0)))",,,,,en
foodevolutionph,2017-09-15 9:35,1,0,DA-ACPC extends assistance to small farmers and fisherfolk affected by Marawi conflict . c-extends-assistance-small-farmers-fisherfolk-affected-marawi-conflict/ …,,@mannypinol @SEFPinol,,908504567901388801,https://twitter.com/foodevolutionph/status/908504567901388801,en
InqNational,2017-09-15 9:33,0,0,5 soldiers in Marawi battle get awards http://,"(['Manila', ' Philippines'], Location((14.5906216, 120.9799696, 0.0)))",,,908503927532015621,https://twitter.com/InqNational/status/908503927532015621,en
GENUG,2017-09-15 9:24,0,0,Is Marawi a Harbinger of Chaos to Come? http:// awi-a-harbinger-of-chaos-to-come/ …,"(['Tehran. Persia'], Location((35.7006177, 51.401375, 0.0)))",@Diplomat_APAC,,908501755394174976,https://twitter.com/GENUG/status/908501755394174976,en
inquirer_libre,2017-09-15 9:24,1,0,Militants fighting in Marawi using gov’t-owned guns,"(['Philippines'], Location((12.7503486, 122.7312101, 0.0)))",,,,,en
cebudailynews,2017-09-15 9:21,1,2,Melindo fighting for Marawi City http://,"(['NRA', ' Cebu City', ' Philippines'], Location((39.369933, -120.233522, 0.0)))",,,908500946098978817,https://twitter.com/cebudailynews/status/908500946098978817,en
cnnphilippines,2017-09-15 9:15,1,4,Military giving terrorists in Marawi a chance to surrender http://,,,,908499359410647040,https://twitter.com/cnnphilippines/status/908499359410647040,en
ALAPromotions1,2017-09-15 9:12,2,2,Melindo fighting for Marawi City | Cebu Daily News http:// -fighting-marawi-city.LkKv9fqi.uxfs … via,,@inquirerdotnet,#sthash,908498829904723968,https://twitter.com/ALAPromotions1/status/908498829904723968,en
GuJerwin,2017-09-15 9:07,0,0,Girl from Marawi,,,,908497544556175360,https://twitter.com/GuJerwin/status/908497544556175360,en
arttgarcia1,2017-09-15 9:06,0,0,Padala mo lahat sa Marawi sir. Now you believed there's something wrong with ur organization.,"(['QC'], Location((52.4760892, -71.8258668, 0.0)))",,,908497207191470080,https://twitter.com/arttgarcia1/status/908497207191470080,en
blacklifeinphil,2017-09-15 8:58,0,0,Duterte on wearing boots inside Marawi mosque: No disrespect,"(['Republic of the Philippines'], Location((12.7503486, 122.7312101, 0.0)))",,,,,en
T_Klumklomchit,2017-09-15 8:29,9,2,arrests 3 suspects. One alledgedly planned to join a conflict in either or . https://,,,#Malaysia #terrorist #Marawi #Rakhine,908487957689987072,https://twitter.com/T_Klumklomchit/status/908487957689987072,en
PCSOLotteryDraw,2017-09-15 8:23,0,0,I liked a video http:// MARAWI CITY UPDATE SEPT.15,,,,,,en
vincedorsett1,2017-09-15 8:20,0,0,"Frontlines | S5 E5: The Siege of Marawi : Fighting ISIS in the Far East"" https:// via ""","(['Tucson', ' Az.'], Location((32.2218917, -110.9262353, 0.0)))",@YouTube,,908485720121131008,https://twitter.com/vincedorsett1/status/908485720121131008,en
StarFMZamboanga,2017-09-15 8:16,0,0,Marawi siege,"(['Zamboanga City'], Location((6.9046004, 122.0763695, 0.0)))",,,,,en
skinnergj,2017-09-15 8:09,0,0,A test for Australia in Marawi . r/test-australia-marawi … via,"(['Sydney', ' New South Wales'], Location((-33.8548157, 151.2164539, 0.0)))",@skinnergj,,908482881990803456,https://twitter.com/skinnergj/status/908482881990803456,en
LITechNewsPosts,2017-09-15 8:08,0,0,: Philippines: ISIS-Linked Group Leader Hapilon Hiding in Marawi Mosque https:// pines-isis-linked-group-leader-hapilon-hiding-in-marawi-mosque/ …,"(['Bohemia', ' NY'], Location((49.8167003, 15.4749544, 0.0)))",,#LITechNews #DefenseSec #ISIS #Military,908482497054494721,https://twitter.com/LITechNewsPosts/status/908482497054494721,en
zyiteblog,2017-09-15 8:04,0,0,Philippines Military Fighting ISIL-Linked Group in Marawi - TEHRAN (FNA)- Philippines' military troops fighting... http://,,,,908481510831017984,https://twitter.com/zyiteblog/status/908481510831017984,en
PhilDefNews,2017-09-15 7:46,0,0,A test for Australia in Marawi,"(['Manila', ' Philippines'], Location((14.5906216, 120.9799696, 0.0)))",,,908477141490081797,https://twitter.com/PhilDefNews/status/908477141490081797,en
PhilDefNews,2017-09-15 7:46,1,2,"This looks like one of the last videos by Capt. Sandoval, a Scout Ranger officer who died in Marawi recently","(['Manila', ' Philippines'], Location((14.5906216, 120.9799696, 0.0)))",,,908477015270895616,https://twitter.com/PhilDefNews/status/908477015270895616,en
aamaaltis,2017-09-15 7:44,0,6,How sad we ppl of marawi watch our beloved city burned and turned into ashes. Yesterday U,"(['Marawi City'], Location((8.0034938, 124.286626, 0.0)))",,,908476455163531265,https://twitter.com/aamaaltis/status/908476455163531265,en
aamaaltis,2017-09-15 7:43,0,3,How sad we ppl of marawi watch our beloved city burned and turned into ashes. Yesterday,"(['Marawi City'], Location((8.0034938, 124.286626, 0.0)))",,,908476432078094336,https://twitter.com/aamaaltis/status/908476432078094336,en
Philippinefails,2017-09-15 7:23,0,0,this is more important! investigate now! senatePH must Investigate Prior Knowledge of the Marawi Attack SCPh_PIOpic,,@ @,,908471370505273344,https://twitter.com/Philippinefails/status/908471370505273344,en
juztpost,2017-09-15 7:21,0,0,"juztpost Marawi crisis more difficult than Zamboanga siege, military says","(['Republic of the Philippines'], Location((12.7503486, 122.7312101, 0.0)))",,#,908470760267816960,https://twitter.com/juztpost/status/908470760267816960,en
PTVph,2017-09-15 7:20,0,1,NEWS: AFP allows mediamen in Marawi's Ground Zero,"(['Philippines'], Location((12.7503486, 122.7312101, 0.0)))",,,908470416561393664,https://twitter.com/PTVph/status/908470416561393664,en
Philippinefails,2017-09-15 7:12,0,0,senatePH must Investigate Prior Knowledge of the Marawi Attack its not a game investigate now!,,@ @,,908468510623285248,https://twitter.com/Philippinefails/status/908468510623285248,en
Ivan226622,2017-09-15 7:11,0,0,"FLASH: Militants fighting in Marawi using gov’t-owned guns, says Army exec: MARAWI CITY…",,,,908468265260847106,https://twitter.com/Ivan226622/status/908468265260847106,en
ANCALERTS,2017-09-15 6:59,0,0,ANCEarlyEdition Forbes: Some investors may be more cautious in learning more about the PH with the issue of the Marawi crisis.,"(['Philippines'], Location((12.7503486, 122.7312101, 0.0)))",,#,908465210154872832,https://twitter.com/ANCALERTS/status/908465210154872832,en
dwiz882,2017-09-15 6:58,0,0,Kakilala: We will push through with the rehabilitation in Marawi as soon as possible.,"(['Pasig City', ' Philippines'], Location((9.7771753, 125.4915723, 0.0)))",,,908464951085248512,https://twitter.com/dwiz882/status/908464951085248512,en
ysabellamariaII,2017-09-15 6:54,0,1,"Guys if you want to make a difference, do something for our country. Be an advocate unicefphils Marawi",,@,#,908463978912686080,https://twitter.com/ysabellamariaII/status/908463978912686080,en
nerowattz,2017-09-15 6:52,0,0,"Militants fighting in Marawi using gov’t-owned guns, says Army exec InquirerMobilehttp://D","(['Makati City'], Location((14.5591272, 121.0202094, 0.0)))",,,908463422832103424,https://twitter.com/nerowattz/status/908463422832103424,en
irinnews,2017-09-15 6:49,0,1,"The longer the conflict drags on, the deeper the damage. Marawi Philippines","(['Geneva', ' Switzerland'], Location((42.8689552, -76.9777436, 0.0)))",,# #,908462644675383296,https://twitter.com/irinnews/status/908462644675383296,en
LowyInstitute,2017-09-15 6:48,1,0,"Engagement in Mindanao post-Marawi is a litmus test for Australia, argues Olivia Shen","(['Sydney', ' Australia'], Location((-33.8548157, 151.2164539, 0.0)))",,,908462363308810240,https://twitter.com/LowyInstitute/status/908462363308810240,en
nerowattz,2017-09-15 6:41,0,0,5 soldiers in Marawi battle get awards InquirerMobilehttp://2,"(['Makati City'], Location((14.5591272, 121.0202094, 0.0)))",,,908460651449913344,https://twitter.com/nerowattz/status/908460651449913344,en
bilyonaryo_ph,2017-09-15 6:20,3,0,"Dominguez wants World Bank’s help for infra plan, Marawi rehab",,,,908455319411548160,https://twitter.com/bilyonaryo_ph/status/908455319411548160,en
RMNIloilo774,2017-09-15 6:14,0,0,President Rodrigo Duterte visits troops in war-torn Marawi City for the fourth time. TatakRMN via Presidential Comm,"(['Iloilo City', ' Western Visayas'], Location((10.7026718, 122.5686136, 0.0)))",,#,908454003461128192,https://twitter.com/RMNIloilo774/status/908454003461128192,en
ComedyLizard,2017-09-15 5:49,0,0,"I liked a YouTube video Frontlines | S5 E5: The Siege of Marawi: Fighting ISIS in the Far East""""",,@,,908447625636122627,https://twitter.com/ComedyLizard/status/908447625636122627,en
EyeOnExtremists,2017-09-15 5:49,0,0,Fleeing ISIS in the Philippines: 'I will never go back to Marawi' -,"(['Sacramento', ' CA'], Location((38.5815719, -121.4943996, 0.0)))",,,908447579469316096,https://twitter.com/EyeOnExtremists/status/908447579469316096,en
rfpmalayao,2017-09-15 5:45,0,0,Duterte reiterates threat to crush NPA rebels after Marawi crisis,,,,908446647796998146,https://twitter.com/rfpmalayao/status/908446647796998146,en
jheffdeleon,2017-09-15 5:37,0,0,"I added a video to a YouTube playlist Marawi crisis more difficult than Zamboanga siege, military says",,@,,908444545850990597,https://twitter.com/jheffdeleon/status/908444545850990597,en
egdsgn,2017-09-15 5:30,0,0,"Marawi crisis more difficult than Zamboanga siege, military says","(['Davao City', ' Davao Region'], Location((7.22650725, 125.454887691, 0.0)))",,,908442926304448512,https://twitter.com/egdsgn/status/908442926304448512,en
bdsaguing,2017-09-15 3:30,0,0,Rody defends visit to Marawi Grand Mosque PhilstarNews,"(['Rome', ' Italy'], Location((34.257038, -85.1646726, 0.0)))",@,,908412534654300160,https://twitter.com/bdsaguing/status/908412534654300160,en
real_zoweh_galz,2017-09-15 3:24,0,1,Waging my wars behind my face and above my throat bitch Maute is done with marawi. The next terrorist attack will happen inside my brainz,,,,908411026139262976,https://twitter.com/real_zoweh_galz/status/908411026139262976,en
xtriadx,2017-09-15 3:04,1,0,If you do not know what is going on in Marawi Philippines watch this video..lays it all out. TheWar ISIShttps://,"(['Western Washington USA'], Location((41.8828698, -87.686316, 0.0)))",,# # # #,908406236403470336,https://twitter.com/xtriadx/status/908406236403470336,en
pavelvond,2017-09-15 3:04,1,1,"Getting the reconstruction of Marawi right will be critical for preventing further conflict and extremism in the Philippines"". Preciselyhttps://""","(['Prague', ' Czech Republic'], Location((35.4867369, -96.6850174, 0.0)))",,# #,908406004383191041,https://twitter.com/pavelvond/status/908406004383191041,en
elmocanuck,2017-09-15 3:01,2,16,Mcleans is a POS. Rohinghya killing buddhists hindus. Phillipines Marawi city under attack. Canings sharia in Indonesia. Europe on fire. Ffs,"(['Vancouver'], Location((49.2608724, -123.1139529, 0.0)))",,,908405269658398720,https://twitter.com/elmocanuck/status/908405269658398720,en
PhilippineStar,2017-09-15 3:00,0,1,Rody defends visit to Marawi Grand Mosque,"(['Philippines'], Location((12.7503486, 122.7312101, 0.0)))",,,908404999457169408,https://twitter.com/PhilippineStar/status/908404999457169408,en
ramboleen,2017-09-15 2:48,1,1,"Frontlines | S5 E5: The Siege of Marawi: Fighting ISIS in the Far East"" via YouTube""",,@,,908402009707044864,https://twitter.com/ramboleen/status/908402009707044864,en
egdsgn,2017-09-15 2:44,0,0,AFP allows mediamen in Marawi’s Ground Zero,"(['Davao City', ' Davao Region'], Location((7.22650725, 125.454887691, 0.0)))",,,908401054039117826,https://twitter.com/egdsgn/status/908401054039117826,en
Inq_Opinion,2017-09-15 2:41,0,0,ICYMI: The Feast of Sacrifice in Marawi U,"(['Philippines'], Location((12.7503486, 122.7312101, 0.0)))",,,908400295339798532,https://twitter.com/Inq_Opinion/status/908400295339798532,en
ejr_magsino,2017-09-15 2:37,0,0,"Rest In Peace, fallen soldiers in Marawi and police officers killed in the war on drugs.","(['Batangas', ' Philippines'], Location((13.916453, 121.0864884, 0.0)))",,,908399195396042753,https://twitter.com/ejr_magsino/status/908399195396042753,en
BenarPhilippine,2017-09-15 2:21,0,0,Philippine Troops Engage Militants in Day-And-Night Fighting in Marawi,"(['Washington', ' DC'], Location((38.8949549, -77.0366456, 0.0)))",,,908395241664892928,https://twitter.com/BenarPhilippine/status/908395241664892928,en
Frenemy1080,2017-09-15 2:17,3,4,"After seeing what happened in Marawi, the next idiot who suggests rebellion will be killed by their neighbors long before police arrive.","(['United States'], Location((39.7837304, -100.4458825, 0.0)))",,,908394194653376518,https://twitter.com/Frenemy1080/status/908394194653376518,en
elmocanuck,2017-09-15 2:14,0,1,Canings in Indonesia. Sharia. Phillipines Marawi under attack. Rohinghya attacking Buddhists Hindus and their holy sites. Islam,"(['Vancouver'], Location((49.2608724, -123.1139529, 0.0)))",,,908393451430977536,https://twitter.com/elmocanuck/status/908393451430977536,en
therussophile,2017-09-15 2:12,2,1,Local Militants Unite With Philippine Army To Counter ISIS In Marawi City -,"(['Moscow'], Location((46.7323875, -117.0001651, 0.0)))",,,908393016897011714,https://twitter.com/therussophile/status/908393016897011714,en
FerPentes,2017-09-15 2:02,0,0,China donates P65M for troops wounded in Marawi fighting,"(['Brussels'], Location((50.8465573, 4.351697, 0.0)))",,,908390410552311808,https://twitter.com/FerPentes/status/908390410552311808,en
KitipCilik,2017-09-15 2:00,0,1,But rose in Marawi and Afganistan,"(['Buitenzorg'], Location((-25.0361529, 29.6539065, 0.0)))",,,908390017780801536,https://twitter.com/KitipCilik/status/908390017780801536,en
rickrick888,2017-09-15 1:56,0,0,"Military giving terrorists in Marawi a chance to surrender — CNN Philippines (cnnphilippines) September 14, 2017",,,,908388960933748738,https://twitter.com/rickrick888/status/908388960933748738,en
cnnphilippines,2017-09-15 1:54,0,1,Military giving terrorists in Marawi a chance to surrender,,,,908388607768924161,https://twitter.com/cnnphilippines/status/908388607768924161,en
LITechNewsPosts,2017-09-15 1:37,0,0,LITechNews: Japan Giving $2 Million to Aid Marawi City ISIS Militaryhttps://,"(['Bohemia', ' NY'], Location((49.8167003, 15.4749544, 0.0)))",,# # #,908384297136123904,https://twitter.com/LITechNewsPosts/status/908384297136123904,en
LITechNewsPosts,2017-09-15 1:36,0,0,LITechNews: Japan Giving $2 Million to Aid Marawi City,"(['Bohemia', ' NY'], Location((49.8167003, 15.4749544, 0.0)))",,#,908383976880033793,https://twitter.com/LITechNewsPosts/status/908383976880033793,en
radikalchick,2017-09-15 1:25,6,8,Today in the LIES Asec Mocha tells: That media didn't cover / write about China's 65M donation for Marawi soldiers.,"(['Philippines'], Location((12.7503486, 122.7312101, 0.0)))",@PresidentialCom,#,908381208068755456,https://twitter.com/radikalchick/status/908381208068755456,en
StrategicNews1,2017-09-15 1:20,1,1,Photo of a Marawi street.,,,# #,908379863568064512,https://twitter.com/StrategicNews1/status/908379863568064512,en
Ivan226622,2017-09-15 1:17,0,0,"Marawi crisis more difficult than Zamboanga siege, military says — ABS-CBN News (ABSCBNNews) September 14, 2017",,,,908379250411044864,https://twitter.com/Ivan226622/status/908379250411044864,en
ABSCBNNews,2017-09-15 1:15,3,22,"Marawi crisis more difficult than Zamboanga siege, military says","(['Manila', ' Philippines'], Location((14.5906216, 120.9799696, 0.0)))",,,908378567284858881,https://twitter.com/ABSCBNNews/status/908378567284858881,en
1MillionPHL,2017-09-15 1:08,0,0,The very latest news and videos updated every hour (Marawi crisis more difficult than ...) has been published on,,,,908376831866187776,https://twitter.com/1MillionPHL/status/908376831866187776,en
MarkHigbee,2017-09-15 1:01,0,0,Frontlines S5 E5: The Siege of Marawi: Fighting ISIS in the Far East WATCH at:,,,,908375215951900672,https://twitter.com/MarkHigbee/status/908375215951900672,en
OccupySchagen,2017-09-15 0:50,0,0,Local Militants Unite With Philippine Army To Counter IS In Marawi City via southfronteng,"(['Schagen The Netherlands'], Location((52.784346, 4.78914914517, 0.0)))",@,# #,908372399950888962,https://twitter.com/OccupySchagen/status/908372399950888962,en
MarkHigbee,2017-09-15 0:49,0,0,Frontlines S5 E5: The Siege of Marawi: Fighting ISIS in the Far East WATCH at: 9,,,,908372032131293184,https://twitter.com/MarkHigbee/status/908372032131293184,en
bdsaguing,2017-09-15 0:42,0,0,"Marawi crisis more difficult than Zamboanga siege, military says: via ABSCBNNews","(['Rome', ' Italy'], Location((34.257038, -85.1646726, 0.0)))",@,,908370308427591680,https://twitter.com/bdsaguing/status/908370308427591680,en
_MiddleBeast,2017-09-15 0:40,0,0,"Islamic State praises jihadist attacks in Marawi, Iran | News | GMA News Online",,,,908369928293462016,https://twitter.com/_MiddleBeast/status/908369928293462016,en
AnoNaJuan,2017-09-15 0:37,2,5,"Marawi death toll reached 600 as of July 25, under martial law... target Hapilon still at large as of now! ChangeScamming DuterteRegime","(['National Capital Region'], Location((14.5736108, 121.0329706, 0.0)))",,# #,908369058864578560,https://twitter.com/AnoNaJuan/status/908369058864578560,en
gwapito,2017-09-15 0:19,1,0,Melindo fighting for Marawi City d,,,,908364636801695753,https://twitter.com/gwapito/status/908364636801695753,en
Mrbuild55,2017-09-15 0:17,0,0,"Frontlines | S5 E5: The Siege of Marawi: Fighting ISIS in the Far East"" ""","(['Thorntown', ' Lebanon'], Location((40.1294839, -86.6066706, 0.0)))",,,908364082503450624,https://twitter.com/Mrbuild55/status/908364082503450624,en
