gelovisayaa,2017-08-17 07:53,0,0,Sino yan ipa marawi natin yan!,,,,897969500804468736,https://twitter.com/gelovisayaa/status/897969500804468736
raniellesoliven,2017-08-17 07:49,0,1,Daniel Padilla at Paul Salas Dapat sa inyo pinapadala sa marawi eh HAHAHAHAH Gigil nyo si kame. :D Good morning # R.,,,#,897968633254686720,https://twitter.com/raniellesoliven/status/897968633254686720
PCSOLotteryDraw,2017-08-17 07:40,0,0,"MARAWI CITY UPDATE | AUGUST 17, 2017 http://youtu.be/d_ceZJBOdGk?a",,,,897966212818378753,https://twitter.com/PCSOLotteryDraw/status/897966212818378753
PCSOLotteryDraw,2017-08-17 07:39,0,0,"I added a video to a @ YouTube playlist http://youtu.be/d_ceZJBOdGk?a  MARAWI CITY UPDATE | AUGUST 17, 2017",,@,,897966184016072704,https://twitter.com/PCSOLotteryDraw/status/897966184016072704
ANCALERTS,2017-08-17 07:32,2,1,# ANCEarlyEdition @ TrillanesSonny: The humanitarian crisis right now in Marawi evacuation centers shows DSWD is falling short.,"(['Philippines'], Location((12.7503486, 122.7312101, 0.0)))",@,#,897964357325168640,https://twitter.com/ANCALERTS/status/897964357325168640
DEFCONNewswire,2017-08-17 07:30,0,0,Marawi City: The High-Water Mark of Southeast Asian Terrorism https://defcon.news/2017/08/16/marawi-city-the-high-water-mark-of-southeast-asian-terrorism/ … via @ DEFCONNewswire,,@,,897963871100600320,https://twitter.com/DEFCONNewswire/status/897963871100600320
dMPusJLYln1HrgV,2017-08-17 07:19,0,0,صباح العسل,"(['Speyer', ' Rheinland-Pfalz'], Location((49.3165553, 8.433615, 0.0)))",,,897961045775581186,https://twitter.com/dMPusJLYln1HrgV/status/897961045775581186
manilabulletin,2017-08-17 07:13,1,5,Padilla's donation worth P5 million is for the immediate psychosocial intervention for the children affected in Marawi. | @ argyllcyrus_MB,"(['Manila', ' Philippines'], Location((14.5906216, 120.9799696, 0.0)))",@,,897959568076005377,https://twitter.com/manilabulletin/status/897959568076005377
egdsgn,2017-08-17 07:04,0,0,"Clearing ops sa Marawi, pahirapan https://politicsph.pogoport.com/clearing-ops-sa-marawi-pahirapan/ …","(['Davao City', ' Davao Region'], Location((7.22650725, 125.454887691, 0.0)))",,,897957190077562880,https://twitter.com/egdsgn/status/897957190077562880
muzi_kha,2017-08-17 07:04,0,0,"Clearing ops sa Marawi, pahirapan https://politicsph.pogoport.com/clearing-ops-sa-marawi-pahirapan/ …","(['The Office'], Location((9.6663813, 80.0122994306, 0.0)))",,,897957185078087680,https://twitter.com/muzi_kha/status/897957185078087680
chris19thws,2017-08-17 07:04,0,0,"Clearing ops sa Marawi, pahirapan https://politicsph.pogoport.com/clearing-ops-sa-marawi-pahirapan/ …","(['Philippines'], Location((12.7503486, 122.7312101, 0.0)))",,,897957178946056192,https://twitter.com/chris19thws/status/897957178946056192
PoGo_Port,2017-08-17 07:04,0,0,"Clearing ops sa Marawi, pahirapan https://politicsph.pogoport.com/clearing-ops-sa-marawi-pahirapan/ …",,,,897957173459689472,https://twitter.com/PoGo_Port/status/897957173459689472
orga_ogop,2017-08-17 07:04,0,0,"Clearing ops sa Marawi, pahirapan https://politicsph.pogoport.com/clearing-ops-sa-marawi-pahirapan/ …",,,,897957166719619072,https://twitter.com/orga_ogop/status/897957166719619072
RTheKrak3n,2017-08-17 07:04,0,0,"Clearing ops sa Marawi, pahirapan https://politicsph.pogoport.com/clearing-ops-sa-marawi-pahirapan/ …",,,,897957158863556608,https://twitter.com/RTheKrak3n/status/897957158863556608
radyopilipinas1,2017-08-17 06:59,0,1,"BALITA: Aktor na si Robin Padilla, nagpaabot ng tulong para sa mga batang apektado ng gulo sa Marawi.","(['Quezon City', ' Philippines'], Location((14.6509905, 121.0486155, 0.0)))",,,897955982608801792,https://twitter.com/radyopilipinas1/status/897955982608801792
argyllcyrus_MB,2017-08-17 06:59,0,2,Padilla's donation worth P5 million is for the immediate psychosocial intervention for the children affected by the conflict in Marawi.,"(['Manila City'], Location((14.5906216, 120.9799696, 0.0)))",,,897955886118780928,https://twitter.com/argyllcyrus_MB/status/897955886118780928
radyopilipinas1,2017-08-17 06:49,0,0,BALITA: AFP handang makatrabaho sa rehabilitasyon ng Marawi ang makakapalit ni DSWD Sec. Judy Taguiwalo.,"(['Quezon City', ' Philippines'], Location((14.6509905, 121.0486155, 0.0)))",,,897953509013823490,https://twitter.com/radyopilipinas1/status/897953509013823490
Marawi_0,2017-08-17 06:48,0,1,صحيح؟؟,,,,897953126392766464,https://twitter.com/Marawi_0/status/897953126392766464
celalmo,2017-08-17 06:43,0,0,50 killed in 2 days...parang Marawi war casualties https://twitter.com/dzbb/status/897945144816685056 …,,,,897952091670421504,https://twitter.com/celalmo/status/897952091670421504
sittie_hanah,2017-08-17 06:30,0,0,i love you from marawi.,"(['Marawi City'], Location((8.0034938, 124.286626, 0.0)))",,,897948768489717763,https://twitter.com/sittie_hanah/status/897948768489717763
Horandoom,2017-08-17 06:26,0,0,Aba gusto mo totohanin ko? Teka chat ko ang kaberks ko sa marawi na eh pa bomba ka hahahaha jk lang,"(['hoegwarts'], Location((-1.24139975, 36.784112734, 0.0)))",,,897947742122557441,https://twitter.com/Horandoom/status/897947742122557441
Falcon6267,2017-08-17 06:21,0,0,دوووم السرور والفرحة ماتفارقك ..وانتي كلماتك سرتني كثيرا,,,,897946490705895424,https://twitter.com/Falcon6267/status/897946490705895424
pinoynewsonline,2017-08-17 06:16,0,0,"KAKAPASOK LANG NA BALITA! AUGUST 3, 2017 | Parojinog Case Updates | Pnoy | Duterte | Marawi Updates More on... http://fb.me/EJkxYF9M","(['Republic of the Philippines'], Location((12.7503486, 122.7312101, 0.0)))",,,897945214446223360,https://twitter.com/pinoynewsonline/status/897945214446223360
KO7vCc4An4CdbYx,2017-08-17 06:16,4,2,عزيزتي أنتي لستى إمراة أنتي قمرا أنجبتة السماء مملكه من السحر والأغواء أنتي زهرة أهداها الله للارض ليعلمو ان الجنة قبس من نور حواءpic.twitter.com/qtoaLWKS20,,,,897945211967557634,https://twitter.com/KO7vCc4An4CdbYx/status/897945211967557634
aamry4341,2017-08-17 06:15,0,1,عزيزي كلماتك سرتني كثيرا,,,,897944831527448576,https://twitter.com/aamry4341/status/897944831527448576
Falcon6267,2017-08-17 06:13,0,1,تعرفين حتى صدقتي بقولك عني فأنا بالفعل هكذا ..ولكن من يملك قلب طيب يواجه مشكل كثيرة ..شكرا لك ..كلامك بالفعل مؤثر وصحيح فقلبك ايضا نقي,,,,897944453545168899,https://twitter.com/Falcon6267/status/897944453545168899
politikovismin,2017-08-17 06:11,0,0,Maute's Big 3 hang on to shrinking territory inside Marawi City http://mindanao.politics.com.ph/mautes-big-3-hang-shrinking-territory-inside-marawi-city/ …,,,,897943804036165637,https://twitter.com/politikovismin/status/897943804036165637
ygnravelo,2017-08-17 06:10,0,0,Ipadala ko ni sa Marawi HAHAH para naay peace didtoa. HAHAHAHHA,"(['DVO'], Location((51.9948305, 5.66616532284, 0.0)))",,,897943704178049025,https://twitter.com/ygnravelo/status/897943704178049025
aamry4341,2017-08-17 06:10,0,1,اعرف انه يأثر بك عزيزي لانك صاحب قلب نقي وطيب,,,,897943559579422720,https://twitter.com/aamry4341/status/897943559579422720
aamry4341,2017-08-17 06:07,0,1,وكم ابتسمت لاحاديثً لاناس اوجوعي قلبي,,,,897943044942462977,https://twitter.com/aamry4341/status/897943044942462977
Falcon6267,2017-08-17 06:07,0,1,كلامكم صحيح ..صدقتم ..كلام واقعي ومؤثر,,,,897942835818885120,https://twitter.com/Falcon6267/status/897942835818885120
TiMoJeNsAcAr,2017-08-17 06:06,0,0,Robin Padilla donates P5M for Marawi kids http://fb.me/1RmrdIb7O,"(['Manila', ' Philippines'], Location((14.5906216, 120.9799696, 0.0)))",,,897942557807616000,https://twitter.com/TiMoJeNsAcAr/status/897942557807616000
MMahbimmk,2017-08-17 06:05,0,0,بس ان شاء الله التقي بك,"(['\xd8\xad\xd9\x81\xd8\xb1 \xd8\xa7\xd9\x84\xd8\xa8\xd8\xa7\xd8\xb7\xd9\x86', ' \xd8\xa7\xd9\x84\xd9\x85\xd9\x85\xd9\x84\xd9\x83\xd8\xa9 \xd8\xa7\xd9\x84\xd8\xb9\xd8\xb1\xd8\xa8\xd9\x8a\xd8\xa9 \xd8\xa7\xd9\x84'], Location((28.4328084, 45.9627527, 0.0)))",,,897942387393155076,https://twitter.com/MMahbimmk/status/897942387393155076
aamry4341,2017-08-17 06:04,0,1,يسلموووو عزيزي,,,,897942073705451520,https://twitter.com/aamry4341/status/897942073705451520
nyangcrpz,2017-08-17 05:59,0,0,"gosh, airstrikes in Marawi","(['Philippines'], Location((12.7503486, 122.7312101, 0.0)))",,,897940853481644032,https://twitter.com/nyangcrpz/status/897940853481644032
ukgdos,2017-08-17 05:59,0,4,"# UmagangBalita Liga ng mga Ulama sa Pilipinas, nanawagang itigil na ang airstrikes sa Marawi","(['Philippines'], Location((12.7503486, 122.7312101, 0.0)))",,#,897940824436035584,https://twitter.com/ukgdos/status/897940824436035584
ukgdos,2017-08-17 05:56,1,5,"# UmagangBalita Sunud-sunod na airstrikes, isinagawa sa Marawi","(['Philippines'], Location((12.7503486, 122.7312101, 0.0)))",,#,897940087991787520,https://twitter.com/ukgdos/status/897940087991787520
iR7nGaPMiXDQ3HS,2017-08-17 05:53,0,0,الحمد لله على كل حال,"(['\xd8\xac\xd8\xa7\xd8\xb2\xd8\xa7\xd9\x86', ' \xd8\xa7\xd9\x84\xd9\x85\xd9\x85\xd9\x84\xd9\x83\xd8\xa9 \xd8\xa7\xd9\x84\xd8\xb9\xd8\xb1\xd8\xa8\xd9\x8a\xd8\xa9 \xd8\xa7\xd9\x84\xd8\xb3\xd8\xb9\xd9\x88\xd8\xaf\xd9\x8a'], Location((17.333333, 42.666667, 0.0)))",,,897939508716593152,https://twitter.com/iR7nGaPMiXDQ3HS/status/897939508716593152
MMahbimmk,2017-08-17 05:51,1,0,صدقتي والله,"(['\xd8\xad\xd9\x81\xd8\xb1 \xd8\xa7\xd9\x84\xd8\xa8\xd8\xa7\xd8\xb7\xd9\x86', ' \xd8\xa7\xd9\x84\xd9\x85\xd9\x85\xd9\x84\xd9\x83\xd8\xa9 \xd8\xa7\xd9\x84\xd8\xb9\xd8\xb1\xd8\xa8\xd9\x8a\xd8\xa9 \xd8\xa7\xd9\x84'], Location((28.4328084, 45.9627527, 0.0)))",,,897938920603881472,https://twitter.com/MMahbimmk/status/897938920603881472
MMahbimmk,2017-08-17 05:50,1,2,pic.twitter.com/4W5pUgtoKv,"(['\xd8\xad\xd9\x81\xd8\xb1 \xd8\xa7\xd9\x84\xd8\xa8\xd8\xa7\xd8\xb7\xd9\x86', ' \xd8\xa7\xd9\x84\xd9\x85\xd9\x85\xd9\x84\xd9\x83\xd8\xa9 \xd8\xa7\xd9\x84\xd8\xb9\xd8\xb1\xd8\xa8\xd9\x8a\xd8\xa9 \xd8\xa7\xd9\x84'], Location((28.4328084, 45.9627527, 0.0)))",,,897938600796475394,https://twitter.com/MMahbimmk/status/897938600796475394
DIGITALDECODED1,2017-08-17 05:48,0,0,INSIDE MARAWI DOCUMENTARY SPECIAL BY CNN PHILIPPINES https://youtu.be/Mhe3ZyHiEpY  via @ YouTube,"(['alien', 'MARS'], Location((45.33689535, 14.4251940909, 0.0)))",@,,897938153071423489,https://twitter.com/DIGITALDECODED1/status/897938153071423489
NaserAboMansor1,2017-08-17 05:47,0,0,بلوك يا نور عينى,"(['\xd8\xa7\xd9\x84\xd9\x82\xd8\xa7\xd9\x87\xd8\xb1\xd8\xa9', ' \xd9\x85\xd8\xb5\xd8\xb1'], Location((30.048819, 31.243666, 0.0)))",,,897937871272914945,https://twitter.com/NaserAboMansor1/status/897937871272914945
rhuzel24,2017-08-17 05:42,0,0,"I liked a @ YouTube video http://youtu.be/S2_szM2U5lI?a  Perfect"" by Sam Mangubat |Awit Para Sa Marawi""","(['San Jose', ' Batangas'], Location((13.87439165, 121.090755619, 0.0)))",@,,897936741855657985,https://twitter.com/rhuzel24/status/897936741855657985
LITechNewsPosts,2017-08-17 05:41,0,0,# LITechNews: Inside embattled Marawi: Ravaged & abandoned streets as clashes with ISIS-linked # Google # ISIS # Moscow https://longislandtechnologynews.com/2017/05/inside-embattled-marawi-ravaged-abandoned-streets-as-clashes-with-isis-linked-militants-rage-on/ …,"(['Bohemia', ' NY'], Location((49.8167003, 15.4749544, 0.0)))",,# # # #,897936436741234688,https://twitter.com/LITechNewsPosts/status/897936436741234688
NetoPeriodista,2017-08-17 05:38,0,0,Assessments A look at Marawi City shows that Philippine jihadist groups have taken a major gamble on the... http://www.ernestoperiodista.info/2017/08/assessments-a-look-at-marawi-city-shows-that-philippine-jihadist-groups-have-taken-a-major-gamble-on-the-siege-since-the-p.html …,,,,897935712699293698,https://twitter.com/NetoPeriodista/status/897935712699293698
marawi_q8,2017-08-17 05:38,8,8,هناك خوف بداخلي يصرخ جنوناً نعم اخاف من دنيا تبعدك مني واخاف من وقت يشغلك عني واخاف من احساس منك يبكينيpic.twitter.com/kboDZgL3md,,,,897935702842847232,https://twitter.com/marawi_q8/status/897935702842847232
aamry4341,2017-08-17 05:38,1,2,فهمت الحيآة جيدآ،، رأيت فيهآ مآ كنت أخشى رؤيته عرفت أن النآس مجرد معآآدن كثيرهآآ يصدأأ وقليلهآ على بريقـه محآآفظ,,,,897935628784070656,https://twitter.com/aamry4341/status/897935628784070656
marawi_q8,2017-08-17 05:37,5,4,* كَل مَ يأتي من اللہ جَميل ؟. فَ الحمدللهہ دائمُاً.. . # وحيده18,,,#,897935427344056320,https://twitter.com/marawi_q8/status/897935427344056320
8c6lLAMhFgA0TJm,2017-08-17 05:36,0,1,@ marawi_q8 مدري متى يا عين ودك تنامين نامت عيون العذار والليل قفى عمر السهرما لم شمـل المحبين نامي وشوق القلب كفى ووفى,,@,,897935138687864832,https://twitter.com/8c6lLAMhFgA0TJm/status/897935138687864832
KO7vCc4An4CdbYx,2017-08-17 05:35,2,0,ربما أقلهم تعببرا أكثرهم محبة ليست كل الأشياء كما تبدو ...ده بس من ذوقك وعيونك الحلوين اللي رأت حروفي,,,,897934750437875713,https://twitter.com/KO7vCc4An4CdbYx/status/897934750437875713
8c6lLAMhFgA0TJm,2017-08-17 05:34,1,2,@ marawi_q8 لأني أحبك .. سأعشقك بالطريقة التي لم يفعلها الأخرين وبالحجم الذي لايسعك تخيله حيث إني لا أجد ما أملأ به غيرك ياجمل حياة,,@,,897934575577571328,https://twitter.com/8c6lLAMhFgA0TJm/status/897934575577571328
BomboRadyoNews,2017-08-17 05:34,1,0,"Marawi rehabilitation, ‘di maaapektuhan kahit mag-iba ang kalihim ng DSWD http://www.bomboradyo.com/marawi-rehabilitation-di-maaapektuhan-kahit-mag-iba-ang-kalihim-ng-dswd/ …","(['Makati City'], Location((14.5591272, 121.0202094, 0.0)))",,,897934571257217025,https://twitter.com/BomboRadyoNews/status/897934571257217025
marawi_q8,2017-08-17 05:33,1,4,بعض القلوب النادرة تشبه الورد لا زارها احساس المحبه روآها https://twitter.com/1Ldanh/status/897620400816959489/photo/1pic.twitter.com/M9cc0XjLiB,,,,897934388914118656,https://twitter.com/marawi_q8/status/897934388914118656
marawi_q8,2017-08-17 05:31,0,1,من يحبگ يحب الحزن في وجهگ قبل تفرح من يحبگ يشوف الكلمة بعينگ قبل لا تحكي وتشرح من يحبگ تحب ضلوعه طعونگ يحبگ حيل لو تجرح # وحيده18,,,#,897933950596726786,https://twitter.com/marawi_q8/status/897933950596726786
aamry4341,2017-08-17 05:30,0,1,كلماتك جذبتي واحسست انها نجمت من قلبا مليئ بالذووق والاحساس,,,,897933495544168449,https://twitter.com/aamry4341/status/897933495544168449
marawi_q8,2017-08-17 05:27,4,3,في وجودك يشعر الخاطر بـ راحة أيه أحبك موت ياغـاية مـناتي ،، كيف ما أقول الحقيقة والصراحة وأنتِ أجمل من عرفته في حياتي ،، # وحيده18,,,#,897932980093452290,https://twitter.com/marawi_q8/status/897932980093452290
KO7vCc4An4CdbYx,2017-08-17 05:26,0,0,مرورك أروع من كل كلماتي فكلماتي حروف ولكنك قصائد من العشق,,,,897932614757212160,https://twitter.com/KO7vCc4An4CdbYx/status/897932614757212160
aamry4341,2017-08-17 05:25,1,1,كلماتك غايه بالرووعه عزيزي,,,,897932230093410305,https://twitter.com/aamry4341/status/897932230093410305
gvgUjJCwhcoaMfw,2017-08-17 05:24,0,0,صح لسانك فديتك,"(['\xd8\xac\xd8\xaf\xd8\xa9', ' \xd8\xa7\xd9\x84\xd9\x85\xd9\x85\xd9\x84\xd9\x83\xd8\xa9 \xd8\xa7\xd9\x84\xd8\xb9\xd8\xb1\xd8\xa8\xd9\x8a\xd8\xa9 \xd8\xa7\xd9\x84\xd8\xb3\xd8\xb9\xd9\x88\xd8\xaf\xd9\x8a\xd8\xa9'], Location((21.5822247, 39.1640396, 0.0)))",,,897931987314515968,https://twitter.com/gvgUjJCwhcoaMfw/status/897931987314515968
KO7vCc4An4CdbYx,2017-08-17 05:22,2,2,لا احد يعلم ما اصابك لااحد يعلم كيف هي معركتك الخاصة مع الحياة ما الذي زعزع أمانك وقتل عفويتك كم كافحت وكم خسرت لا أحد يعلم حقا من أنتpic.twitter.com/21XZZaxUL0,,,,897931539568250880,https://twitter.com/KO7vCc4An4CdbYx/status/897931539568250880
marawi_q8,2017-08-17 05:19,4,4,عندما تؤلمك تصرفاتي لاتكتم بصدرك وعاتبني، فأنا لا أعلم الغيب ولستُ معصوماً عن الخطأpic.twitter.com/w2AenznDCg,,,,897930762867134464,https://twitter.com/marawi_q8/status/897930762867134464
pinoynewsonline,2017-08-17 05:16,0,0,PRES DUTERTE MULING NILUSOB ANG MARAWI SA MISMONG WAR ZONE More on... http://fb.me/2b0IHQ4ng,"(['Republic of the Philippines'], Location((12.7503486, 122.7312101, 0.0)))",,,897930080919408640,https://twitter.com/pinoynewsonline/status/897930080919408640
gvgUjJCwhcoaMfw,2017-08-17 05:16,0,0,هلا,"(['\xd8\xac\xd8\xaf\xd8\xa9', ' \xd8\xa7\xd9\x84\xd9\x85\xd9\x85\xd9\x84\xd9\x83\xd8\xa9 \xd8\xa7\xd9\x84\xd8\xb9\xd8\xb1\xd8\xa8\xd9\x8a\xd8\xa9 \xd8\xa7\xd9\x84\xd8\xb3\xd8\xb9\xd9\x88\xd8\xaf\xd9\x8a\xd8\xa9'], Location((21.5822247, 39.1640396, 0.0)))",,,897929988703440899,https://twitter.com/gvgUjJCwhcoaMfw/status/897929988703440899
gvgUjJCwhcoaMfw,2017-08-17 05:16,0,0,حياتي,"(['Jeddah'], Location((21.5822247, 39.1640396, 0.0)))",,,897929988334383104,https://twitter.com/gvgUjJCwhcoaMfw/status/897929988334383104
marawi_q8,2017-08-17 05:15,2,3,"❃♩ ٠ ︎لآ أدري مآ بي لكنني أشعر بشيء لا أستطيع التعبير عنه !!!pic.twitter.com/NSYgPeehrG""",,,,897929945241997312,https://twitter.com/marawi_q8/status/897929945241997312
marawi_q8,2017-08-17 05:15,2,5,♡ _اخترت قربك بين هاالناس نقوه وأعميت عيني عن غلا كل مخلوق♡ https://twitter.com/Gw48872/status/897576347274539008/photo/1pic.twitter.com/kiFNKzOh2Z,,,,897929741172318208,https://twitter.com/marawi_q8/status/897929741172318208
marawi_q8,2017-08-17 05:14,1,2,ما اخترت فرقاه ، ما بعته ، ولا خنته كسرني الوقت وظنون الهوى خابت !pic.twitter.com/inL9epuvC0,,,,897929522477113344,https://twitter.com/marawi_q8/status/897929522477113344
marawi_q8,2017-08-17 05:11,1,3,⠀ ⠀ ⠀⠀⠀⠀⠀⠀⠀⠀⠀♡ ⸀ ⠀ مهوب كل من داريته صار محبوبي ترى التلطف مع العربان . . واجـب ﴿ֆ'ء﴾pic.twitter.com/oUaVfzlYFX,,,,897928768798375936,https://twitter.com/marawi_q8/status/897928768798375936
marawi_q8,2017-08-17 05:11,0,3,دموعي لإ تعني إنني إنهزِمت ذإت يومِ أو إنڪسرِت ذإت لحضه أو إنجرِحت ذإت ليله بل دليل على إنني تحملت هذه إلدنيإ إڪثرِ مإ إستحق إن اتحملهpic.twitter.com/lMAWpM0Gcv,,,,897928748640518144,https://twitter.com/marawi_q8/status/897928748640518144
aamry4341,2017-08-17 05:09,0,0,وانا عشقت الفن ومدرسته,,,,897928378396889088,https://twitter.com/aamry4341/status/897928378396889088
marawi_q8,2017-08-17 05:09,2,3,واكذبّ عليك ان قلت  لك روح م اابيك *عمرک *  سمعت بِ عين ترمي نظرهاpic.twitter.com/KwFYyL36Vk,,,,897928242484715520,https://twitter.com/marawi_q8/status/897928242484715520
marawi_q8,2017-08-17 05:08,1,2,# مطلب : عطنيٓ من ايدين الوصُل حد الإشبّاع الـوصل نعمِه ، والقطـاعه مجٓاعـه . . ㅤㅤㅤpic.twitter.com/3sTAUf7KH1,,,#,897928024104030209,https://twitter.com/marawi_q8/status/897928024104030209
Sahoma_q8,2017-08-17 05:06,1,1,كاظم مدرسه بالفن,"(['\xd9\x83\xd9\x8a\xd9\x81\xd8\xa7\xd9\x86', ' \xd8\xaf\xd9\x88\xd9\x84\xd8\xa9 \xd8\xa7\xd9\x84\xd9\x83\xd9\x88\xd9\x8a\xd8\xaa'], Location((29.3385681, 47.9618183, 0.0)))",,,897927591579058176,https://twitter.com/Sahoma_q8/status/897927591579058176
LumpyAsia,2017-08-17 05:06,0,0,"20 to 40 militants still in Marawi but they are armed, have hostages https://buff.ly/2x2Ann2 pic.twitter.com/ZcDCtzS94b","(['Asia-Pacific'], Location((49.4212299, 8.4297698, 0.0)))",,,897927499140669440,https://twitter.com/LumpyAsia/status/897927499140669440
marawi_q8,2017-08-17 05:06,3,6,راسـي علـى عـزه ونفسـي عزيــزه وأبعد عن اللي ينقص القدر والشان وربــي عطانـي طبـع ثابـت وميــزه ماأطـرد ورا المقفي ولو كان من كـان..pic.twitter.com/v2tp3uX94p,,,,897927485995728896,https://twitter.com/marawi_q8/status/897927485995728896
aamry4341,2017-08-17 05:04,0,0,احبك يا كاظمي ...........,,,,897927102657253376,https://twitter.com/aamry4341/status/897927102657253376
marawi_q8,2017-08-17 05:04,3,4,@ Sahoma_q8 في قلبي لك غلا اسر وسط الصدر بين اضلاعه حب زرعته لك زهر عطرآ غتنوا به صناعه https://twitter.com/005/status/897869021009281024/video/1 …,,@,,897927056473837568,https://twitter.com/marawi_q8/status/897927056473837568
marawi_q8,2017-08-17 05:01,8,19,مدام بنت الكاف أمشي وارفع راسي ولا بنزله غير ربيpic.twitter.com/SoTlICOomx,,,,897926304229621760,https://twitter.com/marawi_q8/status/897926304229621760
marawi_q8,2017-08-17 05:00,1,1,~ ضاعت أيـّآمي .. وعيني تحتريك ( لا سلآم ، ولا كـلآم ، ولا وصل ) بس تدري ؟ صرت ما أشره عليك كل ما أبغى شي ما عمره حصل,,,,897925976922902528,https://twitter.com/marawi_q8/status/897925976922902528
marawi_q8,2017-08-17 04:56,0,1,تستاهلي كل الخير,,,,897925112703438849,https://twitter.com/marawi_q8/status/897925112703438849
Sahoma_q8,2017-08-17 04:56,1,2,وااااو تجنن الاغنيه .. مشكوره حياتي مروه عالاهداء احب اغاني كاظم,"(['\xd9\x83\xd9\x8a\xd9\x81\xd8\xa7\xd9\x86', ' \xd8\xaf\xd9\x88\xd9\x84\xd8\xa9 \xd8\xa7\xd9\x84\xd9\x83\xd9\x88\xd9\x8a\xd8\xaa'], Location((29.3385681, 47.9618183, 0.0)))",,,897924954628468736,https://twitter.com/Sahoma_q8/status/897924954628468736
tkteek1392,2017-08-17 04:49,0,0,خفي شوي يروحي,,,,897923295017934848,https://twitter.com/tkteek1392/status/897923295017934848
TRACterrorism,2017-08-17 04:47,6,0,# IslamicState claims in # Arish # Sinai # Egypt & # Marawi # Philippines changes TRAC tally outside Sham for Summer 2017 http://bit.ly/2vErkuK pic.twitter.com/mVer2HKnZE,"(['United States'], Location((39.7837304, -100.4458825, 0.0)))",,# # # # # #,897922732460867584,https://twitter.com/TRACterrorism/status/897922732460867584
marawi_q8,2017-08-17 04:41,2,2,هزينه,,,,897921164282130433,https://twitter.com/marawi_q8/status/897921164282130433
nu0z7v3D11lrhVA,2017-08-17 04:40,0,0,*يا ليل خف على الحبيب و أرسله أحلى قمر و نجوم ينورله ليله و يسلوه تحياااتي من عماق قلبيpic.twitter.com/ivP4e84tMs,,,,897921059986526208,https://twitter.com/nu0z7v3D11lrhVA/status/897921059986526208
0hanin0,2017-08-17 04:40,2,2,@ marawi_q8 تقهويتك سنين ولانويت أهز فنجالك تكفى وأمان الله لاتجيب العيد وأهزهpic.twitter.com/DZHeAcVpMq,"(['\xd8\xa7\xd9\x84\xd9\x85\xd9\x85\xd9\x84\xd9\x83\xd8\xa9 \xd8\xa7\xd9\x84\xd8\xb9\xd8\xb1\xd8\xa8\xd9\x8a\xd8\xa9 \xd8\xa7\xd9\x84\xd8\xb3\xd8\xb9\xd9\x88\xd8\xaf\xd9\x8a\xd8\xa9'], Location((25.6242618, 42.3528328, 0.0)))",@,,897920951937060865,https://twitter.com/0hanin0/status/897920951937060865
0hanin0,2017-08-17 04:39,3,2,@ marawi_q8 ي ناعس الطرف ليه تضيق الخاطر وانا على شوفتك دايم واهذريبك ذكراك عندي وريحة شوقك العاطر لاغبت عني طيوفك دايم تجيبك,"(['\xd8\xa7\xd9\x84\xd9\x85\xd9\x85\xd9\x84\xd9\x83\xd8\xa9 \xd8\xa7\xd9\x84\xd8\xb9\xd8\xb1\xd8\xa8\xd9\x8a\xd8\xa9 \xd8\xa7\xd9\x84\xd8\xb3\xd8\xb9\xd9\x88\xd8\xaf\xd9\x8a\xd8\xa9'], Location((25.6242618, 42.3528328, 0.0)))",@,,897920800686198785,https://twitter.com/0hanin0/status/897920800686198785
ConceptGrp,2017-08-17 04:38,2,1,"Finalize Marawi rehab plans, Duterte orders gov’t agencies http://conceptnewscentral.com/index.php/2017/08/17/finalize-marawi-rehab-plans-duterte-orders-govt-agencies/ …",,,,897920520796028928,https://twitter.com/ConceptGrp/status/897920520796028928
Stratfor,2017-08-17 04:37,5,3,Marawi City today is no Mosul in 2014. Find out why: http://social.stratfor.com/wH0x30esG31 pic.twitter.com/ZtSDPXHQhB,"(['Austin', ' TX'], Location((30.2711286, -97.7436995, 0.0)))",,,897920301182328832,https://twitter.com/Stratfor/status/897920301182328832
0hanin0,2017-08-17 04:31,1,1,هههههههههههه مجنووونننننه عمه,"(['\xd8\xa7\xd9\x84\xd9\x85\xd9\x85\xd9\x84\xd9\x83\xd8\xa9 \xd8\xa7\xd9\x84\xd8\xb9\xd8\xb1\xd8\xa8\xd9\x8a\xd8\xa9 \xd8\xa7\xd9\x84\xd8\xb3\xd8\xb9\xd9\x88\xd8\xaf\xd9\x8a\xd8\xa9'], Location((25.6242618, 42.3528328, 0.0)))",,,897918885059579907,https://twitter.com/0hanin0/status/897918885059579907
Sh_____d,2017-08-17 04:28,4,4,روعااتك سهومه صح لسانك,,,,897918090842955776,https://twitter.com/Sh_____d/status/897918090842955776
7334477ya,2017-08-17 04:28,0,0,جنون الحب يسمونه,"(['\xd8\xa7\xd9\x84\xd9\x8a\xd9\x85\xd9\x86 \xd8\xb5\xd9\x86\xd8\xb9\xd8\xa7\xd8\xa1'], Location((15.342101, 44.2005197, 0.0)))",,,897918020705800194,https://twitter.com/7334477ya/status/897918020705800194
aamry4341,2017-08-17 04:27,10,19,pic.twitter.com/xOOVTFIdmC,,,,897917734419275777,https://twitter.com/aamry4341/status/897917734419275777
marawi_q8,2017-08-17 04:27,6,6,# سهومتنا إليك يا احلى واغلى امرأةٍ في الدنيا pic.twitter.com/XBpg7Xhb2j,,,#,897917715683438592,https://twitter.com/marawi_q8/status/897917715683438592
gvgUjJCwhcoaMfw,2017-08-17 04:26,0,0,دوم الصدقه,"(['Jeddah'], Location((21.5822247, 39.1640396, 0.0)))",,,897917381833568257,https://twitter.com/gvgUjJCwhcoaMfw/status/897917381833568257
gvgUjJCwhcoaMfw,2017-08-17 04:24,0,0,حلوه,"(['Jeddah'], Location((21.5822247, 39.1640396, 0.0)))",,,897916983244607488,https://twitter.com/gvgUjJCwhcoaMfw/status/897916983244607488
marawi_q8,2017-08-17 04:23,2,3,ㅤشد ايدك بأيدي : وعلمني أن البعد مو لناㅤ ㅤㅤ ㅤpic.twitter.com/Hubn5X6Q7R,,,,897916695687385089,https://twitter.com/marawi_q8/status/897916695687385089
marawi_q8,2017-08-17 04:21,1,2,"♬♩ حين تأتي كلمة أحبك"" من أحد تعلقت به الى حد الإدمان ، هنا فقط سلاماً على أي وجع ..pic.twitter.com/m055WnJaee""",,,,897916357945241601,https://twitter.com/marawi_q8/status/897916357945241601
Marawi_0,2017-08-17 04:21,3,0,@ Squ_2013 سلاام بنات انا طالبه ف مجمع 2 و اريد انتقل لمجمع 5 او 1الي تريد تنتقل تتواصل معي,,@,,897916356447924228,https://twitter.com/Marawi_0/status/897916356447924228
Marawi_0,2017-08-17 04:20,0,0,انا ف مجمع 2 و اريد انتقل لمجمع 5الي تريد تتواصل معي,,,,897916117280112640,https://twitter.com/Marawi_0/status/897916117280112640
marawi_q8,2017-08-17 04:20,1,1,أحببته لدرجة اني لم أستخر الله به يوما خشية أن يكون شراً فـ يبعده الله عني .,,,,897916046077808641,https://twitter.com/marawi_q8/status/897916046077808641
marawi_q8,2017-08-17 04:20,2,4,↴ ✿ حنّيت لك وآنـآ على آلبـعد صآبر، هذآ قضى ربي وهذي مقـآديرهہ !pic.twitter.com/s7jwXAVHCp,,,,897915913370046464,https://twitter.com/marawi_q8/status/897915913370046464
gvgUjJCwhcoaMfw,2017-08-17 04:19,0,0,هلا,"(['Jeddah'], Location((21.5822247, 39.1640396, 0.0)))",,,897915855094394880,https://twitter.com/gvgUjJCwhcoaMfw/status/897915855094394880
marawi_q8,2017-08-17 04:17,2,8,".❥ ˓٭˛ هنآگ أشخَــآص لم يخلقوٰآ ليگوٰن لهم بديل ، إمآ هم أوٰ لـآ أحد  pic.twitter.com/7RSlLyopUy""",,,,897915281795944448,https://twitter.com/marawi_q8/status/897915281795944448
marawi_q8,2017-08-17 04:15,2,4,سأعٍترٍفُ لُِڪ بَأنني أطُمئن عٍلُِيڪ ڪلُِ يوُم وُأنت ﻻ تعٍلُِم !pic.twitter.com/7ExXFqzCcL,,,,897914793163714560,https://twitter.com/marawi_q8/status/897914793163714560
Sahoma_q8,2017-08-17 04:15,3,3,لا تتعب عشان توضح لأي شخص قيمتك.. خله يقارنك بغيرك واذا عرف قيمتك، اتركه!,"(['\xd9\x83\xd9\x8a\xd9\x81\xd8\xa7\xd9\x86', ' \xd8\xaf\xd9\x88\xd9\x84\xd8\xa9 \xd8\xa7\xd9\x84\xd9\x83\xd9\x88\xd9\x8a\xd8\xaa'], Location((29.3385681, 47.9618183, 0.0)))",,,897914728546283521,https://twitter.com/Sahoma_q8/status/897914728546283521
marawi_q8,2017-08-17 04:15,2,2,.. للعابرين اللي عبروا اللي جرحونا ورحلوا ! يا قسيكم !! ما كان هذا طبعكم خذلان من هو حبّكم !pic.twitter.com/AnSSGcT1jR,,,,897914656664285185,https://twitter.com/marawi_q8/status/897914656664285185
marawi_q8,2017-08-17 04:14,1,3,جعلني في عيون ربعي وخلاني كبير.. وجعلني. لـ اعداي عظم يسد الحنجره..pic.twitter.com/ZjKJUQizsX,,,,897914487369367552,https://twitter.com/marawi_q8/status/897914487369367552
marawi_q8,2017-08-17 04:14,4,4,يمه حالي بدونك كما دموع حيران .. .. .. .. .. .. .. .. pic.twitter.com/S7o7LGSn3Q,,,,897914408407625731,https://twitter.com/marawi_q8/status/897914408407625731
VegetaMoustache,2017-08-17 04:13,2,1,"# LT et aux Philippines, la destruction d'un char de l'armée à # Marawi pic.twitter.com/oO9JkfS1CM","(['sur une chaise'], Location((50.50209425, 4.8961786, 0.0)))",,# #,897914107155943454,https://twitter.com/VegetaMoustache/status/897914107155943454
bernardo_sundal,2017-08-17 04:12,0,0,Pupunta na ako sa marawi maging vigilante na ako,,,,897913990948454401,https://twitter.com/bernardo_sundal/status/897913990948454401
marawi_q8,2017-08-17 04:11,2,3,"من أي ارض حُلوه جيتي عندي وكأنك رسالة من ربِي ليّ,مثل القدر الحُلو المكتوُب لي؟. #. . https://twitter.com/a4e__/status/897201123685224452/photo/1pic.twitter.com/vNi4pvBUw4",,,#,897913625234550784,https://twitter.com/marawi_q8/status/897913625234550784
katalony6,2017-08-17 04:10,0,0,عزالله,"(['\xd8\xa7\xd9\x84\xd8\xb5\xd8\xa8\xd8\xa7\xd8\xad\xd9\x8a\xd8\xa9 \xd9\x82\xd9\xa4'], Location((36.305089, 41.8932964891, 0.0)))",,,897913524948742150,https://twitter.com/katalony6/status/897913524948742150
0hanin0,2017-08-17 04:10,0,1,مدامك غديت تشوفني مثل باقي الناس انا ليّ كياني واحترامي وتقديري تقهويت حبك عاد حبك يجيب الـراس وعقب ما برد خليت باقيّـه لـ غيري,"(['\xd8\xa7\xd9\x84\xd9\x85\xd9\x85\xd9\x84\xd9\x83\xd8\xa9 \xd8\xa7\xd9\x84\xd8\xb9\xd8\xb1\xd8\xa8\xd9\x8a\xd8\xa9 \xd8\xa7\xd9\x84\xd8\xb3\xd8\xb9\xd9\x88\xd8\xaf\xd9\x8a\xd8\xa9'], Location((25.6242618, 42.3528328, 0.0)))",,,897913485371244547,https://twitter.com/0hanin0/status/897913485371244547
marawi_q8,2017-08-17 04:09,1,3,لا تُحرمنِي الأشيَاء الجميلة ؛ والتِي تَمدنِي بالفرح يَا الله ... ٠ ٠ # حسابي_للبيعpic.twitter.com/cYUTVoEs11,,,#,897913184778162176,https://twitter.com/marawi_q8/status/897913184778162176
marawi_q8,2017-08-17 04:08,2,7,ٱلإِھتِمَآم ٱلبَسِيط يَصنَعُ ٱلسَعَادَھ .. # حسابي_للبيعpic.twitter.com/qIOsnlT5z7,,,#,897913041219723266,https://twitter.com/marawi_q8/status/897913041219723266
marawi_q8,2017-08-17 04:08,2,4,"وما تواعدني لـ درووب الغلا ! الإ بلمة ايدينكـ ✿.( # حسابي_للبيع *)pic.twitter.com/q8cKp4cfv5""",,,#,897912848743100417,https://twitter.com/marawi_q8/status/897912848743100417
0hanin0,2017-08-17 04:07,1,5,طبعه زعـول ويتعب اللي يراضيـه يا بغضي لطبعـه ويا حبنـي لٓه @ marawi_q8,"(['\xd8\xa7\xd9\x84\xd9\x85\xd9\x85\xd9\x84\xd9\x83\xd8\xa9 \xd8\xa7\xd9\x84\xd8\xb9\xd8\xb1\xd8\xa8\xd9\x8a\xd8\xa9 \xd8\xa7\xd9\x84\xd8\xb3\xd8\xb9\xd9\x88\xd8\xaf\xd9\x8a\xd8\xa9'], Location((25.6242618, 42.3528328, 0.0)))",@,,897912741716938753,https://twitter.com/0hanin0/status/897912741716938753
marawi_q8,2017-08-17 04:05,3,2,# عطني ولو نصفك وانا (اعطيك كلي) انت تعرفني زين .. مافيه داعي . . لاقلت # أحبك.. ماهي احبك اللي: تجي ع ( التواصل الإجتماعي) . .pic.twitter.com/ELA2579zSv,,,# #,897912172143140865,https://twitter.com/marawi_q8/status/897912172143140865
dUtErTeNeWs4,2017-08-17 04:03,0,0,MUST WATCH! FINAL ASSAULT LODGE IN MARAWI TO END THE BATTLE: http://youtu.be/d9_t7PCwvpA?a  via @ YouTube,,@,,897911701592576002,https://twitter.com/dUtErTeNeWs4/status/897911701592576002
dUtErTeNeWs4,2017-08-17 04:02,0,0,I added a video to a @ YouTube playlist http://youtu.be/d9_t7PCwvpA?a  MUST WATCH! FINAL ASSAULT LODGE IN MARAWI TO END THE BATTLE,,@,,897911546348580864,https://twitter.com/dUtErTeNeWs4/status/897911546348580864
SocietyResource,2017-08-17 04:00,0,0,Escape From Marawi | Trailer | Available Now https://societyresource.com/escape-from-marawi-trailer-available-now/ …,,,,897910949679689728,https://twitter.com/SocietyResource/status/897910949679689728
_0Manfredo_,2017-08-17 03:59,0,0,"Me gustó un video de @ YouTube http://youtu.be/UrT8vonLNWA?a  Marawi, El Nuevo Frente del Estado Islámico. VIDEO MONETIZACIÓN DENEGADA",,@,,897910823099785216,https://twitter.com/_0Manfredo_/status/897910823099785216
marawi_q8,2017-08-17 03:56,5,3,ㅤ⠀ ⠀ㅤ ⠀ ゛ ㅤ ㅤ ﻟﺂ ﺗجبر ﻧفسسِک ﻋﻟى احد . .دع الايام ﺗخبَرهم ﺑﻗيمتگ..pic.twitter.com/nuLGimPaqV,,,,897909901586042882,https://twitter.com/marawi_q8/status/897909901586042882
etdbrief_ro_1,2017-08-17 03:56,0,0,IS claims destroying one Philippines army tank during yesterday's clashes on Alaa Street in Marawi https://philippines.liveuamap.com/en/2017/16-august-is-claims-destroying-one-philippines-army-tank …,,,,897909896934440960,https://twitter.com/etdbrief_ro_1/status/897909896934440960
MauthausenGusen,2017-08-17 03:56,0,0,Philippine Army: Less Than 40 Terrorists Remain in Marawi City https://southfront.org/philippine-army-less-40-terrorists-remain-marawi-city/ …,"(['Mauthausen\xe2\x80\x93Gusen'], Location((40.4500989, -3.7264266, 0.0)))",,,897909892908015618,https://twitter.com/MauthausenGusen/status/897909892908015618
RowenaCTarlac,2017-08-17 03:55,0,0,Robin Padilla nagbigay ng P5-million donasyon sa mga kabataan sa Marawi City http://fb.me/1cY6DDlbz,,,,897909776096518144,https://twitter.com/RowenaCTarlac/status/897909776096518144
SaladinAlDronni,2017-08-17 03:53,6,8,IS claims destroying one AFP tank during yesterday's clashes on Alaa Street in Marawi # Philippines,"(['Wroclaw', ' Poland'], Location((51.1089776, 17.0326689, 0.0)))",,#,897909205905965056,https://twitter.com/SaladinAlDronni/status/897909205905965056
ana_nora5,2017-08-17 03:52,0,0,صباحك ورد,,,,897908874505801729,https://twitter.com/ana_nora5/status/897908874505801729
Skowtura_Ini,2017-08-17 03:48,0,0,http://ift.tt/2u7K0Qz  Army: Less Than 40 Terrorists Remain in Marawi City: http://ift.tt/2i7fBAg,"(['Lerwick', ' Scotland'], Location((60.155451, -1.1468723, 0.0)))",,,897907941269020673,https://twitter.com/Skowtura_Ini/status/897907941269020673
videoztrending,2017-08-17 03:47,0,0,LOOK| Robin Padilla turn over a P5M for Marawi kids http://ift.tt/2vJLJgc,,,,897907757696798721,https://twitter.com/videoztrending/status/897907757696798721
videoztrending,2017-08-17 03:47,0,0,LOOK| Robin Padilla turn over a P5M for Marawi kids http://ift.tt/2vJjHBw,,,,897907752491790336,https://twitter.com/videoztrending/status/897907752491790336
marawi_q8,2017-08-17 03:45,1,1,صباح الخيــــر كُل شيء سيكون على ما يرام، فقط مرر أمنياتك لرب السماء، وافتح نافذة قلبك للحياه، ابتسم فـ ليس هُنالك ما يستحق أن تبدو عابساً,,,,897907208264003584,https://twitter.com/marawi_q8/status/897907208264003584
nlebmwNhAuO9aqJ,2017-08-17 03:44,0,0,بكم ؟؟,,,,897906996963364864,https://twitter.com/nlebmwNhAuO9aqJ/status/897906996963364864
marawi_q8,2017-08-17 03:43,1,1,الله يمسي كل زوايا ديرتك بالخير ويسعد مساء سكانها لأجل عينك # حسابي_للبيع pic.twitter.com/oCDtHuWbCp,,,#,897906679420944384,https://twitter.com/marawi_q8/status/897906679420944384
marawi_q8,2017-08-17 03:42,5,3,- يا ليتها شرهه .. و يا ليته عتب ؟ لكنها من قسمة و حزن و نصيب هذا الشعور أكبر من إنه ينكتب أنا الحبيب اللي خذوا منّه حبيب ! # حسابي_للبيع,,,#,897906445064208384,https://twitter.com/marawi_q8/status/897906445064208384
marawi_q8,2017-08-17 03:38,1,2,. . وش اسوى بشخص يخليني كل يوم احبه اكثر # حسابي_للبيع . . https://twitter.com/Roaz2016/status/892888654732984320/video/1 …,,,#,897905471310266368,https://twitter.com/marawi_q8/status/897905471310266368
Sahoma_q8,2017-08-17 03:38,5,9,ههههههههههههههpic.twitter.com/USKPT5ngtX,"(['\xd9\x83\xd9\x8a\xd9\x81\xd8\xa7\xd9\x86', ' \xd8\xaf\xd9\x88\xd9\x84\xd8\xa9 \xd8\xa7\xd9\x84\xd9\x83\xd9\x88\xd9\x8a\xd8\xaa'], Location((29.3385681, 47.9618183, 0.0)))",,,897905329106804736,https://twitter.com/Sahoma_q8/status/897905329106804736
marawi_q8,2017-08-17 03:37,6,4,زرعتك بأديم الروح ورد أبيض فلا تكن صبارا يدمي روحي ويدي. # حسابي_للبيعpic.twitter.com/ezBtZ5ljQv,,,#,897905182398234624,https://twitter.com/marawi_q8/status/897905182398234624
marawi_q8,2017-08-17 03:36,3,1,لأني أحبك .. سأعشقك بالطريقة التي لم يفعلها الأخرين وبالحجم الذي لايسعك تخيله حيث إني لا أجد ما أملأ به غيرك ياجمل حياة # حسابي_للبيع,,,#,897904914172706816,https://twitter.com/marawi_q8/status/897904914172706816
marawi_q8,2017-08-17 03:33,0,3,# أحتاجك بين مسامات القلب والجسد  مفتوحة هي يداي  ومغلقة هي أسواري  هي أقداري تهرب منك وإليك # حسابي_للبيعpic.twitter.com/vYvHynClOA,,,# #,897904260704350210,https://twitter.com/marawi_q8/status/897904260704350210
lidohima62,2017-08-17 03:32,0,0,ههههههههه هجمة مرتده,,,,897903830590935040,https://twitter.com/lidohima62/status/897903830590935040
marawi_q8,2017-08-17 03:31,3,2,أروع القلوب قلبك وأجمل الكلام همسك وأحلى ما في حياتي حبك. # حسابي_للبيع,,,#,897903772650717184,https://twitter.com/marawi_q8/status/897903772650717184
marawi_q8,2017-08-17 03:31,3,2,لابغيتي تشكريني ياعظيمة اشكري جرحك وكنك تشكريني # حسابي_للبيع,,,#,897903575464124417,https://twitter.com/marawi_q8/status/897903575464124417
deesancheziv,2017-08-17 03:29,0,0,ano po ba talaga? akala ko binawi yung hosting natin for the rehabilitation of Marawi? Have we decided to host the 2019 SEAG again?,"(['Mandaluyong City'], Location((14.5774598, 121.0334694, 0.0)))",,,897903247221866496,https://twitter.com/deesancheziv/status/897903247221866496
KJnNHyzGfiiwYjj,2017-08-17 03:29,0,0,تستاهلي,,,,897903245502402560,https://twitter.com/KJnNHyzGfiiwYjj/status/897903245502402560
peterpobjecky,2017-08-17 03:28,0,0,Philippine Army: Less Than 40 Terrorists Remain in Marawi City https://shar.es/1SbxpU  via @ southfronteng,"(['Gillingham', 'UK'], Location((51.3876562, 0.5457712, 0.0)))",@,,897902933764825088,https://twitter.com/peterpobjecky/status/897902933764825088
shanawilcox1,2017-08-17 03:28,0,0,Philippine Army: Less Than 40 Terrorists Remain in Marawi City https://shar.es/1SbxpM  via @ southfronteng,"(['Milford', ' Delaware'], Location((41.2223194, -73.0564953, 0.0)))",@,,897902928387862529,https://twitter.com/shanawilcox1/status/897902928387862529
marawi_q8,2017-08-17 03:27,0,3,بكــرا يمـــرْ احلــى من اللــي بغيـنـاه بكــرا يمـــرْ بعــون ربــي و ننســـــىpic.twitter.com/X22b6xghyk,,,,897902662087266307,https://twitter.com/marawi_q8/status/897902662087266307
nlebmwNhAuO9aqJ,2017-08-17 03:26,0,0,ممكن خاص ..,,,,897902337661870084,https://twitter.com/nlebmwNhAuO9aqJ/status/897902337661870084
1freetruth,2017-08-17 03:25,0,0,Escape From Marawi | Trailer | Available Now https://www.youtube.com/watch?v=c98dgBxAVLQ … # Video # Truth # InfoWars,,,# # #,897902200206352384,https://twitter.com/1freetruth/status/897902200206352384
marawi_q8,2017-08-17 03:25,2,7,❦ كل فرحة تصنعها لغيرك ستعود لك❦ :pic.twitter.com/Y54YGmCcx1,,,,897902137560014849,https://twitter.com/marawi_q8/status/897902137560014849
marawi_q8,2017-08-17 03:24,0,3,من شاف نفسه فوقنا ماحسبناه .. حنا عزاز نعز من يحترمــــنا •pic.twitter.com/7mRcwtEs41,,,,897901797091622912,https://twitter.com/marawi_q8/status/897901797091622912
marawi_q8,2017-08-17 03:23,2,4,↴❥ོ ⸀ ⠀ ⠀    ⠀ ⠀⠀ مِن الجـميـل أنْ تُہدي أبتسآمـہ وتقطفُ أخـرىٰ من ثـغرٍ حـزين❥ོ ⠀pic.twitter.com/lDIAfUA1Ry,,,,897901580732821504,https://twitter.com/marawi_q8/status/897901580732821504
marawi_q8,2017-08-17 03:22,0,0,أنا بقربك طفلــہ أبت أن تكبر .. يبكيهآ بُعدك ، حدة صوتك ، وترضيها أحبك ، وحلوى قُبلتك .!,,,,897901489976467456,https://twitter.com/marawi_q8/status/897901489976467456
marawi_q8,2017-08-17 03:20,4,8,أنا أنثى ليست لي قدرة بأن أكون خبيثـہ أو حتى غامضـہ يكفي أن أكون مختلفـہ وسط هذا العالم بسيطہ يسعدني كتاب وكوب شوكولاتہ ساخنہ # دلوعتكمpic.twitter.com/01zX7O5pHB,,,#,897900992511045633,https://twitter.com/marawi_q8/status/897900992511045633
KJnNHyzGfiiwYjj,2017-08-17 03:20,0,0,كلام جميل,,,,897900936613437440,https://twitter.com/KJnNHyzGfiiwYjj/status/897900936613437440
plsburydoughboy,2017-08-17 03:16,0,1,Is she running towards the Marawi residents she left homeless and hungry https://twitter.com/highreaching/status/897798961645400064 …,"(['Philippines'], Location((12.7503486, 122.7312101, 0.0)))",,,897899874036985857,https://twitter.com/plsburydoughboy/status/897899874036985857
marawi_q8,2017-08-17 03:13,1,2,لـ؛ عافيه قلبي . حمَاك الرّحمن لأهـلك ثمّ لِي ثمّ لِي ثمّ لِيpic.twitter.com/8EDcSeqbJg,,,,897899068663398400,https://twitter.com/marawi_q8/status/897899068663398400
marawi_q8,2017-08-17 03:12,0,1,مدري متى يا عين ودك تنامين نامت عيون الناس والليل قفى عمر السهرما لم شمـل المحبين نامي وشوق القلب كفى ووفى,,,,897898829252395008,https://twitter.com/marawi_q8/status/897898829252395008
def_filipino,2017-08-17 03:10,0,0,P5-million mula kay Padilla upang tulungan ang mga kabataang apektado ng krisis sa Marawi City. http://fb.me/1WjGwVxVs,"(['Philippines'], Location((12.7503486, 122.7312101, 0.0)))",,,897898271846223872,https://twitter.com/def_filipino/status/897898271846223872
MhZmzmzm,2017-08-17 03:08,0,0,صدقتي وانا خوك وجعل عين ترجيك ماتفقدك وجعل عمرك طويل ومتعك بالصحةوالعافيه,,,,897897945537884161,https://twitter.com/MhZmzmzm/status/897897945537884161
marawi_q8,2017-08-17 03:06,1,4,تاكد ان الله يدبرامرك يرتب امنياتك يبعدك عن الردىء ويقربك للنفيس فلا تحزن على رزق لم يصبك فهو لم يكن لك ولا قلبا مضى عنك فهو لم يكن يليق بك,,,,897897490044690433,https://twitter.com/marawi_q8/status/897897490044690433
i3ryok,2017-08-17 03:02,1,0,Robin Padilla donates P5M for Marawi kids - http://www.newsportal.ph/robin-padilla-donates-p5m-for-marawi-kids/ …pic.twitter.com/en1Wihj7Fe,,,,897896279472087041,https://twitter.com/i3ryok/status/897896279472087041
marawi_q8,2017-08-17 03:00,0,2,. . ࿐ ㅤㅤㅤㅤㅤ ㅤㅤㅤㅤㅤ مـآ رآح يـحبونگ مـثل حبي لگ لـو عآشـوآ : گل آلعمـر جنبـگ .. ㅤㅤ ┈┈┉✿•༻༺✿┉┈┈pic.twitter.com/oMQj0WYO91,,,,897895797521399808,https://twitter.com/marawi_q8/status/897895797521399808
marawi_q8,2017-08-17 02:59,3,2,أحببتك فقلبي لك سكنا ووقاء أحببتك فصدري لك دفئا وغطاء أحببتك فشمسي تشرق لك صباحا ومساء بلى إنتي سر أنفاسي يا عمرى,,,,897895533951328256,https://twitter.com/marawi_q8/status/897895533951328256
marawi_q8,2017-08-17 02:56,8,7,ھات الغلا والحب والصدق والشوق وهاك الغـرام اللي ندر في زمـانه باعطيك قلب في سما الحب مرموق وعــطني شعـور سامي فـي مكانه,,,,897894937794039808,https://twitter.com/marawi_q8/status/897894937794039808
marawi_q8,2017-08-17 02:56,3,6,العيون اللي تراقب من بعيد ياعساها ماتشوف ٳلا الهنـا ٳستريح يالغـلا مـامن جديد العهد باقي وأنا مازلـت أنـا # مروه_انهpic.twitter.com/iqR7HKxl52,,,#,897894917674074112,https://twitter.com/marawi_q8/status/897894917674074112
PresPoliticsPh,2017-08-17 02:56,0,0,FINAL ASSAULT! BAKBAKAN SA MAIN BATTLE AREA NG MARAWI PATAPOS NA - PANOORIN: http://youtu.be/oWUvzqvx_Ys?a  via @ YouTube,"(['Davao Region'], Location((7.0645241, 125.6084143, 0.0)))",@,,897894901274345472,https://twitter.com/PresPoliticsPh/status/897894901274345472
marawi_q8,2017-08-17 02:55,3,6,الحب ماهو دق رقمي وانا اجيگ ولارسايل شعر من قول شعـار الحب شي داخـل القلب يرميـگ في تهلكة عاشقك لو كـان جبـّار # مقصوده,,,#,897894723767197696,https://twitter.com/marawi_q8/status/897894723767197696
marawi_q8,2017-08-17 02:55,1,1,لاتنشد المشتاق وشلون يشتـاق هذا السـؤال اللي بليـا إجابـه الحب من ربي يجي كلـهہ أشواق من غير ماتعلم وتحسب أحسابـه # مقصوده,,,#,897894615059234816,https://twitter.com/marawi_q8/status/897894615059234816
marawi_q8,2017-08-17 02:55,0,2,حافظ على من تحب عاتبـه إن كنت تريده وأهتم بكـل تفاصيله الحب إحساس قبل أن يكون كلمه.... # مقصوده,,,#,897894488965877760,https://twitter.com/marawi_q8/status/897894488965877760
marawi_q8,2017-08-17 02:54,0,2,في هذه الحياة ستتعلم كل شيء وحدك الا القسوة سيقوم شخص آخر بتعليمها لكpic.twitter.com/907dc8qT7n,,,,897894272099377153,https://twitter.com/marawi_q8/status/897894272099377153
marawi_93,2017-08-17 02:54,0,0,كل شي جايز من شفت مكان اللوجو والخط والصوره,"(['Muscat', ' Oman'], Location((18.3717337, -72.2862809, 0.0)))",,,897894266185318400,https://twitter.com/marawi_93/status/897894266185318400
habooi93,2017-08-17 02:53,0,0,ويمكن بالوورد,"(['Muscat', ' Oman'], Location((18.3717337, -72.2862809, 0.0)))",,,897894068105170944,https://twitter.com/habooi93/status/897894068105170944
marawi_q8,2017-08-17 02:53,10,18,يارب استودعتك نفسي و صحتي وسعادتي و أمنياتي و أحلامي ومافي قلبي ... استودعتك جل ماف قلبي وكل مااريده ...pic.twitter.com/A4Dik9SPin,,,,897894059309760512,https://twitter.com/marawi_q8/status/897894059309760512
marawi_93,2017-08-17 02:52,0,0,بالمختصر تصميم بالبوربوينت,"(['Muscat', ' Oman'], Location((18.3717337, -72.2862809, 0.0)))",,,897893762914856960,https://twitter.com/marawi_93/status/897893762914856960
nhoda_q8,2017-08-17 02:49,4,6,اغار عليكي من مكحل من طوق تتحلى به من هواء يصل قلبك قبلي حتى من ماشي يلمس دفايرك حتى من عطرك الهادئ اغار حتى تقتلني غيرتي,,,,897893179680280581,https://twitter.com/nhoda_q8/status/897893179680280581
Sahoma_q8,2017-08-17 02:46,7,7,تـغـاري مـن الـبـشـر ؟ و أنـتي الـبـشـر بـعـيـونـي ..♡,"(['\xd9\x83\xd9\x8a\xd9\x81\xd8\xa7\xd9\x86', ' \xd8\xaf\xd9\x88\xd9\x84\xd8\xa9 \xd8\xa7\xd9\x84\xd9\x83\xd9\x88\xd9\x8a\xd8\xaa'], Location((29.3385681, 47.9618183, 0.0)))",,,897892267096064000,https://twitter.com/Sahoma_q8/status/897892267096064000
ChokalataMa,2017-08-17 02:45,0,0,ماشاءالله تبارك الرحمن,,,,897892192177590272,https://twitter.com/ChokalataMa/status/897892192177590272
marawi_q8,2017-08-17 02:45,6,12,"كيف أخبره ان ثمة ركن في القلب يختزن العسل ويمدني ابدابرغبة الرقص غياب قصائده لن يكسرني هالة ساباpic.twitter.com/6hul1OxQn0""",,,,897892145599848448,https://twitter.com/marawi_q8/status/897892145599848448
BuzzFeedNow1,2017-08-17 02:45,0,0,Robin Padilla donates P5M for Marawi kids http://ift.tt/2uJHXGv # buzz # trending # viral # news # updates # trendingnews # viralnews # buzzfeed…,,,# # # # # # # #,897892121742594053,https://twitter.com/BuzzFeedNow1/status/897892121742594053
marawi_q8,2017-08-17 02:45,1,2,وبكيت كما لم تفعل من قبل بكيت من كل الحواس بكيت كأنك لا تبكي بل تذوب دفعة واحدة وتمطر درويشpic.twitter.com/vctjCCF93T,,,,897891976711766016,https://twitter.com/marawi_q8/status/897891976711766016
marawi_q8,2017-08-17 02:44,1,2,أُحبُّگ .. أنتَ فقَط إقرأهَا بِقَلبگ .. وأغمض عَينيگ وتأمَّلهَاpic.twitter.com/CJdKul9Qa4,,,,897891844947890177,https://twitter.com/marawi_q8/status/897891844947890177
marawi_q8,2017-08-17 02:41,8,12,هناك أشخاص تطغى أرواحهم النقية على نفوسنآ لدرجة أننا نتمنى لقائهم في كل لحظة ألف مـــرة @ Sahoma_q8 @ nhoda_q8pic.twitter.com/FuJ7RkQUV2,,@ @,,897891179974545416,https://twitter.com/marawi_q8/status/897891179974545416
marawi_q8,2017-08-17 02:37,1,5,ㅤ ㅤ ㅤ ㅤ تطمني فقد أوصيت قلبي عليڪ❥ོ آخر تصميم مني لك ربي يحفظكpic.twitter.com/p2zcwUA2V6,,,,897890170250428417,https://twitter.com/marawi_q8/status/897890170250428417
bserikat7,2017-08-17 02:30,0,0,"Berkaca pada Kasus Marawi, Pusat Studi Peperangan Asimetrik Unhan Gelar FGD Terorisme http://dlvr.it/PfX7lz pic.twitter.com/9OBzErg1zr",,,,897888221677342720,https://twitter.com/bserikat7/status/897888221677342720
NpICGA6tFKw6LDI,2017-08-17 02:24,0,0,عسوله ماشاء آلله,"(['Clinton', ' Manhattan'], Location((38.5896187, -89.420064, 0.0)))",,,897886675979972608,https://twitter.com/NpICGA6tFKw6LDI/status/897886675979972608
OccuWorld,2017-08-17 02:18,0,0,Escape From Marawi Trailer Available Now http://youtu.be/nqfo1mquxyQ  http://www.occuworld.org/news/3582676,"(['Earth'], Location((34.2331373, -102.4107493, 0.0)))",,,897885209407967234,https://twitter.com/OccuWorld/status/897885209407967234
MaritimNewsCom,2017-08-17 02:10,0,0,"Berkaca pada Kasus Marawi, Pusat Studi Peperangan Asimetrik Unhan Gelar FGD Terorisme - http://maritimnews.com/berkaca-pada-kasus-marawi-pusat-studi-peperangan-asimetrik-unhan-gelar-fgd-terorisme/FGD … b...pic.twitter.com/cTKSSycfhO",,,,897883284801175556,https://twitter.com/MaritimNewsCom/status/897883284801175556
emediamo,2017-08-17 01:49,0,0,YA RINDI GRACIAS SI SENIORA RUFINA DAKKAY MUJER DEL UN SOLDAO QUIEN YA MURI NA ENCUENTRO NA MARAWI CITY DEL JULIO... http://fb.me/JKhJfW0y,"(['RBB Building', ' Villa Teresa', ' ZC'], Location((52.342398, 14.5520171, 0.0)))",,,897877908768862209,https://twitter.com/emediamo/status/897877908768862209
emediamo,2017-08-17 01:47,0,0,EXCLUSIBO YA PUEDE CUBRI EL EMEDIA CON EL CUATRO PAMILIA DEL MAGA SOLDAO QUIEN YA MURI NA ENCUENTRO NA MARAWI... http://fb.me/3fMY7um54,"(['RBB Building', ' Villa Teresa', ' ZC'], Location((52.342398, 14.5520171, 0.0)))",,,897877552332722182,https://twitter.com/emediamo/status/897877552332722182
P__SOS,2017-08-17 01:45,0,0,"Tetap Rendah Hati, Muslim Penyelamat Warga Kristiani di Marawi Tolak Disebut Pahlawan http://dlvr.it/PfWhPN pic.twitter.com/rINA13n8HG","(['Jakarta Capital Region', ' Indone'], Location((-6.1753942, 106.827183, 0.0)))",,,897876937011482625,https://twitter.com/P__SOS/status/897876937011482625
dwiz882,2017-08-17 01:45,1,1,Actor Robin Padilla nagbigay ng 5M Pesos donation para sa Marawi City - http://www.dwiz882am.com/index.php/actor-robin-padilla-nagbigay-ng-5m-pesos-donation-para-sa-marawi-city/ …,"(['Pasig City', ' Philippines'], Location((9.7771753, 125.4915723, 0.0)))",,,897876874625294336,https://twitter.com/dwiz882/status/897876874625294336
euniceanne17,2017-08-17 01:40,1,0,Robin Padilla donates P5M for Marawi kids: President Rodrigo Duterte on Wednesday witnessed actor Robin Padilla… http://dlvr.it/PfWd2k,"(['philippines'], Location((12.7503486, 122.7312101, 0.0)))",,,897875637737631748,https://twitter.com/euniceanne17/status/897875637737631748
maxangelo987,2017-08-17 01:39,1,0,http://bit.ly/2wVTIq2  Robin Padilla donates P5M for Marawi kids http://bit.ly/2wQbH1Z # gmanews,,,#,897875374754942985,https://twitter.com/maxangelo987/status/897875374754942985
RomeoRamirez_TW,2017-08-17 01:33,0,3,"Sana yung P5M fine, each, ng Grab at Uber sa LTFRB, pinangdonate nalang din sa Marawi for rehabilitation programs... https://twitter.com/gmanews/status/897869565908078593 …",,,,897873847445147648,https://twitter.com/RomeoRamirez_TW/status/897873847445147648
sadgmahmad,2017-08-17 01:29,0,0,ياقلبي,,,,897873056609259520,https://twitter.com/sadgmahmad/status/897873056609259520
juztpost,2017-08-17 01:27,0,0,# juztpost Robin Padilla donates P5M for Marawi kids http://juztpost.com/2017/08/16/robin-padilla-donates-p5m-marawi-kids/ …pic.twitter.com/wRLtJr33io,"(['Republic of the Philippines'], Location((12.7503486, 122.7312101, 0.0)))",,#,897872511555313666,https://twitter.com/juztpost/status/897872511555313666
krisjanmarauna,2017-08-17 01:24,0,0,Changes is coming! Bangon marawi http://fb.me/8Sltt7lvK,"(['saudi'], Location((25.6242618, 42.3528328, 0.0)))",,,897871680449765376,https://twitter.com/krisjanmarauna/status/897871680449765376
gmanews,2017-08-17 01:16,22,189,Robin Padilla donates P5M for Marawi kids http://bit.ly/2wQbH1Z,"(['Philippines'], Location((12.7503486, 122.7312101, 0.0)))",,,897869565908078593,https://twitter.com/gmanews/status/897869565908078593
HNBK_twt,2017-08-17 01:13,0,0,"Bila fikir tentang konflik di Marawi, Selatan Filipina tak dapat bayang kehidupan penduduk di situ . Kesian!","(['Jitra', ' Kedah'], Location((6.2691845, 100.416839, 0.0)))",,,897868888926437376,https://twitter.com/HNBK_twt/status/897868888926437376
michael22977427,2017-08-17 01:07,0,0,"Philippine president sh, who killed 32 suspects in the bloodiest dru @ AJEnglish http://aje.io/cdsyd . Have you cleared Marawi of scum yet pic.twitter.com/kn6nM6Oc0G","(['Wellingborough', ' England'], Location((52.2984002, -0.6911344, 0.0)))",@,,897867311432036354,https://twitter.com/michael22977427/status/897867311432036354
DonJohnstonLC,2017-08-17 01:02,0,0,Diplomat_APAC: RT rjamesbarrete: Battle for Marawi Exposes Philippines’ Military Intelligence Crisis Diplomat_APAC http://thediplomat.com/2017/08/battle-for-marawi-exposes-philippines-military-intelligence-crisis/ …,"(['New York', ' NY'], Location((40.7306458, -73.9866136, 0.0)))",,,897866207596085248,https://twitter.com/DonJohnstonLC/status/897866207596085248
sealisium,2017-08-17 00:59,0,0,Malakas talaga mga Korea. Ipadala sa Marawi # LabanPilipinas,,,#,897865378625277953,https://twitter.com/sealisium/status/897865378625277953
Pulitika2010,2017-08-17 00:53,0,0,not in DOT's control. Duts will use the money Nalang daw to rebuild houses in Marawi.,"(['Manila', ' Philippines'], Location((14.5906216, 120.9799696, 0.0)))",,,897863964176007168,https://twitter.com/Pulitika2010/status/897863964176007168
dzrhnews,2017-08-17 00:53,0,0,"Programa kontra terorismo sa marawi, todo-suporta ng MILF | via RH19 Jun Dimacutac # RapidoHatawBalita","(['Manila', ' Philippines'], Location((14.5906216, 120.9799696, 0.0)))",,#,897863777818787840,https://twitter.com/dzrhnews/status/897863777818787840
balitaronda,2017-08-17 00:50,0,0,BULACAN PDP-LABAN DONATIONS TO MARAWI http://rondabalita.news/bulacan-pdp-laban-donations-to-marawi … via @ Ronda Balita,"(['City of Malolos', ' Bulacan'], Location((14.843759, 120.8113694, 0.0)))",@,,897863170596798464,https://twitter.com/balitaronda/status/897863170596798464
YellowPadawan,2017-08-17 00:49,0,0,musta na ba marawi? sana wala nang gulo para mga sundalo buhay na makauwi. # Tweetanaga @ rapplerdotcom,"(['Springfield'], Location((39.7989763, -89.6443688, 0.0)))",@,#,897862796427149312,https://twitter.com/YellowPadawan/status/897862796427149312
PHShowbizNow,2017-08-17 00:40,1,5,Robin Padilla donates P5M for Marawi kids http://ift.tt/2uJbujI  | via GMA News,"(['\xc3\x9cT: 14.5339204', '121.0738461'], Location((47.8892975, -94.2631618, 0.0)))",,,897860556941557763,https://twitter.com/PHShowbizNow/status/897860556941557763
PHShowbizNow,2017-08-17 00:39,0,1,[CHIKA MINUTE] Robin Padilla donates P5M for Marawi kids http://ift.tt/2uJbujI  | via GMA News,"(['\xc3\x9cT: 14.5339204', '121.0738461'], Location((47.8892975, -94.2631618, 0.0)))",,,897860336832962564,https://twitter.com/PHShowbizNow/status/897860336832962564
maramagutlapig,2017-08-17 00:35,1,1,"Weeeeh ang bilis mo sa kadamay, sa mga bakwit ang bagal mo. Binitbit mo pa mga kasama mong sila teddy casiño magkalat sa marawi. https://twitter.com/DZMMTeleRadyo/status/897771012959330305 …",,,,897859268166025216,https://twitter.com/maramagutlapig/status/897859268166025216
dlbtstcbg_,2017-08-17 00:33,0,0,yung marawi ba gusto sayo,,,,897858898626985984,https://twitter.com/dlbtstcbg_/status/897858898626985984
j_mreyes,2017-08-17 00:24,1,0,Duterte witnessed actor Robin Padilla donating P5 million to DSWD for children in Marawi @ Malaya_Online fe PPDpic.twitter.com/sCDyBJYIbb,,@,,897856666452074497,https://twitter.com/j_mreyes/status/897856666452074497
SaadAbedine,2017-08-17 00:21,0,1,"# Philippines' Muslim Scholars blast # ISIS' savagery & ideology, fear # Marawi fighting may deepen communal discord pic.twitter.com/v8lz6Zk2hL","(['Doha', ' Atlanta', ' Abu Dhabi'], Location((25.3014957, 51.4996673988, 0.0)))",,# # #,897855824076222464,https://twitter.com/SaadAbedine/status/897855824076222464
DZMMTeleFeed,2017-08-17 00:20,0,0,"AFP, nanindigang kailangan ulit ng airstrike sa Marawi",,,,897855479489196033,https://twitter.com/DZMMTeleFeed/status/897855479489196033
rjamesbarrete,2017-08-17 00:19,9,7,Battle for Marawi Exposes Philippines’ Military Intelligence Crisis @ Diplomat_APAChttp://thediplomat.com/2017/08/battle-for-marawi-exposes-philippines-military-intelligence-crisis/ …,"(['Manila', ' Philippines'], Location((14.5906216, 120.9799696, 0.0)))",@,,897855363180969984,https://twitter.com/rjamesbarrete/status/897855363180969984
Moh1982fcb,2017-08-17 00:18,0,1,روووع,"(['\xd8\xa7\xd9\x84\xd8\xb9\xd8\xb1\xd8\xa7\xd9\x82 / \xd9\x83\xd8\xb1\xd9\x83\xd9\x88\xd9\x83'], Location((35.4701099, 44.3964846, 0.0)))",,,897855139813437440,https://twitter.com/Moh1982fcb/status/897855139813437440
manilabulletin,2017-08-17 00:17,30,133,LOOK: Robin Padilla donates P5M for psychosocial aid to Marawi children during meeting with President Duterte (: Palace) | @ GenKabilingpic.twitter.com/1du5MZmLHJ,"(['Manila', ' Philippines'], Location((14.5906216, 120.9799696, 0.0)))",@,,897854764989284353,https://twitter.com/manilabulletin/status/897854764989284353
pinoynewsonline,2017-08-17 00:16,0,0,"KAKAPASOK LANG NA BALITA! AUGUST 7, 2017 | Sen. Lacson | Parojinog Case Updates | Marawi Updates More on... http://fb.me/xKowaLpp","(['Republic of the Philippines'], Location((12.7503486, 122.7312101, 0.0)))",,,897854592351956994,https://twitter.com/pinoynewsonline/status/897854592351956994
KingOfSatya,2017-08-17 00:15,0,0,# Philippines get rid of the scum from your lands!!!! # Marawi,,,# #,897854441843417089,https://twitter.com/KingOfSatya/status/897854441843417089
DonJohnstonLC,2017-08-17 00:03,0,0,Diplomat_APAC: Battle for Marawi Exposes Philippines’ Military Intelligence Crisis http://bit.ly/2vGWzE3,"(['New York', ' NY'], Location((40.7306458, -73.9866136, 0.0)))",,,897851206676213761,https://twitter.com/DonJohnstonLC/status/897851206676213761
Diplomat_APAC,2017-08-17 00:01,5,2,Battle for Marawi Exposes Philippines’ Military Intelligence Crisis http://bit.ly/2vGWzE3,"(['Tokyo', ' Japan'], Location((34.6968642, 139.4049033, 0.0)))",,,897850825900470272,https://twitter.com/Diplomat_APAC/status/897850825900470272
GalangJOVINO,2017-08-17 00:01,0,0,"Mga natitirang Maute terrorists sa Marawi, asahang maaaresto – AFP",,,,897850738470039552,https://twitter.com/GalangJOVINO/status/897850738470039552
