bdsaguing,2017-10-13 23:58,0,0,"['retweeted', 'inquirer', 'inquirerdotnet', 'evacuees', 'cant', 'go', 'home', 'yet', 'even', 'marawi', 'conflict', 'ends']","(['Rome', ' Italy'], Location((34.257038, -85.1646726, 0.0)))",@,,918868637854859264,https://twitter.com/bdsaguing/status/918868637854859264,en
inquirerdotnet,2017-10-13 23:56,3,4,"['evacuees', 'cant', 'go', 'home', 'yet', 'even', 'marawi', 'conflict', 'ends']","(['Makati City'], Location((14.5591272, 121.0202094, 0.0)))",,,918868095573348353,https://twitter.com/inquirerdotnet/status/918868095573348353,en
yoshi_nagamine,2017-10-13 23:47,0,1,"['nice', 'interview', 'tomoko', 'japanese', 'head', 'office', 'marawi', 'philippines', '99']","(['Geneva', ' Switzerland'], Location((42.8689552, -76.9777436, 0.0)))",,,918865865600364544,https://twitter.com/yoshi_nagamine/status/918865865600364544,en
steepfunny24,2017-10-13 23:30,0,1,"['marawi', 'relief', 'operation']","(['Davao Region', ' Republic of the'], Location((7.0645241, 125.6084143, 0.0)))",,,918861467968868352,https://twitter.com/steepfunny24/status/918861467968868352,en
NokieVillanueva,2017-10-13 23:27,0,0,"['isis', 'armed', 'forces', 'control', 'marawi', 'able', 'dance', 'baby', 'shark', 'philmarinecorps']",,@,,918860749086253056,https://twitter.com/NokieVillanueva/status/918860749086253056,en
autorenonline,2017-10-13 23:21,0,0,"['daring', 'rescue', '3', 'maute', 'hostages', 'marawi', 'caught', 'oncamera']",,,,918859271055425536,https://twitter.com/autorenonline/status/918859271055425536,en
PHCNetworks,2017-10-13 23:15,0,0,"['hapilon', 'dead', 'alive', 'fighting', 'marawi', 'intensifies', 'scout', 'rangerss', 'final', 'assault', 'vs', 'hapilon', 'marawi']","(['Vancouver', ' British Columbia'], Location((49.2608724, -123.1139529, 0.0)))",,#,918857651949375488,https://twitter.com/PHCNetworks/status/918857651949375488,en
autorenonline,2017-10-13 23:12,0,0,"['fighting', 'marawi', 'intensifies', 'scout', 'rangerss', 'final', 'assault', 'vshapilon']",,,,918857009906118656,https://twitter.com/autorenonline/status/918857009906118656,en
judithpjacob,2017-10-13 23:10,0,2,"['promises', 'diamonds', 'pearls', 'palaces', 'im', 'betting', 'whoever', 'drafted', 'nasheed', 'marawi', 'listening', 'lot', 'beyonce']",,,,918856551573721089,https://twitter.com/judithpjacob/status/918856551573721089,en
AyaPhilippines,2017-10-13 23:04,0,0,"['marawi', 'siege', 'bound', 'happen', 'bc', 'among', 'things', 'many', 'leaders', 'distinguish', 'criticism', 'reccomendation']",,,# #,918854913454628866,https://twitter.com/AyaPhilippines/status/918854913454628866,en
DuyogMarawi,2017-10-13 22:55,0,0,"['duyog', 'marawi', 'communication', 'advocacy', 'team', 'headed', 'doro', 'abdul', 'mahid', 'usman', 'conducted', 'interview', 'madrasa']",,,,918852623591129089,https://twitter.com/DuyogMarawi/status/918852623591129089,en
manilainformer,2017-10-13 22:46,0,0,"['defense', 'chief', 'refuses', 'set', 'marawi', 'deadline', 'thistime']","(['Manila'], Location((14.5906216, 120.9799696, 0.0)))",,,918850356657864704,https://twitter.com/manilainformer/status/918850356657864704,en
manilainformer,2017-10-13 22:33,0,0,"['duterte', 'marawi', 'crisis', 'almostover', '0']","(['Manila'], Location((14.5906216, 120.9799696, 0.0)))",,,918847187588595713,https://twitter.com/manilainformer/status/918847187588595713,en
TheDaneChris,2017-10-13 22:33,2,7,"['airstrikes', 'marawi', 'filmed', 'besieged', 'isis', 'militants', 'incredible', 'footage', 'via']","(['Denmark'], Location((55.670249, 10.3333283, 0.0)))",,# # #,918847064334839809,https://twitter.com/TheDaneChris/status/918847064334839809,en
ruthboa15,2017-10-13 22:29,0,3,"['kung', 'totoo', 'na', 'handa', 'kang', 'mamatay', 'dutz', 'dare', 'go', 'marawi', 'unescorted', 'without', 'military', 'surrounding', 'know', 'true']",,,,918846066899816449,https://twitter.com/ruthboa15/status/918846066899816449,en
hunterei,2017-10-13 22:21,0,4,"['sori', 'insensitive', 'yan', 'destruction', 'marawi', 'joke']",,,,918844024793939973,https://twitter.com/hunterei/status/918844024793939973,en
MichaelSSmithII,2017-10-13 22:12,3,1,"['latest', 'video', 'islamic', 'states', 'amaq', 'agency', 'news', 'service', 'documents', 'airstrike', 'targeting', 'terrorists', 'marawi', 'hint', 'see', 'coming']","(['USA'], Location((39.7837304, -100.4458825, 0.0)))",,,918841844930359296,https://twitter.com/MichaelSSmithII/status/918841844930359296,en
PHLNewsOnline,2017-10-13 22:10,0,0,"['gma', 'news', 'daring', 'rescue', '3', 'maute', 'hostages', 'marawi', 'caught', 'camera']","(['Philippines'], Location((12.7503486, 122.7312101, 0.0)))",,,918841315810521091,https://twitter.com/PHLNewsOnline/status/918841315810521091,en
PHINewsNet2,2017-10-13 22:07,0,0,"['duterte', 'says', 'appalling', 'maute', 'terrorists', 'run', 'ordnance', 'fourth', 'month', 'fighting', 'marawi', 'genkabiling']","(['Republic of the Philippines'], Location((12.7503486, 122.7312101, 0.0)))",@,,918840634500198400,https://twitter.com/PHINewsNet2/status/918840634500198400,en
PHINewsNet2,2017-10-13 22:07,0,0,"['breakingnewsnowdevelopingpresident', 'duterte', 'says', 'return', 'marawi', 'city', 'days', 'argyllcyrusmb', 'onlyinthephilippines']","(['Republic of the Philippines'], Location((12.7503486, 122.7312101, 0.0)))",@,# #,918840603735048192,https://twitter.com/PHINewsNet2/status/918840603735048192,en
6251804,2017-10-13 22:07,5,10,"['please', 'watch', 'rise2shine', 'raininmanila', 'see', 'awesome', 'performance', 'also', 'help', 'marawi', 'victims', 'organizations']",,,# #,918840560835739648,https://twitter.com/06251804/status/918840560835739648,en
PHINewsNet2,2017-10-13 22:07,0,0,"['duterte', 'defends', 'martial', 'law', 'declaration', 'says', 'would', 'impeached', 'nothing', 'quell', 'marawi', 'rebellion']","(['Republic of the Philippines'], Location((12.7503486, 122.7312101, 0.0)))",,,918840524215279621,https://twitter.com/PHINewsNet2/status/918840524215279621,en
jlevin_untal,2017-10-13 22:07,0,1,"['freedom', 'peace', 'war', 'marawi', '9']","(['National Capital Region', ' Repub'], Location((14.5736108, 121.0329706, 0.0)))",,#,918840496327237632,https://twitter.com/jlevin_untal/status/918840496327237632,en
PHINewsNet2,2017-10-13 22:06,0,0,"['dumaguete', 'duterte', 'says', 'hopes', 'marawi', 'conflict', 'soon', 'move', 'forward', 'via', 'genkabiling', 'onlyinthephilippines']","(['Republic of the Philippines'], Location((12.7503486, 122.7312101, 0.0)))",@,#,918840481999568901,https://twitter.com/PHINewsNet2/status/918840481999568901,en
1MillionPHL,2017-10-13 22:05,0,0,"['latest', 'news', 'videos', 'updated', 'every', 'hour', 'defense', 'chief', 'refuses', 'set', 'marawi', 'published']",,,,918840093443362816,https://twitter.com/1MillionPHL/status/918840093443362816,en
NewsUpdate24Int,2017-10-13 22:02,0,0,"['amaq', 'video', 'shows', 'military', 'activity', 'marawi', 'airstrike', 'latest', 'articles', 'latest']","(['Norway'], Location((64.5731537, 11.5280364395, 0.0)))",,#,918839367459799041,https://twitter.com/NewsUpdate24Int/status/918839367459799041,en
PHINewsNet2,2017-10-13 22:02,0,0,"['president', 'duterte', '4th', 'month', 'fighting', 'hopefully', 'soon', 'im', 'going', 'marawi', 'days']","(['Republic of the Philippines'], Location((12.7503486, 122.7312101, 0.0)))",,,918839354486689794,https://twitter.com/PHINewsNet2/status/918839354486689794,en
ilovephilippin3,2017-10-13 22:00,0,0,"['daring', 'rescue', '3', 'maute', 'hostages', 'marawi', 'caught', 'camera']",,,,918838762221682689,https://twitter.com/ilovephilippin3/status/918838762221682689,en
jlevin_untal,2017-10-13 21:57,0,0,"['freedom', 'peace', 'war', 'marawi', 'manila']","(['National Capital Region', ' Repub'], Location((14.5736108, 121.0329706, 0.0)))",@Metro,#,918838103460036608,https://twitter.com/jlevin_untal/status/918838103460036608,en
AsecMargauxUson,2017-10-13 21:51,15,57,"['says', 'someone', 'cancelled', 'trip', 'marawi', 'twice', 'little', 'rain', 'shower']","(['Republic of the Philippines'], Location((12.7503486, 122.7312101, 0.0)))",,,918836495850414085,https://twitter.com/AsecMargauxUson/status/918836495850414085,en
etdbrief_ro_1,2017-10-13 21:46,0,0,"['propaganda', 'video', 'fighting', 'since', 'may', 'marawi', 'propaganda', 'video', 'fighting', 'since', 'may', 'marawi']",,,# #,918835211307118592,https://twitter.com/etdbrief_ro_1/status/918835211307118592,en
sunny19666453,2017-10-13 21:45,0,0,"['siteintelgroup', 'amaq', 'video', 'shows', 'military', 'activity', 'marawi', 'airstrike']",,,,918835114028748800,https://twitter.com/sunny19666453/status/918835114028748800,en
siteintelgroup,2017-10-13 21:42,7,2,"['amaq', 'video', 'shows', 'military', 'activity', 'marawi', 'airstrike']",,,,918834418038566912,https://twitter.com/siteintelgroup/status/918834418038566912,en
naz_gul,2017-10-13 21:42,4,2,"['juxtapose', 'amaqs', 'recent', 'video', 'air', 'strikes', 'commonality', '2', 'destruction', 'marawi']","(['London', ' Singapore'], Location((51.5073219, -0.1276474, 0.0)))",,,918834384530153473,https://twitter.com/naz_gul/status/918834384530153473,en
PHHotTrends,2017-10-13 21:35,0,0,"['defense', 'chief', 'refuses', 'set', 'marawi', 'deadline', 'time', '2']","(['Manila City'], Location((14.5906216, 120.9799696, 0.0)))",,,918832530186522624,https://twitter.com/PHHotTrends/status/918832530186522624,en
rickrick888,2017-10-13 21:30,0,0,"['insidemarawi', 'pcoo', 'secretary', 'visits', 'marawi', 'amid', 'expectations', 'end', 'crisis', 'newsroom', 'live', 'cnn', 'philippines']",,,#,918831196158791681,https://twitter.com/rickrick888/status/918831196158791681,en
rickrick888,2017-10-13 21:30,0,0,"['insidemarawi', 'military', 'continues', 'operations', 'end', 'marawi', 'crisis', 'newsroom', 'live', 'cnn', 'philippines', 'cnnphilippin']",,,#,918831194107719680,https://twitter.com/rickrick888/status/918831194107719680,en
Nidalgazaui,2017-10-13 21:24,24,25,"['marawi', 'footage', 'airstrikes', 'clashes', 'inside', 'marawi', 'city', 'isis', 'filipino', 'security']","(['M\xc3\xbcnchen'], Location((48.1371079, 11.5753822, 0.0)))",,# # #,918829817553924096,https://twitter.com/Nidalgazaui/status/918829817553924096,en
cnnphilippines,2017-10-13 21:22,0,0,"['insidemarawi', 'pcoo', 'secretary', 'visits', 'marawi', 'amid', 'expectations', 'end', 'crisis', 'newsroom', 'live']",,,#,918829295992049666,https://twitter.com/cnnphilippines/status/918829295992049666,en
cnnphilippines,2017-10-13 21:19,0,3,"['insidemarawi', 'military', 'continues', 'operations', 'end', 'marawi', 'crisis', 'newsroom', 'live']",,,#,918828638555869184,https://twitter.com/cnnphilippines/status/918828638555869184,en
gem241968,2017-10-13 20:57,0,0,"['strong', 'support', 'form', 'mindanao', 'despite', 'ml', 'war', 'marawi', 'low', 'visayas', 'natural', 'thing', 'since', 'still', 'lp']",,,,918823059707932672,https://twitter.com/gem241968/status/918823059707932672,en
PatrickValisno,2017-10-13 20:55,0,0,"['president', 'duterte', 'marawi', 'crisis', 'winding', 'hope', 'end', 'soon', 'move', 'forward', 'via', 'trishamacas', 'impactyourworld']","(['Republic of the Philippines'], Location((12.7503486, 122.7312101, 0.0)))",@,#,918822530563022848,https://twitter.com/PatrickValisno/status/918822530563022848,en
DuyogMarawi,2017-10-13 20:55,0,0,"['asked', 'hopes', 'marawi', 'behalf', 'duyog', 'marawi', 'bro', 'rey', 'barnido', 'sac', 'director', 'oic', 'answered']",,,,918822423641731072,https://twitter.com/DuyogMarawi/status/918822423641731072,en
LOCALNEWSNgayon,2017-10-13 20:44,0,0,"['daring', 'rescue', '3', 'maute', 'hostages', 'marawi', 'caught', 'camera', 'read', 'via', 'gma', 'news']","(['Philippines'], Location((12.7503486, 122.7312101, 0.0)))",,,918819696400617473,https://twitter.com/LOCALNEWSNgayon/status/918819696400617473,en
johnorvz,2017-10-13 20:43,0,0,"['fighting', 'marawi', 'intensifies', 'scout', 'rangerss', 'final', 'assault', 'vs', 'hapilon']",,,,918819501394706432,https://twitter.com/johnorvz/status/918819501394706432,en
imax111,2017-10-13 20:37,0,0,"['lumisis', 'propaganda', 'video', 'fighting', 'since', 'may', 'marawi', 'via', 'simnasr']","(['everywhere'], Location((41.7776533, -72.6740756, 0.0)))",,#,918817937154281475,https://twitter.com/imax111/status/918817937154281475,en
lumisis,2017-10-13 20:36,0,0,"['propaganda', 'video', 'fighting', 'since', 'may', 'marawi', 'u', 'via', 'simnasr']",,@,#,918817605955346437,https://twitter.com/lumisis/status/918817605955346437,en
terrorism_info,2017-10-13 20:35,0,0,"['govt', 'fatalities', 'marawi', 'rise', '160']",,,,918817429240864768,https://twitter.com/terrorism_info/status/918817429240864768,en
ICA_SC,2017-10-13 20:35,3,15,"['join', 'sc', 'sc', 'prod', 'sass', 'yclc', 'reaching', 'victims', 'marawi', 'conflict', 'catch', 'pangarap', 'next', 'week', 'llcah', 'c', 'sc', 'prod', 'cd']","([""SC '17-'18""], Location((14.723183, -17.4686313, 0.0)))",,,918817417144365057,https://twitter.com/ICA_SC/status/918817417144365057,en
DuyogMarawi,2017-10-13 20:32,0,0,"['duyog', 'kanamo', 'invitation', 'prelature', 'st', 'marys', 'marawi']",,,,918816612693581824,https://twitter.com/DuyogMarawi/status/918816612693581824,en
betseyklark,2017-10-13 20:21,2,2,"['ayan', 'nanaman', 'taunting', 'evil', 'ladt', 'time', 'taunted', 'caused', 'war', 'marawi', 'seems', 'like', 'clear', 'present', 'danger']",,,,918813824496443392,https://twitter.com/betseyklark/status/918813824496443392,en
micahpransell,2017-10-13 20:18,0,0,"['marawi', 'bro', 'mindanao']",,,,918813217467506688,https://twitter.com/micahpransell/status/918813217467506688,en
dzrhlucena,2017-10-13 20:11,0,0,"['prez', 'duterte', 'warns', 'marawi', 'siege', 'happening', 'cities']",,,,9.18811E+17,https://twitter.com/dzrhlucena/status/918811348787712000,en
SaladinAlDronni,2017-10-13 20:03,2,5,"['2', 'months', 'new', 'short', 'amaq', 'video', 'marawi', 'appeared', 'philippines']",,,#,918809291259248640,https://twitter.com/SaladinAlDronni/status/918809291259248640,en
yusufledesma,2017-10-13 19:52,0,1,"['thank', 'u', 'inviting', 'us', 'dear', 'brother', 'rhadem', 'ur', 'continuing', 'social', 'concern', 'marawi', 'refugees', 'badjao', 'refugees', 'metromanila']","(['Manila'], Location((14.5906216, 120.9799696, 0.0)))",,,918806716334010368,https://twitter.com/yusufledesma/status/918806716334010368,en
transformatte,2017-10-13 19:51,0,0,"['marawi', 'news', 'latest', 'update', 'october', '12017']",,,,918806425056436224,https://twitter.com/transformatte/status/918806425056436224,en
gian1_marcus,2017-10-13 19:46,0,4,"['mr', 'ms', 'marawi', 'hahahaha']","(['Binondo Manila'], Location((14.60089925, 120.974706746, 0.0)))",,,918805181256515585,https://twitter.com/gian1_marcus/status/918805181256515585,en
PatrickValisno,2017-10-13 19:43,0,0,"['breaking', 'news', 'alertpres', 'duterte', 'went', 'marawi', 'want', 'die', 'afraid', 'dying', 'buglasan2017', 'via', 'inquirerdotnet']","(['Republic of the Philippines'], Location((12.7503486, 122.7312101, 0.0)))",@,#,918804378315767808,https://twitter.com/PatrickValisno/status/918804378315767808,en
rickrick888,2017-10-13 19:24,0,0,"['pcoo', 'secretary', 'martin', 'andanar', 'visits', 'marawi', 'amid', 'expectations', 'end', 'crisis', 'cnnphnewsnight', 'live']",,,#,918799591545491457,https://twitter.com/rickrick888/status/918799591545491457,en
cnnphilippines,2017-10-13 19:21,0,0,"['pcoo', 'secretary', 'martin', 'andanar', 'visits', 'marawi', 'amid', 'expectations', 'end', 'crisis', 'cnnphnewsnight', 'live']",,,#,918798759298867200,https://twitter.com/cnnphilippines/status/918798759298867200,en
etdbrief_ro_1,2017-10-13 19:19,0,0,"['propaganda', 'video', 'fighting', 'since', 'may', 'marawi']",,,#,918798314908340224,https://twitter.com/etdbrief_ro_1/status/918798314908340224,en
rickrick888,2017-10-13 19:19,0,0,"['officials', 'finalizing', 'master', 'plan', 'marawi', 'recovery', 'cnn', 'philippines', 'cnnphilippines', 'october', '13', '2017']",,,,918798276069134336,https://twitter.com/rickrick888/status/918798276069134336,en
cnnphilippines,2017-10-13 19:18,2,2,"['officials', 'finalizing', 'master', 'plan', 'marawi', 'recovery']",,,,918798047168958465,https://twitter.com/cnnphilippines/status/918798047168958465,en
awearbo,2017-10-13 19:07,0,0,"['prove', 'drug', 'list', 'marawi', 'matrix', 'true']",,,,918795392673660928,https://twitter.com/awearbo/status/918795392673660928,en
MyRizalPH,2017-10-13 19:05,2,5,"['ive', 'got', 'news', 'u', 'marawi', '1', 'effing', 'terrorist', 'attack', 'wc', 'still', 'ongoing', 'anong', 'allow', 'uv', 'already', 'proven', 'ur', 'incompetence']","(['Republic of the Philippines'], Location((12.7503486, 122.7312101, 0.0)))",,#,918794816816910337,https://twitter.com/MyRizalPH/status/918794816816910337,en
msnph,2017-10-13 19:02,0,0,"['dilg', 'warns', 'scammers', 'anew', 'stop', 'soliciting', 'money', 'marawi']","(['Manila', ' Philippines'], Location((14.5906216, 120.9799696, 0.0)))",,,918794029168451584,https://twitter.com/msnph/status/918794029168451584,en
dwiz882,2017-10-13 18:42,0,0,"['duterte', 'went', 'marawi', 'want', 'die', 'afraid', 'dying']","(['Pasig City', ' Philippines'], Location((9.7771753, 125.4915723, 0.0)))",,,918788982686625792,https://twitter.com/dwiz882/status/918788982686625792,en
gmanewsfacebook,2017-10-13 18:37,0,0,"['armed', 'conflict', 'marawi', 'city', 'intensified', 'friday', 'philippine', 'armys', 'scout', 'rangers', 'conducted']",,,,918787788622807040,https://twitter.com/gmanewsfacebook/status/918787788622807040,en
inquirerdotnet,2017-10-13 18:36,1,4,"['pres', 'duterte', 'went', 'marawi', 'want', 'die', 'afraid', 'dying', 'buglasan2017', 'watch']","(['Makati City'], Location((14.5591272, 121.0202094, 0.0)))",,#,918787479100055552,https://twitter.com/inquirerdotnet/status/918787479100055552,en
rickrick888,2017-10-13 18:34,0,0,"['duterte', 'problem', 'really', 'postmarawi', 'take', 'care', 'wounded', 'live', 'cnn', 'philippines', 'cnnp']",,,,918786966707154949,https://twitter.com/rickrick888/status/918786966707154949,en
dwiz882,2017-10-13 18:31,0,0,"['duterte', 'problem', 'really', 'postmarawi', 'take', 'care', 'wounded']","(['Pasig City', ' Philippines'], Location((9.7771753, 125.4915723, 0.0)))",,,918786302811578368,https://twitter.com/dwiz882/status/918786302811578368,en
cnnphilippines,2017-10-13 18:30,0,3,"['duterte', 'problem', 'really', 'postmarawi', 'take', 'care', 'wounded', 'live']",,,,918786046233473024,https://twitter.com/cnnphilippines/status/918786046233473024,en
johnnagiolagon,2017-10-13 18:25,0,0,"['fighting', 'marawi', 'intensifies', 'scout', 'rangerss', 'final', 'assault', 'vs', 'hapilon', 'via', 'gmanews']",,@,#sthash,918784738822729728,https://twitter.com/johnnagiolagon/status/918784738822729728,en
LOCALNEWSNgayon,2017-10-13 18:24,0,0,"['fighting', 'marawi', 'intensifies', 'scout', 'rangerss', 'final', 'assault', 'vs', 'hapilon', 'read', 'via', 'gma', 'news']","(['Philippines'], Location((12.7503486, 122.7312101, 0.0)))",,,918784410824138752,https://twitter.com/LOCALNEWSNgayon/status/918784410824138752,en
manilabulletin,2017-10-13 18:23,0,3,"['president', 'duterte', 'says', 'return', 'marawi', 'city', 'days', 'argyllcyrusmb']","(['Manila', ' Philippines'], Location((14.5906216, 120.9799696, 0.0)))",@,,918784214870269952,https://twitter.com/manilabulletin/status/918784214870269952,en
rickrick888,2017-10-13 18:19,0,0,"['duterte', 'marawi', 'crisis', 'fourth', 'month', 'fighting', 'hopefully', 'end', 'soon', 'live']",,,,918783204236161024,https://twitter.com/rickrick888/status/918783204236161024,en
manilabulletin,2017-10-13 18:18,2,3,"['dumaguete', 'duterte', 'says', 'hopes', 'marawi', 'conflict', 'soon', 'move', 'forward', 'via', 'genkabiling']","(['Manila', ' Philippines'], Location((14.5906216, 120.9799696, 0.0)))",@,,918782888295899136,https://twitter.com/manilabulletin/status/918782888295899136,en
GenKabiling,2017-10-13 18:15,0,0,"['duterte', 'says', 'plans', 'visit', 'marawi', 'days', 'manilabulletin']",,@,,918782159124537346,https://twitter.com/GenKabiling/status/918782159124537346,en
SunStarDavao,2017-10-13 18:15,0,0,"['sunstarnews', 'marawi', 'city', 'military', 'police', 'forces', 'closing', 'positions', 'occupied', 'islamic']","(['Davao City', ' Davao Region'], Location((7.22650725, 125.454887691, 0.0)))",,#,918782143224000512,https://twitter.com/SunStarDavao/status/918782143224000512,en
cnnphilippines,2017-10-13 18:14,0,1,"['duterte', 'marawi', 'crisis', 'fourth', 'month', 'fighting', 'hopefully', 'end', 'soon', 'live']",,,,918782018493673472,https://twitter.com/cnnphilippines/status/918782018493673472,en
GenKabiling,2017-10-13 18:14,0,0,"['duterte', 'says', 'appalling', 'maute', 'terrorists', 'run', 'ordnance', 'fourth', 'month', 'fighting', 'marawi', 'manilabulletin']",,@,,918781988990959616,https://twitter.com/GenKabiling/status/918781988990959616,en
argyllcyrus_MB,2017-10-13 18:14,0,1,"['president', 'duterte', 'says', 'return', 'marawi', 'city', 'days', 'manilabulletin']","(['Manila City'], Location((14.5906216, 120.9799696, 0.0)))",@,,918781983634874368,https://twitter.com/argyllcyrus_MB/status/918781983634874368,en
rickrick888,2017-10-13 18:14,0,0,"['duterte', 'marawi', 'crisis', 'matter', 'serious', 'siege', 'violent', 'live', 'cnn', 'philippines', 'cnnphilip']",,,,918781921789964289,https://twitter.com/rickrick888/status/918781921789964289,en
cnnphilippines,2017-10-13 18:11,1,2,"['duterte', 'marawi', 'crisis', 'matter', 'serious', 'siege', 'violent', 'live']",,,,918781134984454144,https://twitter.com/cnnphilippines/status/918781134984454144,en
gmanews,2017-10-13 18:10,0,10,"['president', 'duterte', 'marawi', 'crisis', 'winding', 'hope', 'end', 'soon', 'move', 'forward', 'via', 'trishamacas']","(['Philippines'], Location((12.7503486, 122.7312101, 0.0)))",@,,918780977920348161,https://twitter.com/gmanews/status/918780977920348161,en
GenKabiling,2017-10-13 18:10,0,0,"['duterte', 'defends', 'martial', 'law', 'declaration', 'says', 'would', 'impeached', 'nothing', 'quell', 'marawi', 'rebellion', 'manilabulletin']",,@,,918780942210052097,https://twitter.com/GenKabiling/status/918780942210052097,en
trishamacas,2017-10-13 18:09,0,0,"['pres', 'dutete', 'marawi', 'crisis', 'winding', 'hope', 'end', 'soon', 'move', 'forward']","(['Republic of the Philippines'], Location((12.7503486, 122.7312101, 0.0)))",,,918780777684275200,https://twitter.com/trishamacas/status/918780777684275200,en
GenKabiling,2017-10-13 18:08,0,0,"['dumaguete', 'duterte', 'says', 'hopes', 'marawi', 'conflict', 'soon', 'move', 'forward', 'manilabulletin']",,@,,918780449891033090,https://twitter.com/GenKabiling/status/918780449891033090,en
PhilDefNews,2017-10-13 18:06,0,0,"['views', 'se', 'asia', 'countries', 'worry', 'marawis', 'terrorists']","(['Manila', ' Philippines'], Location((14.5906216, 120.9799696, 0.0)))",,,918779958331191297,https://twitter.com/PhilDefNews/status/918779958331191297,en
chanmayor,2017-10-13 17:50,0,1,"['minutes', 'well', 'arrive', 'almost', '14hour', 'travel', 'barogmarawi', 'traveling', 'marawi', 'city']","(['Davao City', 'Philippines'], Location((7.22650725, 125.454887691, 0.0)))",,#,918775939219312640,https://twitter.com/chanmayor/status/918775939219312640,en
realwillburgess,2017-10-13 17:48,0,0,"['marawi', 'bakwits', 'told', 'theyd', 'transfer', 'sagonsongan', 'soon', 'houses']","(['Pensacola', ' FL'], Location((30.421309, -87.2169149, 0.0)))",,,918775405859000320,https://twitter.com/realwillburgess/status/918775405859000320,en
GetAttramo,2017-10-13 17:46,0,0,"['marawi', 'bakwits', 'told', 'theyd', 'transfer', 'sagonsongan', 'soon', 'houses']","(['California', ' USA'], Location((36.7014631, -118.7559974, 0.0)))",,,918774828441767936,https://twitter.com/GetAttramo/status/918774828441767936,en
pohcohmoh,2017-10-13 17:33,0,0,"['watch', 'amusing', 'video', '3', 'marines', 'baby', 'shark', 'dance', 'inside', 'mba', 'marawi', 'city', 'shows', 'c9']",,,,918771685700128768,https://twitter.com/pohcohmoh/status/918771685700128768,en
PHINewsNet1,2017-10-13 17:08,0,0,"['lopez', 'proposed', 'president', 'encourage', 'public', 'market', 'owners', 'allot', 'free', 'space', 'marawi', 'traders', 'via', 'philippinestar']","(['Manila City', ' National Capital Region'], Location((14.5906216, 120.9799696, 0.0)))",@,,918765489832181760,https://twitter.com/PHINewsNet1/status/918765489832181760,en
politikovismin,2017-10-13 17:05,0,0,"['military', 'claims', 'maute', 'leaders', 'among', '22', 'cadavers', 'recovered', 'marawi', 'battle', 'zone']",,,,918764497724047360,https://twitter.com/politikovismin/status/918764497724047360,en
MSUILSAA,2017-10-13 16:46,0,2,"['nothing', 'really', 'beats', 'cold', 'weather', 'msu', 'pero', 'miss', 'little', 'village', 'marawi']",,,,918759920677220352,https://twitter.com/MSUILSAA/status/918759920677220352,en
JackBoardCNA,2017-10-13 16:42,1,2,"['preventing', 'extremism', 'returning', 'marawi', 'take', 'religious', 'reform']","(['Cambodia'], Location((13.5066394, 104.869423, 0.0)))",,#,918758843206721536,https://twitter.com/JackBoardCNA/status/918758843206721536,en
radyopilipinas1,2017-10-13 16:40,0,0,"['look', 'postconflict', 'needs', 'assessment', 'marawi', 'ongoing']","(['Quezon City', ' Philippines'], Location((14.6509905, 121.0486155, 0.0)))",,,918758211364065280,https://twitter.com/radyopilipinas1/status/918758211364065280,en
JannMeds,2017-10-13 16:36,0,0,"['hes', 'photojournalist', 'jes', 'aznar', 'nieto', 'accused', 'posting', 'realtime', 'militarys', 'movements', 'marawi', 'siege']",,,,918757401901146112,https://twitter.com/JannMeds/status/918757401901146112,en
MockerUson,2017-10-13 16:33,1,2,"['theres', 'journalist', 'based', 'marawi', 'na', 'gustong', 'kasuhan', 'si', 'nieto', 'forgot', 'name', 'though', 'pero', 'persuade', 'sue', 'nieto']",,,,918756566760935424,https://twitter.com/MockerUson/status/918756566760935424,en
cloudedpjm,2017-10-13 16:27,0,0,"['fund', 'raising', 'marawi', 'evacuess']",,,,918755138734497792,https://twitter.com/cloudedpjm/status/918755138734497792,en
14Niah,2017-10-13 16:20,0,2,"['pray', 'marawi']","(['Universe'], Location((55.85881005, -4.00208685913, 0.0)))",,,918753171719069696,https://twitter.com/14Niah/status/918753171719069696,en
PHLNewsOnline,2017-10-13 16:16,0,0,"['news5', 'battle', 'marawi', 'rages', 'refugees', 'fear', 'wont', 'home', 'return']","(['Philippines'], Location((12.7503486, 122.7312101, 0.0)))",,,918752175467257856,https://twitter.com/PHLNewsOnline/status/918752175467257856,en
AksyonTV,2017-10-13 16:11,0,0,"['battle', 'marawi', 'rages', 'refugees', 'fear', 'wont', 'home', 'return']","(['TV5', ' Philippines'], Location((47.8967217, 106.887564062, 0.0)))",,,918750913430474753,https://twitter.com/AksyonTV/status/918750913430474753,en
LilyT32,2017-10-13 15:26,0,0,"['philippines', 'philippines', 'marawi', 'armed', 'conflict', '3w', '12', 'october', '2017', 'humanitarian', 'newzealand']","(['New Zealand'], Location((-41.5000831, 172.8344077, 0.0)))",,# # #,918739700835405826,https://twitter.com/LilyT32/status/918739700835405826,en
upvCMSC,2017-10-13 15:23,1,2,"['jandeil', 'roperos', 'cas', 'sc', 'chairperson', 'marawi', 'current', 'syria', 'asia']","(['Iloilo', ' Philippines'], Location((10.9534597, 122.5756326, 0.0)))",,,918738990093672449,https://twitter.com/upvCMSC/status/918738990093672449,en
PinoyTambayanKo,2017-10-13 15:16,0,0,"['p5b', 'budget', 'alloted', 'marawi', 'rehab', 'q4', '2017', 'lorenzana']","(['Bulacan'], Location((14.794871, 120.8777119, 0.0)))",,,918737134567264256,https://twitter.com/PinoyTambayanKo/status/918737134567264256,en
NAOutot,2017-10-13 15:07,0,0,"['sign', 'unhcr', 'today', 'sm', 'center', 'pasig', 'help', 'families', 'marawi']",,,,918734992045350912,https://twitter.com/NAOutot/status/918734992045350912,en
Ayahmina1,2017-10-13 14:57,0,0,"['kmjessicasoho', 'hi', 'mam', 'humbly', 'referring', 'baby', 'photo', 'theyre', 'natangcopan', 'ec', 'pantao', 'ragat', 'idps', 'marawi', '9']",,@,,918732440478171136,https://twitter.com/Ayahmina1/status/918732440478171136,en
eddwarddmrk,2017-10-13 14:38,0,0,"['pray', 'yosef', 'prayformarawi', 'yosefierhttps']",,@,#,918727750843637762,https://twitter.com/eddwarddmrk/status/918727750843637762,en
China20G,2017-10-13 14:23,0,0,"['philippines', 'heavy', 'equipment', 'china', 'turned', 'dpwh', 'fast', 'track', 'marawi', 'recovery', 'reliefweb']","(['China'], Location((25.4915799, -98.9811115046, 0.0)))",,,918723776950480896,https://twitter.com/China20G/status/918723776950480896,en
vots2003,2017-10-13 14:18,0,0,"['dilg', 'warns', 'scammers', 'anew', 'stop', 'soliciting', 'money', 'marawi', '8']","(['Laguna', ' Philippines'], Location((14.1696476, 121.3336526, 0.0)))",,,918722507582029824,https://twitter.com/vots2003/status/918722507582029824,en
newscenterPHL1,2017-10-13 14:08,0,1,"['bangon', 'marawi', 'spox', 'toby', 'purisima', 'marawi', 'post', 'conflict', 'needs', 'assessment', 'begin', 'tomorrow', 'via', 'josephmorong', 'onlyinthephilippines']",,@,#,918719977150021632,https://twitter.com/newscenterPHL1/status/918719977150021632,en
PIAalerts,2017-10-13 13:53,0,0,"['pia10cagayan', 'de', 'oro', 'city', 'address', 'needs', 'marawi', 'idps', 'nnc10', 'spearheads', 'assessment']","(['Philippines'], Location((12.7503486, 122.7312101, 0.0)))",,,918716427011366912,https://twitter.com/PIAalerts/status/918716427011366912,en
SirJohnnyBoi,2017-10-13 13:30,0,2,"['duterte', 'razing', 'marawi', 'get', 'rid', 'isis', 'raised', 'billions', 'funds', 'rehabilitate', 'city']",,,,918710537847844864,https://twitter.com/SirJohnnyBoi/status/918710537847844864,en
newscenterPHL1,2017-10-13 13:30,0,0,"['trade', 'sec', 'mon', 'lopez', 'p40m', 'realigned', 'dti', 'budget', 'help', 'boost', 'livelihood', 'initiatives', 'marawi', 'xtinamen', 'onlyinthephilippines']",,@,#,918710453357785088,https://twitter.com/newscenterPHL1/status/918710453357785088,en
newscenterPHL1,2017-10-13 13:22,0,0,"['lopez', 'request', 'prrd', 'encourage', 'public', 'markets', 'allocate', 'around', 'five', 'stalls', 'marawi', 'idps', 'via', 'manilabulletin']",,@,,918708443652829188,https://twitter.com/newscenterPHL1/status/918708443652829188,en
MyFreedomNews,2017-10-13 13:22,0,0,"['marawi', 'siege', 'final', 'push']","(['United Kingdom'], Location((25.2232283, 55.1594933009, 0.0)))",,,918708413634297856,https://twitter.com/MyFreedomNews/status/918708413634297856,en
DILGPhilippines,2017-10-13 13:01,0,1,"['cuy', 'warns', 'marawi', 'donation', 'scammers', 'youll', 'exposed']","(['Quezon City'], Location((14.6509905, 121.0486155, 0.0)))",,,918703309212356608,https://twitter.com/DILGPhilippines/status/918703309212356608,en
InqNational,2017-10-13 13:00,0,0,"['via', 'dziq990', 'follow', 'updates', 'livestream', 'app', 'marawi']","(['Manila', ' Philippines'], Location((14.5906216, 120.9799696, 0.0)))",@,#,918702993372880897,https://twitter.com/InqNational/status/918702993372880897,en
SeventhCrg,2017-10-13 12:54,0,0,"['afp', 'marawi', 'casualty', 'received', 'php', '250', '00', 'cash', 'donations', 'efforts', 'led', 'rotary', 'club', 'camp']","(['Quezon City'], Location((14.6509905, 121.0486155, 0.0)))",,,918701535265095680,https://twitter.com/SeventhCrg/status/918701535265095680,en
autorenonline,2017-10-13 12:46,0,0,"['dilg', 'warns', 'scammers', 'anew', 'stop', 'soliciting', 'money', 'formarawi']",,,,918699483839414273,https://twitter.com/autorenonline/status/918699483839414273,en
SciOfDiscontent,2017-10-13 12:38,0,1,"['isis', 'claimed', 'killed', '4', 'philippines', 'soldiers', 'fighting', 'marawi']",,,# # #,918697489347129345,https://twitter.com/SciOfDiscontent/status/918697489347129345,en
NST_Online,2017-10-13 12:35,2,2,"['column', 'tragedy', 'marawi']","(['Malaysia'], Location((2.3923759, 112.8471939, 0.0)))",,# #,918696548841562112,https://twitter.com/NST_Online/status/918696548841562112,en
indayevarona,2017-10-13 12:34,4,5,"['targeting', 'local', 'govt', 'authorities', 'mindawide', 'marawi', 'started', 'earlierhttp']","(['Philippines'], Location((12.7503486, 122.7312101, 0.0)))",,,918696471402242048,https://twitter.com/indayevarona/status/918696471402242048,en
indayevarona,2017-10-13 12:28,3,6,"['links', 'start', 'marawi', 'conflict']","(['Philippines'], Location((12.7503486, 122.7312101, 0.0)))",,,918694799221309440,https://twitter.com/indayevarona/status/918694799221309440,en
indayevarona,2017-10-13 12:25,5,12,"['remember', 'marawi', 'started', 'w', 'drug', 'bust', 'afppnp', 'operation', 'arrest', 'abu', 'sayyafs', 'isnilon', 'hapilon', 'links', 'next']","(['Philippines'], Location((12.7503486, 122.7312101, 0.0)))",,#1,918694066207854592,https://twitter.com/indayevarona/status/918694066207854592,en
rapplerdotcom,2017-10-13 12:19,3,5,"['westmincom', 'chief', 'visits', 'marine', 'troops', 'forefront', 'marawi', 'city', 'marawiclash', 'photo', 'via', 'cpio']","(['Philippines'], Location((12.7503486, 122.7312101, 0.0)))",,#,918692674466545666,https://twitter.com/rapplerdotcom/status/918692674466545666,en
JulietFoxtrot,2017-10-13 11:58,0,0,"['combat', 'karaoke', 'marawi', 'psyops', 'afp', 'oldschool']","(['Singapore'], Location((1.2904753, 103.8520359, 0.0)))",,# # # #,918687404646531073,https://twitter.com/JulietFoxtrot/status/918687404646531073,en
biancnoelle,2017-10-13 11:56,0,2,"['heart', 'goes', 'families', 'soldiers', 'fought', 'still', 'fighting', 'marawi']","(['philippines \xe2\x80\xa2 saudi arabia'], Location((14.4845941, 121.0221433, 0.0)))",,,918686941817708546,https://twitter.com/biancnoelle/status/918686941817708546,en
caviteinstitute,2017-10-13 11:46,1,14,"['panginam', 'benefit', 'show', 'marawi', 'evacuees', 'start', 'earlier', 'today', 'oct', '13', '2017', '200', 'pm', 'goodluck', 'performers', 'organizers']","(['Silang', ' Cavite Philippines'], Location((14.2074805, 120.988078613, 0.0)))",,,918684236479004673,https://twitter.com/caviteinstitute/status/918684236479004673,en
SunStar_CDO,2017-10-13 11:42,0,0,"['marawi', 'city', 'military', 'police', 'forces', 'closing', 'positions', 'occupied', 'islamic', 'stateinspired']",,,,918683435815772162,https://twitter.com/SunStar_CDO/status/918683435815772162,en
IcpoPs2,2017-10-13 11:38,1,0,"['dialogue', 'senior', 'citizenidp', 'marawi', 'city', 'regarding', '20', 'benefits', 'senior', 'citizens', 'establishments', 'iligan', 'city']",,,,918682409662529536,https://twitter.com/IcpoPs2/status/918682409662529536,en
nednared,2017-10-13 11:35,1,0,"['remember', 'authorities', 'claimed', '80', '100', 'insurgents', 'battle', 'marawi', 'started', 'four', 'months', 'ago']",,,,918681541672185857,https://twitter.com/nednared/status/918681541672185857,en
PhilippineStar,2017-10-13 11:23,0,0,"['lopez', 'proposed', 'president', 'encourage', 'public', 'market', 'owners', 'allot', 'free', 'space', 'marawi', 'traders']","(['Philippines'], Location((12.7503486, 122.7312101, 0.0)))",,,918678598705221632,https://twitter.com/PhilippineStar/status/918678598705221632,en
xtinamen,2017-10-13 11:22,0,0,"['lopez', 'proposed', 'president', 'encourage', 'public', 'market', 'owners', 'allot', 'free', 'space', 'marawi', 'traders']","(['manila', ' ph'], Location((14.5906216, 120.9799696, 0.0)))",,,918678228662829056,https://twitter.com/xtinamen/status/918678228662829056,en
edoyarrieta75,2017-10-13 11:21,0,1,"['spokesman', 'abella', '813', 'enemies', 'killed', 'govt', 'troops', '160', 'police', 'soldiers', 'killed', 'action', 'marawi', 'c', 'piagutierrezpic2']","(['Republika ng Pilipinas'], Location((12.7503486, 122.7312101, 0.0)))",@,,918677961674432513,https://twitter.com/edoyarrieta75/status/918677961674432513,en
PIADesk,2017-10-13 11:20,0,0,"['watch', 'mindanaohour', 'press', 'briefing', 'updates', 'marawi', 'defendrepublic']","(['Philippines'], Location((12.7503486, 122.7312101, 0.0)))",,# # #,918677817851658240,https://twitter.com/PIADesk/status/918677817851658240,en
ANCALERTS,2017-10-13 11:20,0,3,"['spokesman', 'abella', '813', 'enemies', 'killed', 'govt', 'troops', '160', 'police', 'soldiers', 'killed', 'action', 'marawi', 'piagutierrez']","(['Philippines'], Location((12.7503486, 122.7312101, 0.0)))",@,,918677745118232576,https://twitter.com/ANCALERTS/status/918677745118232576,en
ANCALERTS,2017-10-13 11:19,0,10,"['dti', 'sec', 'ramon', 'lopez', 'says', 'govt', 'given', 'livelihood', 'programs', 'skills', 'training', 'internally', 'displaced', 'persons', 'marawi', 'piagutierrez']","(['Philippines'], Location((12.7503486, 122.7312101, 0.0)))",@,,918677665653047296,https://twitter.com/ANCALERTS/status/918677665653047296,en
indayevarona,2017-10-13 11:19,5,15,"['remember', 'marawi', 'started', 'drug', 'bust', 'afppnp', 'said', 'started', 'operation', 'serve', 'warrant', 'abu', 'sayyafs', 'isnilon', 'hapilon']","(['Philippines'], Location((12.7503486, 122.7312101, 0.0)))",,,918677521712889858,https://twitter.com/indayevarona/status/918677521712889858,en
ABSCBNNews,2017-10-13 11:19,2,2,"['usec', 'ernesto', 'abella', '813', 'enemies', 'killed', 'govt', 'troops', '160', 'police', 'soldiers', 'killed', 'action', 'marawi', 'via', 'piagutierrez']","(['Manila', ' Philippines'], Location((14.5906216, 120.9799696, 0.0)))",@,,918677447628931072,https://twitter.com/ABSCBNNews/status/918677447628931072,en
manilabulletin,2017-10-13 11:18,2,0,"['look', 'latest', 'update', 'marawi', 'crisis']","(['Manila', ' Philippines'], Location((14.5906216, 120.9799696, 0.0)))",,,918677411838832641,https://twitter.com/manilabulletin/status/918677411838832641,en
manilabulletin,2017-10-13 11:18,0,0,"['lopez', 'request', 'prrd', 'encourage', 'public', 'markets', 'allocate', 'around', 'five', 'stalls', 'marawi', 'idps']","(['Manila', ' Philippines'], Location((14.5906216, 120.9799696, 0.0)))",,,918677330913927168,https://twitter.com/manilabulletin/status/918677330913927168,en
pia_gutierrez,2017-10-13 11:18,1,1,"['spokesman', 'abella', '813', 'enemies', 'killed', 'govt', 'troops', '160', 'police', 'soldiers', 'killed', 'action', 'marawi']","(['Quezon City', ' Philippines'], Location((14.6509905, 121.0486155, 0.0)))",,,918677246679773185,https://twitter.com/pia_gutierrez/status/918677246679773185,en
enajsancho,2017-10-13 11:17,0,0,"['look', 'oct', '13', 'marawi', 'updates', 'dzar1026']","(['makati', ' philippines'], Location((14.55459465, 121.021407905, 0.0)))",@ @,,918677134444412928,https://twitter.com/enajsancho/status/918677134444412928,en
chonayu1,2017-10-13 11:17,0,0,"['presidential', 'spokesman', 'ernesto', 'abella', 'marawi', 'update']",,@,,918677074935660545,https://twitter.com/chonayu1/status/918677074935660545,en
LeilasINQ,2017-10-13 11:17,1,0,"['latest', 'update', 'marawi', 'conflict']",,,,918677008401383424,https://twitter.com/LeilasINQ/status/918677008401383424,en
ManseMinsuc,2017-10-13 11:17,0,1,"['thank', 'one', 'marawi', 'residents']","(['Ruins'], Location((38.81673065, 0.156872323256, 0.0)))",,,918676932979388418,https://twitter.com/ManseMinsuc/status/918676932979388418,en
argyllcyrus_MB,2017-10-13 11:16,0,0,"['look', 'latest', 'update', 'marawi', 'crisis']","(['Manila City'], Location((14.5906216, 120.9799696, 0.0)))",,,918676916571271168,https://twitter.com/argyllcyrus_MB/status/918676916571271168,en
LeilasINQ,2017-10-13 11:16,1,0,"['sec', 'lopez', 'says', 'many', 'marawi', 'residents', 'entrepreneursbusiness', 'people']",,,,918676753316421633,https://twitter.com/LeilasINQ/status/918676753316421633,en
indayevarona,2017-10-13 11:16,1,4,"['also', 'marawi', 'drug', 'bust', 'claimed', 'afppnp', 'officials', 'serving', 'arrest', 'warrant', 'abu', 'sayyafs', 'isnilon', 'hapilon']","(['Philippines'], Location((12.7503486, 122.7312101, 0.0)))",,#,918676698664656896,https://twitter.com/indayevarona/status/918676698664656896,en
LeilasINQ,2017-10-13 11:15,2,0,"['dti', 'sec', 'lopez', 'says', 'robinsons', 'iligan', 'provide', 'kiosks', 'marawi', 'residents', 'sell', 'products']",,,,918676487221403649,https://twitter.com/LeilasINQ/status/918676487221403649,en
ABSCBNNews,2017-10-13 11:15,3,18,"['dti', 'sec', 'ramon', 'lopez', 'says', 'govt', 'given', 'livelihood', 'programs', 'skills', 'training', 'internally', 'displaced', 'persons', 'marawi', 'via', 'piagutierrez']","(['Manila', ' Philippines'], Location((14.5906216, 120.9799696, 0.0)))",@,,918676450777038850,https://twitter.com/ABSCBNNews/status/918676450777038850,en
PhilippineStar,2017-10-13 11:14,1,3,"['trade', 'sec', 'mon', 'lopez', 'p40m', 'realigned', 'dti', 'budget', 'help', 'boost', 'livelihood', 'initiatives', 'marawi', 'xtinamen']","(['Philippines'], Location((12.7503486, 122.7312101, 0.0)))",@,,918676333470740480,https://twitter.com/PhilippineStar/status/918676333470740480,en
xtinamen,2017-10-13 11:12,0,0,"['trade', 'sec', 'mon', 'lopez', 'p40m', 'realigned', 'dti', 'budget', 'help', 'boost', 'livelihood', 'initiatives', 'marawi']","(['manila', ' ph'], Location((14.5906216, 120.9799696, 0.0)))",,,918675814119383041,https://twitter.com/xtinamen/status/918675814119383041,en
george_teodoro,2017-10-13 11:09,0,0,"['time', 'finish', 'fighting', 'marawi', 'afp']","(['brazil'], Location((-10.3333333, -53.2, 0.0)))",,,918674932753559555,https://twitter.com/george_teodoro/status/918674932753559555,en
gmanews,2017-10-13 11:08,2,5,"['bangon', 'marawi', 'spox', 'toby', 'purisima', 'marawi', 'post', 'conflict', 'needs', 'assessment', 'begin', 'tomorrow', 'via', 'josephmorongpic']","(['Philippines'], Location((12.7503486, 122.7312101, 0.0)))",@,,918674833054953472,https://twitter.com/gmanews/status/918674833054953472,en
pia_gutierrez,2017-10-13 11:08,2,4,"['dti', 'sec', 'ramon', 'lopez', 'says', 'govt', 'given', 'livelihood', 'programs', 'skills', 'training', 'internally', 'displaced', 'persons', 'marawi']","(['Quezon City', ' Philippines'], Location((14.6509905, 121.0486155, 0.0)))",,,918674745578602498,https://twitter.com/pia_gutierrez/status/918674745578602498,en
Joseph_Morong,2017-10-13 11:07,0,3,"['bangon', 'marawi', 'spox', 'toby', 'purisima', 'marawi', 'post', 'conflict', 'needs', 'assessment', 'begin', 'tomorrow']",,@,,918674595284115457,https://twitter.com/Joseph_Morong/status/918674595284115457,en
rickrick888,2017-10-13 11:07,0,0,"['happening', 'malacaang', 'gives', 'updates', 'marawi', 'crisis', 'watch', 'live', 'mindanaohour', 'cn']",,,#,918674503084986368,https://twitter.com/rickrick888/status/918674503084986368,en
cnnphilippines,2017-10-13 11:07,2,2,"['happening', 'malacaang', 'gives', 'updates', 'marawi', 'crisis', 'watch', 'live']",,,#,918674477122142208,https://twitter.com/cnnphilippines/status/918674477122142208,en
ReligionWorld1,2017-10-13 11:07,0,0,"['answer', 'marawi', 'extremism', 'seen', 'religion', 'channel', 'newsasia']","(['London'], Location((51.5073219, -0.1276474, 0.0)))",,,918674412311797760,https://twitter.com/ReligionWorld1/status/918674412311797760,en
pnagovph,2017-10-13 11:06,0,0,"['p5b', 'budget', 'alloted', 'marawi', 'rehab', 'q4', '2017', 'lorenzana', 'dellorenzana', 'lloydcaliwan']","(['Quezon City'], Location((14.6509905, 121.0486155, 0.0)))",@ @,,918674312566992896,https://twitter.com/pnagovph/status/918674312566992896,en
AngelaKorras,2017-10-13 11:05,0,0,"['answer', 'marawi', 'extremism', 'seen', 'religion']","(['Australia'], Location((-24.7761086, 134.755, 0.0)))",,,918674027261992960,https://twitter.com/AngelaKorras/status/918674027261992960,en
philmonitor,2017-10-13 10:57,0,0,"['marawi', 'bakwits', 'told', 'theyd', 'transfer', 'sagonsongan', 'soon', 'houses', 'via']","(['Republic of the Philippines'], Location((12.7503486, 122.7312101, 0.0)))",@,,918672070166351872,https://twitter.com/philmonitor/status/918672070166351872,en
BlackPearl_Inc,2017-10-13 10:33,0,0,"['govt', 'fatalities', 'marawi', 'rise', '160']",,,,918666093496954881,https://twitter.com/BlackPearl_Inc/status/918666093496954881,en
babychubb,2017-10-13 10:30,0,0,"['ceemso', 'practicumers', '2017', 'gradwaiting', 'city']","(['Cebu City'], Location((10.3090298, 123.8930839, 0.0)))",@Marawi,#,918665213422866433,https://twitter.com/babychubb/status/918665213422866433,en
realwillburgess,2017-10-13 10:18,0,0,"['marawi', 'bakwits', 'told', 'theyd', 'transfer', 'sagonsongan', 'soon', 'houses', '1']","(['Pensacola', ' FL'], Location((30.421309, -87.2169149, 0.0)))",,,918662131956011008,https://twitter.com/realwillburgess/status/918662131956011008,en
PIAalerts,2017-10-13 10:08,0,0,"['pia10', 'task', 'force', 'bangon', 'marawi', 'executive', 'director', 'dnd', 'usec', 'cesar', 'yano', 'updates', 'pcoo', 'secretary', 'martin', 'andanar']","(['Philippines'], Location((12.7503486, 122.7312101, 0.0)))",,,918659768469700608,https://twitter.com/PIAalerts/status/918659768469700608,en
Philippinefails,2017-10-13 10:02,0,0,"['trillanessonny', 'stop', 'word', 'war', 'investigate', 'prior', 'knowledge', 'marawi', 'attack', 'indaysara', '2']",,@ @ @,,918658119131045888,https://twitter.com/Philippinefails/status/918658119131045888,en
bangonmarawiph,2017-10-13 9:48,0,3,"['ed', 'yano', 'tells', 'sec', 'andanar', 'tfbm', 'bldg', '1175', 'temp', 'shelters', 'marawi', 'decongest', 'evac', 'centers', 'lanao', 'del', 'norte', 'iligan']",,,# # # #,918654751851528192,https://twitter.com/bangonmarawiph/status/918654751851528192,en
phildaily,2017-10-13 9:37,0,0,"['govt', 'fatalities', 'marawi', 'rise', '160']",,,,918651780250177537,https://twitter.com/phildaily/status/918651780250177537,en
pinoynewsonline,2017-10-13 9:31,0,0,"['breaking', 'news', 'today', 'september', '19', '2017', 'president', 'duterte', 'l', 'trillanes', 'l', 'father', 'chito', 'soganub', 'marawi']","(['Republic of the Philippines'], Location((12.7503486, 122.7312101, 0.0)))",,,918650292047986688,https://twitter.com/pinoynewsonline/status/918650292047986688,en
PHINewsNet1,2017-10-13 9:30,0,0,"['duterte', 'run', 'lgus', 'abetted', 'terrorists', 'marawi', 'read', 'befullyinformed']","(['Manila City', ' National Capital Region'], Location((14.5906216, 120.9799696, 0.0)))",,#,918650085696724992,https://twitter.com/PHINewsNet1/status/918650085696724992,en
LetranOfficial,2017-10-13 9:28,22,119,"['look', 'letters', 'sent', 'grade', 'six', 'students', 'soldiers', 'marawi', 'posted', 'fb', 'page', 'heroes', 'marawi', 'u']","(['Intramuros', ' Manila'], Location((14.5905862, 120.97533, 0.0)))",,,918649548523925505,https://twitter.com/LetranOfficial/status/918649548523925505,en
LetranEdu,2017-10-13 9:26,1,11,"['look', 'grade', 'six', 'students', 'sent', 'letters', 'soldiers', 'marawi', 'armed', 'conflict', 'going']","(['Manila', ' Philippines'], Location((14.5906216, 120.9799696, 0.0)))",,,918649181593509889,https://twitter.com/LetranEdu/status/918649181593509889,en
PIA_NorMin,2017-10-13 9:22,0,0,"['task', 'force', 'bangon', 'marawi', 'executive', 'director', 'undersecretary', 'department', 'national', 'defense', 'dnd', 'cesar']","(['Cagayan de Oro City'], Location((8.42980265, 124.682410212, 0.0)))",,,918648026712936448,https://twitter.com/PIA_NorMin/status/918648026712936448,en
rangerperots,2017-10-13 9:15,0,0,"['loud', 'speaker', 'operations', 'conducted', 'marawi']","(['Central Luzon'], Location((15.39091185, 120.685699512, 0.0)))",,,918646341986848768,https://twitter.com/rangerperots/status/918646341986848768,en
MindanaoGSD,2017-10-13 9:14,0,0,"['cadavers', 'processed', 'marawi', 'city', 'mindanaogoldstardaily', 'goldstardailynews', 'mindanaogsdhttp']","(['Mindanao', ' Philippines'], Location((7.68980415, 125.236399692, 0.0)))",@,# #,918645998158716929,https://twitter.com/MindanaoGSD/status/918645998158716929,en
LOCALNEWSNgayon,2017-10-13 9:04,0,0,"['dilg', 'warns', 'scammers', 'anew', 'stop', 'soliciting', 'money', 'marawi', 'read', 'via', 'gma', 'news']","(['Philippines'], Location((12.7503486, 122.7312101, 0.0)))",,,918643481542909958,https://twitter.com/LOCALNEWSNgayon/status/918643481542909958,en
trustmarissa66,2017-10-13 9:04,0,0,"['attitude', 'ruin', 'marawi', 'city', 'entire', 'country']","(['Mabalacat', ' Central Luzon'], Location((15.2228211, 120.5733105, 0.0)))",,,918643476857851904,https://twitter.com/trustmarissa66/status/918643476857851904,en
soresokantsuke,2017-10-13 8:42,0,0,"['marawi', 'battle', 'latest', 'chapter', 'long', 'fraught', 'history', 'islam', 'philippines', 'rn']","(['Milwaukee', ' Wisconsin'], Location((43.0349931, -87.922497, 0.0)))",,,918638123881586688,https://twitter.com/soresokantsuke/status/918638123881586688,en
skinnergj,2017-10-13 8:41,0,0,"['answer', 'marawi', 'extremism', 'seen', 'religion', 'via', 'skinnergj']","(['Sydney', ' New South Wales'], Location((-33.8548157, 151.2164539, 0.0)))",@,,918637909690986496,https://twitter.com/skinnergj/status/918637909690986496,en
SPPhilippines,2017-10-13 8:26,2,11,"['provided', 'water', 'handwashing', 'stations', 'displaced', 'marawi', 'idps', '4', 'camps', 'prevent', 'sickness', 'like', 'diarrhea', 'happy']","(['Philippines'], Location((12.7503486, 122.7312101, 0.0)))",,#,918633977803689984,https://twitter.com/SPPhilippines/status/918633977803689984,en
ChannelNewsAsia,2017-10-13 8:16,2,1,"['jackboardcna', 'explores', 'protracted', 'scars', 'marawi', 'conflict', 'siege', 'reaches', 'end']","(['Singapore'], Location((1.2904753, 103.8520359, 0.0)))",@,#,918631554112466945,https://twitter.com/ChannelNewsAsia/status/918631554112466945,en
DannyShookNews,2017-10-13 8:16,0,0,"['answer', 'marawi', 'extremism', 'seen', 'religion', 'dsnasia', 'asiapacific']","(['Dreieich', ' Germany'], Location((50.011974, 8.7123912, 0.0)))",,# #,918631482641526784,https://twitter.com/DannyShookNews/status/918631482641526784,en
YahooPH,2017-10-13 8:00,1,2,"['marawi', 'crisis', 'end', 'soon', 'dnd']","(['Philippines'], Location((12.7503486, 122.7312101, 0.0)))",,,918627345010970626,https://twitter.com/YahooPH/status/918627345010970626,en
Allnewsasia,2017-10-13 7:57,0,0,"['asia', 'answer', 'marawi', 'extremism', 'seen', 'religion']","(['South East Asia'], Location((56.0000002, 103.9999998, 0.0)))",,,918626638451134465,https://twitter.com/Allnewsasia/status/918626638451134465,en
Religiontime,2017-10-13 7:57,0,0,"['answer', 'marawi', 'extremism', 'seen', 'religion', 'channel', 'newsasia', 'c']",,,,918626608487059456,https://twitter.com/Religiontime/status/918626608487059456,en
IbnSiqilli,2017-10-13 7:54,1,1,"['isaligned', 'militants', 'continue', 'clashes', 'filipino', 'army', 'marawi', 'city', 'mindanao', 'c']","(['Cambridge', ' MA'], Location((52.2033051, 0.124862, 0.0)))",,,918626036224544768,https://twitter.com/IbnSiqilli/status/918626036224544768,en
KopitiamBot,2017-10-13 7:53,0,0,"['answer', 'marawi', 'extremism', 'seen', 'justreligion']","(['Singapore'], Location((1.2904753, 103.8520359, 0.0)))",,,918625618392244224,https://twitter.com/KopitiamBot/status/918625618392244224,en
rcallimachi,2017-10-13 7:41,0,0,"['3', 'today', 'isis', 'released', 'nasheed', 'religious', 'chant', 'glorifying', 'brothers', 'marawi', 'see']","(['New York', ' New York'], Location((40.7306458, -73.9866136, 0.0)))",,,918622788876980224,https://twitter.com/rcallimachi/status/918622788876980224,en
sgtastemakers,2017-10-13 7:40,0,0,"['marawi', 'siege', 'reaching', 'end', 'protracted', 'scars', 'conflict', 'citys', 'role', 'centre', 'religious', 'milita']","(['Singapore'], Location((1.2904753, 103.8520359, 0.0)))",,,918622392318078977,https://twitter.com/sgtastemakers/status/918622392318078977,en
nerowattz,2017-10-13 7:13,0,0,"['govt', 'fatalities', 'marawi', 'rise', '160', 'inquirermobilehttp']","(['Makati City'], Location((14.5591272, 121.0202094, 0.0)))",,,918615561231327232,https://twitter.com/nerowattz/status/918615561231327232,en
KGeorgieva,2017-10-13 7:12,4,6,"['philippines', 'delegation', 'discussed', 'support', 'countrys', 'development', 'agenda', 'reconstruction', 'marawi', 'city']","(['Washington', ' DC'], Location((38.8949549, -77.0366456, 0.0)))",,# #,918615395883511810,https://twitter.com/KGeorgieva/status/918615395883511810,en
NewsWcn,2017-10-13 7:05,1,1,"['philippines', 'filipino', 'operative', 'incites', 'lonewolf', 'attacks', 'philippines', 'avenge', 'marawi']",,,# # #,918613501232472064,https://twitter.com/NewsWcn/status/918613501232472064,en
phoenixgold0224,2017-10-13 6:45,0,0,"['marawi', 'death', 'toll', 'breaches', '100', 'via', 'rapplerdotcomhttps']","(['Quezon City', ' Philippines'], Location((14.6509905, 121.0486155, 0.0)))",@,,918608712515723264,https://twitter.com/phoenixgold0224/status/918608712515723264,en
ImaFishasoar,2017-10-13 6:43,0,0,"['oh', 'gosh', 'martial', 'law', 'already', 'almost', '5', 'months', 'yet', 'martial', 'law', 'marawi', 'yet', 'donedont', 'give', 'filipinos', 'prayformarawi']",,,#,918608074058821633,https://twitter.com/ImaFishasoar/status/918608074058821633,en
setv79,2017-10-13 6:36,1,2,"['gon', 'na', 'get', 'money', 'government', 'broke', 'stuck', 'heavily', 'debt', 'marawi', 'rehab', 'rebuilding', 'alone', 'cost', 'billions']","(['USA'], Location((39.7837304, -100.4458825, 0.0)))",,,918606407477420032,https://twitter.com/setv79/status/918606407477420032,en
pinoynewsonline,2017-10-13 6:31,0,0,"['october', '1', '2017', 'weekend', 'news', 'residents', 'returning', 'marawi', 'soon']","(['Republic of the Philippines'], Location((12.7503486, 122.7312101, 0.0)))",,,918604984077369344,https://twitter.com/pinoynewsonline/status/918604984077369344,en
littlemisscrown,2017-10-13 6:17,0,1,"['everyones', 'asking', 'volunteered', 'marawi', 'answers', 'simple', 'love', 'country', 'care', 'muslim', 'brothers', 'sisters']","(['Republic of the Philippines'], Location((12.7503486, 122.7312101, 0.0)))",,,918601436321030144,https://twitter.com/littlemisscrown/status/918601436321030144,en
nerowattz,2017-10-13 6:08,0,0,"['evacuees', 'cant', 'go', 'home', 'yet', 'even', 'marawi', 'conflict', 'ends', 'inquirermobilehttp']","(['Makati City'], Location((14.5591272, 121.0202094, 0.0)))",,,918599213432344576,https://twitter.com/nerowattz/status/918599213432344576,en
TempoPHL,2017-10-13 6:00,0,0,"['time', 'finish', 'fighting', 'marawi', 'afp']","(['Intramuros', ' Philippines'], Location((14.5905862, 120.97533, 0.0)))",,,918597204432039936,https://twitter.com/TempoPHL/status/918597204432039936,en
siteintelgroup,2017-10-13 5:34,9,5,"['filipino', 'operative', 'incites', 'lonewolf', 'attacks', 'philippines', 'avenge', 'marawi']",,,,918590741626150914,https://twitter.com/siteintelgroup/status/918590741626150914,en
estrada_juanito,2017-10-13 5:17,0,0,"['wandering', 'nomad', 'marawi', 'siege', 'crisis', 'plight', 'internally']","(['Nepal'], Location((28.1083929, 84.0917139, 0.0)))",,,918586490015268864,https://twitter.com/estrada_juanito/status/918586490015268864,en
sunny19666453,2017-10-13 5:15,0,0,"['siteintelgroup', 'releases', 'english', 'audio', 'chant', 'promoting', 'fighters', 'marawi']",,,,918586052327170048,https://twitter.com/sunny19666453/status/918586052327170048,en
siteintelgroup,2017-10-13 5:13,6,0,"['releases', 'english', 'audio', 'chant', 'promoting', 'fighters', 'marawi']",,,,918585428713885696,https://twitter.com/siteintelgroup/status/918585428713885696,en
jheffdeleon,2017-10-13 4:48,0,0,"['added', 'video', 'youtube', 'playlist', 'duterte', 'blames', 'marawi', 'officials', 'tunnels', 'used', 'terrorists']",,@,,918579155322761216,https://twitter.com/jheffdeleon/status/918579155322761216,en
10acio_Lawrence,2017-10-13 4:25,0,0,"['duterte', 'run', 'lgus', 'abetted', 'terrorists', 'marawi', 'via', 'manilabulletin']",,@,,918573238124396544,https://twitter.com/10acio_Lawrence/status/918573238124396544,en
chanmayor,2017-10-13 4:23,0,1,"['may', 'god', 'bless', 'trip', 'brothers', 'sisters', 'need', 'help', 'traveling', 'marawi', 'city']","(['Davao City', 'Philippines'], Location((7.22650725, 125.454887691, 0.0)))",,,918572803091132416,https://twitter.com/chanmayor/status/918572803091132416,en
deadbade,2017-10-13 3:53,0,3,"['way', 'home', 'marawi', 'ba', 'pointed', 'beautiful', 'spread', 'greens', 'near', 'bridge', 'sir', 'told', 'brook']",,,,918565408155648001,https://twitter.com/deadbade/status/918565408155648001,en
egdsgn,2017-10-13 3:40,0,0,"['duterte', 'blames', 'marawi', 'officials', 'tunnels', 'used', 'byterrorists']","(['Davao City', ' Davao Region'], Location((7.22650725, 125.454887691, 0.0)))",,,918562135504052224,https://twitter.com/egdsgn/status/918562135504052224,en
The_AFVNet,2017-10-13 3:30,0,0,"['fighting', 'marawi', 'continues', 'drag', 'govenment', 'claims', 'end', 'soon', 'news', 'asia', 'philippines']",,,# # # #,918559439984177153,https://twitter.com/The_AFVNet/status/918559439984177153,en
imax111,2017-10-13 3:17,0,0,"['heavy', 'firefight', 'death', 'toll', 'increasing', 'philippine', 'army', 'continues', 'battle', 'retake', 'marawi']","(['everywhere'], Location((41.7776533, -72.6740756, 0.0)))",,,918556309234044928,https://twitter.com/imax111/status/918556309234044928,en
TopDogMarket,2017-10-13 3:03,0,0,"['p5b', 'budget', 'alloted', 'marawi', 'rehab', 'q4', '2017', 'lorenzana']","(['World'], Location((32.8548259, -117.2041575, 0.0)))",,,918552799553744896,https://twitter.com/TopDogMarket/status/918552799553744896,en
spec_ops_mag,2017-10-13 2:48,0,0,"['heavy', 'firefight', 'death', 'toll', 'increasing', 'philippine', 'army', 'continues', 'battle', 'retake', 'marawi']","(['United States'], Location((39.7837304, -100.4458825, 0.0)))",,,918549063112581120,https://twitter.com/spec_ops_mag/status/918549063112581120,en
rhonzky_1985,2017-10-13 1:28,0,0,"['light', 'everything', 'happening', 'mindanao', 'marawi', 'people', 'hear', 'think', 'mindnao']",,,,918528907053166592,https://twitter.com/rhonzky_1985/status/918528907053166592,en
MichaelSSmithII,2017-10-13 1:01,4,2,"['looking', 'extra', 'dose', 'creepy', 'today', 'heres', 'clip', 'islamic', 'states', 'latest', 'nashid', 'produced', 'extol', 'brothers', 'marawi']","(['USA'], Location((39.7837304, -100.4458825, 0.0)))",,,918521973151535106,https://twitter.com/MichaelSSmithII/status/918521973151535106,en
ummratwa3,2017-10-13 0:49,0,1,"['president', 'philippines', 'liberating', 'philippine', 'city', 'marawi', 'daeshtard', 'baghdadi', 'arse', 'lickersget', 'used', 'victim', 'card', 'expired']",,,,918518903957008385,https://twitter.com/ummratwa3/status/918518903957008385,en
AksyonTV,2017-10-13 0:28,0,0,"['p5b', 'budget', 'alloted', 'marawi', 'rehab', 'q4', '2017', 'lorenzana', 'breakingnews', 'national']","(['TV5', ' Philippines'], Location((47.8967217, 106.887564062, 0.0)))",,# #,918513790966292480,https://twitter.com/AksyonTV/status/918513790966292480,en
NewsUpdate24Int,2017-10-13 0:25,0,0,"['releases', 'english', 'audio', 'chant', 'promoting', 'fighters', 'marawi', 'latest', 'articles', 'latest']","(['Norway'], Location((64.5731537, 11.5280364395, 0.0)))",,#,918512861894373377,https://twitter.com/NewsUpdate24Int/status/918512861894373377,en
kp_ryn,2017-10-13 0:04,0,0,"['basically', 'background', 'nasheed', 'used', 'marawi', 'centric', 'video', 'released', 'back']",,,,918507700891238400,https://twitter.com/kp_ryn/status/918507700891238400,en
kp_ryn,2017-10-13 0:03,0,0,"['took', 'daesh', 'released', 'nasheed', 'marawi']",,,# #,918507507944792064,https://twitter.com/kp_ryn/status/918507507944792064,en
PHLNewsOnline,2017-10-13 0:00,0,0,"['news5', 'p5b', 'budget', 'alloted', 'marawi', 'rehab', 'q4', '2017', 'lorenzana']","(['Philippines'], Location((12.7503486, 122.7312101, 0.0)))",,,918506683088941056,https://twitter.com/PHLNewsOnline/status/918506683088941056,en
