GalangJOVINO,2017-09-17 23:59,0,0,Pag-rescue sa Ilonggo priest,,,,,
GalangJOVINO,2017-09-17 23:59,0,0,Pondo sapat,,,,,
GalangJOVINO,2017-09-17 23:59,0,0,Maute base sa Marawi,,,,,
hispanopost,2017-09-17 23:58,0,0,Ejército filipino arrebató a yihadistas posiciones claves en http://,,,#Marawi,909446486903095297,https://twitter.com/hispanopost/status/909446486903095297
GalangJOVINO,2017-09-17 23:54,0,0,Ilonggo na guro,,,,,
GalangJOVINO,2017-09-17 23:54,0,0,Ilang obispo,,,,,
kyleangelicag_,2017-09-17 23:51,7,8,PRRD visited Marawi City earlier today,,,,,
Gosc_Niedzielny,2017-09-17 23:42,2,2,Filipińska przejęła kontrolę nad centrum dowodzenia dżihadystów z Państwa Islamskiego w Marawi,"(['Katowice', ' Poland'], Location((50.2598987, 19.0215852, 0.0)))",,,,
TerrorEvents,2017-09-17 23:41,23,14,- Armed Forces captures key -linked base - . /09/17/1739995/armed-forces-captures-key-maute-base-besieged-marawi …,,,#Philippines #Marawi #IS #Maute,909442247107792896,https://twitter.com/TerrorEvents/status/909442247107792896
VapeRhaidz,2017-09-17 23:40,0,0,Sana magwakas na ang geyrang ito Baka magwakas narin ang paghihirap namin. Kaming mga civillian victims ng marawi city...,,,,909441831313616898,https://twitter.com/VapeRhaidz/status/909441831313616898
newshound16,2017-09-17 23:39,0,0,On the road in https:// tatus/909437559629058048 …,"(['Manila'], Location((14.5906216, 120.9799696, 0.0)))",,#Marawi,909441750229426178,https://twitter.com/newshound16/status/909441750229426178
Tony88981,2017-09-17 23:34,0,2,What happened to those pricey jets that were totally useless when the Marawi crisis erupted? http://,,,,909440430063755264,https://twitter.com/Tony88981/status/909440430063755264
notiven,2017-09-17 23:31,0,0,RT: :A priest held hostage for months by Islamic State-inspired militants in the Philippine city of Marawi was freed… https://,"(['venezuela'], Location((8.0018709, -66.1109318, 0.0)))",@nytimesworld,,909439691102986241,https://twitter.com/notiven/status/909439691102986241
LumpyAsia,2017-09-17 23:29,0,0,Battle of Marawi City in Philippines ‘nearly over’ https://,"(['Asia-Pacific'], Location((49.4212299, 8.4297698, 0.0)))",,,909439083050672129,https://twitter.com/LumpyAsia/status/909439083050672129
TheNatWorld,2017-09-17 23:25,0,0,Battle for proves struggle for Philippines' seasoned troops http:// d by,"(['United Arab Emirates'], Location((-1.2845614, 36.8138007, 0.0)))",@FlorianNeuhof,#Marawi,909438044452868096,https://twitter.com/TheNatWorld/status/909438044452868096
sipymmalasiqui,2017-09-17 23:23,0,0,Marawi prelate lauds rescue of abducted priest. http:// i-prelate-lauds-rescue-of-abducted-priest/ …,"(['Malasiqui', ' Pangasinan'], Location((15.91076325, 120.458630032, 0.0)))",,#CBCPNewsonSIPYM,909437740688670726,https://twitter.com/sipymmalasiqui/status/909437740688670726
nytimesworld,2017-09-17 23:23,13,17,A priest held hostage for months by Islamic State-inspired militants in the Philippine city of Marawi was freed http:// CU0C,"(['New York', ' London', ' Hong Kong'], Location((40.7306458, -73.9866136, 0.0)))",,,909437559629058048,https://twitter.com/nytimesworld/status/909437559629058048
The_NewArab,2017-09-17 23:17,0,1,Philippine army captures key Maute base in Marawi http://,"(['London'], Location((51.5073219, -0.1276474, 0.0)))",,,909436263010324480,https://twitter.com/The_NewArab/status/909436263010324480
NamVietNetwork,2017-09-17 23:15,0,0,Philippine troops rescue abducted Catholic priest in battle for Marawi https://,"(['Saigon'], Location((-0.085896, 109.4081917, 0.0)))",,,909435637362778112,https://twitter.com/NamVietNetwork/status/909435637362778112
IbnMetternich,2017-09-17 23:14,0,0,L'armée philippine revendique une prise importante à Marawi http:// via,,@NewsRepublic_fr,,909435463462789120,https://twitter.com/IbnMetternich/status/909435463462789120
emjeilicious,2017-09-17 23:09,0,0,Marawi este Marabi beybe SQUAD MukhasimChallenge,"(['San Antonio', ' Central Luzon'], Location((29.4246002, -98.4951405, 0.0)))",@TEAMPAULOfc,,909434209063731200,https://twitter.com/emjeilicious/status/909434209063731200
NewSaintAndrew,2017-09-17 23:09,0,0,Troops rescue abducted priest,"(['Lapu-Lapu City'], Location((10.4218504, 123.2679822, 0.0)))",,,,
PhamNguyenly,2017-09-17 23:07,0,0,Battle for Marawi proves struggle for Philippines' seasoned troops - The National https:// U,,,,909433747728142337,https://twitter.com/PhamNguyenly/status/909433747728142337
LeeMaeHwan,2017-09-17 23:07,0,2,Ikaw na mahaba ang buhok na abot Marawi . Ikaw na swerte. At ikaw na ang binati ni Zai! Inggit ako. Sora.,"(['Norzagaray', ' Central Luzon'], Location((14.9070342, 121.0465678, 0.0)))",@castillon_trish,,909433609374785536,https://twitter.com/LeeMaeHwan/status/909433609374785536
katesanluis,2017-09-17 23:06,0,0,Atm I'm studying what really happened to marawi for my preparation for extempo and my emotions just can't handle this,"([""Augustus'""], Location((33.1306521, -101.2995793, 0.0)))",,,909433461445767168,https://twitter.com/katesanluis/status/909433461445767168
rapplerdotcom,2017-09-17 23:06,23,22,The final push: Inside the Marawi battle area. FULL STORY: http://,"(['Philippines'], Location((12.7503486, 122.7312101, 0.0)))",,,909433377777790981,https://twitter.com/rapplerdotcom/status/909433377777790981
AhmadiyyaTimes,2017-09-17 23:05,3,5,Philippine army captures key command centre of Islamic State group in city of Marawi http:// Pls RT,,,,909433037879894017,https://twitter.com/AhmadiyyaTimes/status/909433037879894017
diannebeje,2017-09-17 23:03,0,0,kala mo marawi sa kwarto ng kapatid ko eh,"(['108'], Location((60.97699745, 32.9162054323, 0.0)))",,,909432656445677568,https://twitter.com/diannebeje/status/909432656445677568
lzzlnncsc,2017-09-17 23:02,0,0,dapat sa mga ganto pinapatapon sa marawi eh,"(['r'], Location((33.8841155, -117.254826424, 0.0)))",,,909432313892691969,https://twitter.com/lzzlnncsc/status/909432313892691969
thegulftoday,2017-09-17 22:56,0,0,Filipino troops rescue Catholic priest held hostage by Marawi terrorists http://,"(['UAE', ' Sharjah'], Location((49.4871968, 31.2718321, 0.0)))",,,909430949343002625,https://twitter.com/thegulftoday/status/909430949343002625
javierespinosa2,2017-09-17 22:56,1,1,Philippine troops rescue abducted Catholic priest in battle http:// _tw&utm_term=.81c1eda16df9 …,"(['Shanghai'], Location((39.4414872, -78.1322246, 0.0)))",,#ISIS #Marawi #Phlippines,909430942422335488,https://twitter.com/javierespinosa2/status/909430942422335488
dzrhnews,2017-09-17 22:55,1,0,Pari' na 3 buwan nang bihag ng teroristang Maute sa Marawi City,"(['Manila', ' Philippines'], Location((14.5906216, 120.9799696, 0.0)))",,,,
HumanRights4One,2017-09-17 22:53,2,2,says $975 million will not be enough to rebuild the southern city of . 2017-09-17/philippines-needs-more-than-50-billion-pesos-to-rebuild-marawi …,"(['Worldwide'], Location((53.4573434, -2.22698994022, 0.0)))",@CalzhyRTs,#HumanRights #Duterte #Marawi,909430049559982081,https://twitter.com/HumanRights4One/status/909430049559982081
ikarrrrrrly,2017-09-17 22:46,0,2,I remember that time murag marawi ang katugnaw sa Iligan. Gusto unta ko mautro to but bad for economy. HAHAHA,"(['Japan 3rd Floor'], Location((36.2297783, 137.9746275, 0.0)))",,,909428360832368642,https://twitter.com/ikarrrrrrly/status/909428360832368642
earnbtcwork,2017-09-17 22:46,0,0,Philippine troops rescue abducted Catholic priest in battle for Marawi http://,"(['Louisville', ' KY'], Location((38.2542376, -85.759407, 0.0)))",,,909428251319091203,https://twitter.com/earnbtcwork/status/909428251319091203
SCMP_News,2017-09-17 22:42,3,1,Priest rescued from smouldering Marawi as Philippines battle rages https:// 0,"(['Hong Kong'], Location((22.2793278, 114.1628131, 0.0)))",,,909427421400756224,https://twitter.com/SCMP_News/status/909427421400756224
TUBAGBOHOLcom,2017-09-17 22:40,0,0,http:// tubagbohol.com Marawi priest Chito Soganub rescued from Maute: Marawi priest Chito Soganub… https://,"(['Singapore'], Location((1.2904753, 103.8520359, 0.0)))",,,909426740967231488,https://twitter.com/TUBAGBOHOLcom/status/909426740967231488
UltimasTopNews,2017-09-17 22:33,0,0,Ejército filipino toma control de centro de mando de yihadistas en Marawi - Vietnam+ http:// 9 D,"(['New York', ' NY'], Location((40.7306458, -73.9866136, 0.0)))",,,909424983239098369,https://twitter.com/UltimasTopNews/status/909424983239098369
Hatuxka,2017-09-17 22:32,2,0,Philippine army captures Daesh command center in Marawi . y-captures-daesh-command-center-in-marawi.html/ …,"(['west coast usa'], Location((34.0222263, -118.4051088, 0.0)))",,,909424762354638848,https://twitter.com/Hatuxka/status/909424762354638848
msnph,2017-09-17 22:26,0,0,Maute fighters in Marawi increased as trapped civilians forced to fight —AFP . ional/maute-fighters-in-marawi-increased-as-trapped-civilians-forced-to-fight-%E2%80%94afp/ar-AArZXGN?ocid=ob-tw-enph-502 …,"(['Manila', ' Philippines'], Location((14.5906216, 120.9799696, 0.0)))",,,909423265466085379,https://twitter.com/msnph/status/909423265466085379
Joandulys,2017-09-17 22:22,0,0,ASIA/PHILIPPINES - Marawi crisis: “amidst suffering we continue to hope”,"(['Tucson', ' Arizona'], Location((32.2218917, -110.9262353, 0.0)))",,,,
alexiejp_,2017-09-17 22:22,0,0,Huuuuuy mag Msu Marawi ta ba,"(['kb'], Location((59.3382532, 18.0719531868, 0.0)))",,,909422350277386241,https://twitter.com/alexiejp_/status/909422350277386241
carmelafonbuena,2017-09-17 22:17,5,18,A love story: Marawi evacuees tie the knot at evacuation center via http://,"(['Manila', ' Philippines'], Location((14.5906216, 120.9799696, 0.0)))",@rapplerdotcom,,909421040429699072,https://twitter.com/carmelafonbuena/status/909421040429699072
TribuneWorld,2017-09-17 22:16,0,0,Troops rescue abducted priest,"(['Everywhere'], Location((41.7776533, -72.6740756, 0.0)))",,,,
AllNewsNetWorld,2017-09-17 22:15,0,0,Troops rescue abducted priest,,,,,
ColumnistWorld,2017-09-17 22:15,0,0,Troops rescue abducted priest,,,,,
missymml,2017-09-17 22:13,0,2,Una gran semana. El padre Chito,,,,,
hunterei,2017-09-17 22:13,2,2,Kasabwat mo ba ang Maute sa Marawi City seige?,,,#AskDU3O,909420111886352384,https://twitter.com/hunterei/status/909420111886352384
PHTopNews,2017-09-17 22:13,1,0,Troops rescue abducted priest,,,,,
terrorism_info,2017-09-17 22:13,0,0,Task Force Marawi : Maute hostages forced to fight gov't troops http:// orce-marawi-maute-hostages-forced-to-fight-govt-troops.html …,,,,909420007909666817,https://twitter.com/terrorism_info/status/909420007909666817
Duunnoo,2017-09-17 22:09,0,2,HOY FROM MARAWI DI KITA GINAGAMBALA NANANAHIMIK AKO DITO!!,,,,909418931064004608,https://twitter.com/Duunnoo/status/909418931064004608
PHINewsNet1,2017-09-17 22:07,0,0,Gov't needs more than ₱50 billion to rebuild Marawi http://,"(['Manila City', ' National Capital Region'], Location((14.5906216, 120.9799696, 0.0)))",,,909418550657392640,https://twitter.com/PHINewsNet1/status/909418550657392640
fara_thoha,2017-09-17 22:03,0,0,"RT KompasTV Militer Filipina klaim ambil alih pendudukan ISIS di selatan Marawi . Selengkapnya di 2… https:// 9 09415398226800640 … """"",,,#KompasUpdate,909417502425456641,https://twitter.com/fara_thoha/status/909417502425456641
Matmateoo,2017-09-17 22:02,1,2,Punta lang ako ng marawi bukas medyo boring layp dito,"(['Makati'], Location((14.55459465, 121.021407905, 0.0)))",,,909417389581672449,https://twitter.com/Matmateoo/status/909417389581672449
karinasena358,2017-09-17 22:01,0,0,Mantap! Militer Filipina Berhasil Rebut Markas Militan di Marawi http://,,,,909416952413618176,https://twitter.com/karinasena358/status/909416952413618176
Politiko_Ph,2017-09-17 22:01,2,0,Wagi! Philippine army captures key pro-IS base in besieged Marawi City http:// e-army-captures-key-pro-base-besieged-marawi-city/ …,,,,909416905336688641,https://twitter.com/Politiko_Ph/status/909416905336688641
gantengbatdah,2017-09-17 21:58,0,0,Militer Filipina klaim ambil alih pendudukan ISIS di selatan Marawi . Selengkapnya di 20.00 bersama… https:// 9 09415398226800640 …,,,#KompasUpdate,909416305861808129,https://twitter.com/gantengbatdah/status/909416305861808129
gantengbatdah,2017-09-17 21:58,0,0,Penulis Kirim 500 Buku Anak-Anak untuk Pengungsi di Marawi http://,,,,909416297531936768,https://twitter.com/gantengbatdah/status/909416297531936768
Mdelacochetiere,2017-09-17 21:56,0,0,Tournant dans la lutte contre les djihadistes à Marawi . . -philippine-revendique-une-prise-importante-marawi.afp.com.20170917.doc.si2eg.xml?utm_term=Autofeed&utm_campaign=Echobox&utm_medium=Social&utm_source=Twitter&link_time=1505643921=CS1-9 …,"(['Kuala Lumpur'], Location((0.642715, 122.5909774, 0.0)))",,#xtor,909415656994390017,https://twitter.com/Mdelacochetiere/status/909415656994390017
ColumnistWorld,2017-09-17 21:55,0,0,Philippine army captures key pro-IS base in besieged city of Marawi http://,,,,909415576476508161,https://twitter.com/ColumnistWorld/status/909415576476508161
KompasTV,2017-09-17 21:55,5,7,Militer Filipina klaim ambil alih pendudukan ISIS di selatan Marawi . Selengkapnya di 20.00 bersama,"(['Indonesia'], Location((-4.7993356, 114.5632032, 0.0)))",@My_HydroCoco,#KompasUpdate #Ad,909415398226800640,https://twitter.com/KompasTV/status/909415398226800640
phildaily,2017-09-17 21:54,0,0,Troops rescue abducted priest,,,,,
DonBuenvenida,2017-09-17 21:53,1,3,Lord,,,,,
cocoy,2017-09-17 21:53,0,0,Here's the PhilStar News item on Lorenzana leading Bagong Marawi with Evasco tasked to monitor . /06/10/1708644/duterte-admin-allot-p10-billion-marawi-rebuilding-efforts …,"(['Philippines'], Location((12.7503486, 122.7312101, 0.0)))",,,909414955065032704,https://twitter.com/cocoy/status/909414955065032704
news_flex,2017-09-17 21:53,0,0,Philippine army captures key pro-IS base in besieged city of Marawi http://,"(['United States'], Location((39.7837304, -100.4458825, 0.0)))",,,909414929366691840,https://twitter.com/news_flex/status/909414929366691840
updatesmindanao,2017-09-17 21:53,0,0,Priest,,,,,
1KingRusher,2017-09-17 21:52,0,0,grabe napagod ako feel ko nakipagbakbakan ako sa marawi,"(['\xc2\xa0\xe2\x9e\x95\xc2\xa0\xe2\x9c\x96\xef\xb8\x8f'], Location((6.1653655, -75.6001276, 0.0)))",,,909414755256885248,https://twitter.com/1KingRusher/status/909414755256885248
KompasTV,2017-09-17 21:52,4,2,Penulis Kirim 500 Buku Anak-Anak untuk Pengungsi di Marawi http://,"(['Indonesia'], Location((-4.7993356, 114.5632032, 0.0)))",,,909414748827144193,https://twitter.com/KompasTV/status/909414748827144193
TribuneWorld,2017-09-17 21:51,0,0,Philippine army captures key pro-IS base in besieged city of Marawi . 2 017/09/17/philippine-army-captures-key-pro-base-besieged-city-marawi …,"(['Everywhere'], Location((41.7776533, -72.6740756, 0.0)))",,,909414453799788544,https://twitter.com/TribuneWorld/status/909414453799788544
AllNewsNetWorld,2017-09-17 21:50,0,0,Philippine army captures key pro-IS base in besieged city of Marawi http://,,,,909414292189057030,https://twitter.com/AllNewsNetWorld/status/909414292189057030
Watersun555,2017-09-17 21:50,0,0,Marawi Daesh command center Eduardo Ano,"(['Dublin Ireland'], Location((53.3497645, -6.2602732, 0.0)))",,,909414212706996224,https://twitter.com/Watersun555/status/909414212706996224
rochelleeee0,2017-09-17 21:50,0,0,nasa marawi nanaman ako bukas,,,,909414168100405248,https://twitter.com/rochelleeee0/status/909414168100405248
videoztrending,2017-09-17 21:47,0,0,WATCH | Toni-toniladang karne ng manok niregalo ni Pres. Duterte sa mga Sundalo sa Marawi http:// D,,,,909413533544337409,https://twitter.com/videoztrending/status/909413533544337409
agasso_domenico,2017-09-17 21:40,1,1,Philippines: freed the priest hostage of the Jihadists in Marawi . icaninsider/eng/world-news/philippines-freed-the-priest-hostage-of-the-jihadists-in-marawi-9mSp3qMOc7yjL54lJyOTgN/pagina.html …,"(['Italia', ' Torino'], Location((42.6384261, 12.674297, 0.0)))",@vatican_en @lastampa @paul_affatato,,909411727627968512,https://twitter.com/agasso_domenico/status/909411727627968512
Oganicme,2017-09-17 21:38,0,0,Philippine army captures key pro-IS base in besieged city of Marawi . 2 017/09/17/philippine-army-captures-key-pro-base-besieged-city-marawi … | by https:// twibble.io,"(['Dubai', ' United Arab Emirates'], Location((2.9470179, 30.961206, 0.0)))",,,909411291244171264,https://twitter.com/Oganicme/status/909411291244171264
Politiko_Ph,2017-09-17 21:36,0,0,Hurrah! Gordon welcomes rescue of abducted priest in Marawi http:// welcomes-rescue-of-abducted-priest-in-marawi/ …,,,,909410705383628800,https://twitter.com/Politiko_Ph/status/909410705383628800
tetenitae,2017-09-17 21:30,5,49,guys my hardwork on our 'swim for marawi ' meet has been paid off,,,,909409127482322945,https://twitter.com/tetenitae/status/909409127482322945
dionisiossss,2017-09-17 21:29,4,4,El Ejército filipino arrebata a los yihadistas posiciones claves en Marawi https:// vía,,@YouTube,,909408905003982848,https://twitter.com/dionisiossss/status/909408905003982848
sycipft,2017-09-17 21:29,0,0,Maute group still putting up strong resistance in Marawi —AFP | News | GMA News Online https:// U via,,@gmanews,,909408856513507328,https://twitter.com/sycipft/status/909408856513507328
Politiko_Ph,2017-09-17 21:27,0,0,News blackout in Marawi ? Malacañang clams up on battle updates,,,,,
Marawi_44,2017-09-17 21:25,0,0,اللهم منزل الكتاب سريع الحساب اهزم الأحزاب http:// du3a.org /,,,,909408084958892032,https://twitter.com/Marawi_44/status/909408084958892032
GEMAWAHYUH,2017-09-17 21:24,0,0,- Mantap! Militer Filipina Berhasil Rebut Markas Militan di Marawi,"(['Pagaden - Subang'], Location((-6.4561464, 107.79642, 0.0)))",@info,,909407630715744256,https://twitter.com/GEMAWAHYUH/status/909407630715744256
juanneibarra,2017-09-17 21:23,0,0,dalin natin sa marawi & panoorin natin silang mamatay para happy,,,,909407555302047744,https://twitter.com/juanneibarra/status/909407555302047744
kurbui,2017-09-17 21:23,0,0,Marawi priest Chito Soganub rescued from Maute http://,"(['Philippines'], Location((12.7503486, 122.7312101, 0.0)))",,,909407502634291200,https://twitter.com/kurbui/status/909407502634291200
gerryorome,2017-09-17 21:18,6,11,Filipino priest,,,,,
zyiteblog,2017-09-17 21:15,0,0,Troops rescue abducted priest,,,,,
andri000me_12,2017-09-17 21:14,0,0,okezonenews Mantap! Militer Filipina Berhasil Rebut Markas Militan di Marawi http:// D8,,,,909405226964279297,https://twitter.com/andri000me_12/status/909405226964279297
Glenn_Roluna,2017-09-17 21:10,0,0,Rescue operation sa main battle area sa Marawi,"(['Lungsod ng Ozamis', ' Rehiyon ng'], Location((14.4333816, 121.0329839, 0.0)))",,,,
DZMMTeleFeed,2017-09-17 21:10,0,0,Rescue operation sa main battle area sa Marawi,,,,,
bdsaguing,2017-09-17 21:09,0,0,Hostage priest Chito Soganub ‘rescued’ in Marawi - http:// hostage-priest-chito-soganub-rescued-in-marawi/ … http://,"(['Rome', ' Italy'], Location((34.257038, -85.1646726, 0.0)))",,,909403829547888641,https://twitter.com/bdsaguing/status/909403829547888641
allforjuannews,2017-09-17 21:08,0,0,WOW! GRABE ANG DAMING PINADALA NA PAGKAIN NI TATAY DIGONG PARA SA ATING MAGIGITING NA SUNDALO SA MARAWI . GANYAN... http://,"(['Republic of the Philippines'], Location((12.7503486, 122.7312101, 0.0)))",,,909403613696372736,https://twitter.com/allforjuannews/status/909403613696372736
bdsaguing,2017-09-17 21:08,0,0,Hostage priest Chito Soganub ‘rescued’ in Marawi - http:// hostage-priest-chito-soganub-rescued-in-marawi/ …,"(['Rome', ' Italy'], Location((34.257038, -85.1646726, 0.0)))",,,909403587142410240,https://twitter.com/bdsaguing/status/909403587142410240
LiveEdges,2017-09-17 21:07,0,0,Troops rescue abducted priest,"(['United States of America'], Location((39.7837304, -100.4458825, 0.0)))",,,,
PHTopNews,2017-09-17 21:06,0,0,Troops rescue abducted priest,,,,,
patalktrending,2017-09-17 21:06,0,0,Ang dahilan kung bakit pumasok kami sa Mosque doon sa Marawi na naka sap... https:// via,,@YouTube,,909403131917746176,https://twitter.com/patalktrending/status/909403131917746176
okezonenews,2017-09-17 21:06,2,2,Mantap! Militer Filipina Berhasil Rebut Markas Militan di Marawi http:// D8,"(['Jakarta'], Location((-6.1753942, 106.827183, 0.0)))",,,909403123814252544,https://twitter.com/okezonenews/status/909403123814252544
M3niek_,2017-09-17 21:00,0,0,Hallahh.... Bukan PKI yg perlu diwaspadai. Tp ormas radikal yg hrs dibasmi sebelum RI menjadi spt Marawi . Pemuja ISIS bnyk di Indonesia.,"(['NKRI'], Location((49.1163651, 14.3307462, 0.0)))",,,909401776838778880,https://twitter.com/M3niek_/status/909401776838778880
MobilitySpain,2017-09-17 21:00,0,0,Philippine army seized headquarters of ISIS in Marawi http:// D,"(['Jacarilla', ' Espa\xc3\xb1a'], Location((38.061345, -0.8680849, 0.0)))",,,909401586341896192,https://twitter.com/MobilitySpain/status/909401586341896192
Andy_Burton,2017-09-17 21:00,0,0,Philippine army seized headquarters of ISIS in Marawi http://,"(['Grimsby', ' England'], Location((53.5677371, -0.0736289, 0.0)))",,,909401575713529856,https://twitter.com/Andy_Burton/status/909401575713529856
WIONews,2017-09-17 21:00,3,9,Philippine Army Captures Key Pro-IS Base In Besieged City Marawi . ne-army-captures-key-pro-is-base-in-besieged-city-marawi-20307 …,"(['South Asia'], Location((-32.1759338, -61.7189621, 0.0)))",,,909401553211191296,https://twitter.com/WIONews/status/909401553211191296
ANDREI__PT,2017-09-17 20:57,0,0,Hoping for the best for the people in Marawi,,,#preyformarawi,909400822299058176,https://twitter.com/ANDREI__PT/status/909400822299058176
Parmigiani_S,2017-09-17 20:54,0,0,Philippine troops rescue abducted Roman Catholic priest,,,,,
Komiks13,2017-09-17 20:51,0,0,Oh wow! It really looks like Alepo. I hope the budget intended for rebuilding will go to them unlike in Yolanda.,"(['South of Metro'], Location((7.11676225, -73.1254491482, 0.0)))",,#Marawi,909399515668520963,https://twitter.com/Komiks13/status/909399515668520963
LottoPinas,2017-09-17 20:48,0,0,Maute group nonetheless placing up robust resistance in Marawi –AFP . netheless-placing-up-robust-resistance-in-marawi-afp/?utm_source=dlvr.it&utm_medium=twitter …,,,#DailyNews,909398556548546560,https://twitter.com/LottoPinas/status/909398556548546560
phildaily,2017-09-17 20:47,0,0,Troops rescue abducted priest,,,,,
ellakuletski,2017-09-17 20:47,0,0,Marawi,"(['alyssa\xc2\xa0\xf0\x9f\x90\xb7'], Location((36.8534233, 10.3107624, 0.0)))",,,909398454283075584,https://twitter.com/ellakuletski/status/909398454283075584
jesuitajonathan,2017-09-17 20:47,0,0,Philippines: freed the priest hostage of the Jihadists in Marawi http://,"(['Santiago', ' Chile'], Location((-33.4377968, -70.6504451, 0.0)))",,,909398308497457152,https://twitter.com/jesuitajonathan/status/909398308497457152
peruenlanoticia,2017-09-17 20:46,0,0,Filipinas: Rescatan a un sacerdote en una batalla en Marawi http://,,,,909398233671192576,https://twitter.com/peruenlanoticia/status/909398233671192576
philippinenews7,2017-09-17 20:46,0,0,Maute group still putting up strong resistance in Marawi --AFP http:// 9,"(['Philippines'], Location((12.7503486, 122.7312101, 0.0)))",,,909398230290624512,https://twitter.com/philippinenews7/status/909398230290624512
philippinenews7,2017-09-17 20:46,0,0,Photo of Marawi priest Chito Suganob after his rescue - GMA News' Marisol Abdurahman posted a photo of Suganob,"(['Philippines'], Location((12.7503486, 122.7312101, 0.0)))",,,,
peruenlanoticia,2017-09-17 20:46,0,0,Filipinas: Rescatan a un sacerdote en una batalla en Marawi http://,,,,909398228453543936,https://twitter.com/peruenlanoticia/status/909398228453543936
Auri02Ayala,2017-09-17 20:46,0,0,Filipinas: Rescatan a un sacerdote en una batalla en Marawi - AP Fuerzas del gobierno de Filipinas rescataron a... http://,"(['Guayaquil', ' Ecuador'], Location((-2.1704143, -79.9050240843, 0.0)))",,,909398173180932096,https://twitter.com/Auri02Ayala/status/909398173180932096
updatesmanila,2017-09-17 20:45,0,0,Photo of Marawi priest Chito Suganob after his rescue http://,,,,909397808712581121,https://twitter.com/updatesmanila/status/909397808712581121
ilovephilippin3,2017-09-17 20:45,0,0,Photo of Marawi priest Chito Suganob after his rescue . 155/news/nation/photo-of-marawi-priest-chito-suganob-after-his-rescue?utm_source=dlvr.it&utm_medium=twitter …,,,,909397796628787201,https://twitter.com/ilovephilippin3/status/909397796628787201
romyhitosis1,2017-09-17 20:41,0,0,Marawi priest Chito Suganob rescued from Maute captors https://,"(['Cebu'], Location((10.45, 123.84, 0.0)))",@PhilstarNews,,909396874745987072,https://twitter.com/romyhitosis1/status/909396874745987072
Marawi_44,2017-09-17 20:40,0,0,اللهم أكرمنا بقرب لك لا نرتد بعده http:// du3a.org /,,,,909396629379272705,https://twitter.com/Marawi_44/status/909396629379272705
NHK_io,2017-09-17 20:40,0,0,New post (Philippine troops rescue abducted Roman Catholic priest,"(['Japan'], Location((36.5748441, 139.2394179, 0.0)))",,,,
RadioMaryja,2017-09-17 20:39,5,6,: Armia przejęła centrum dowodzenia dżihadystów w Marawi . ipiny-armia-przejela-centrum-dowodzenia-dzihadystow-marawi/ …,"(['Toru\xc5\x84'], Location((53.0210671, 18.618612, 0.0)))",,#Filipiny,909396408318513153,https://twitter.com/RadioMaryja/status/909396408318513153
TankBautista,2017-09-17 20:39,0,0,"Good to be back yo!! Here at Nagkakaisa Para sa Marawi ""! … . ""","(['Mandaluyong City', ' National Capital Region'], Location((14.5774598, 121.0334694, 0.0)))",,#stagelife #yjvteam #klash #doinitbig,909396294447153152,https://twitter.com/TankBautista/status/909396294447153152
jepangnet,2017-09-17 20:34,0,0,Philippine troops rescue abducted Roman Catholic priest,,,,,
Daniel_Jerome44,2017-09-17 20:33,0,0,L’armée philippine revendique une prise importante à Marawi http://,"(['France Nantes (44)'], Location((47.2186371, -1.5541362, 0.0)))",,,909394865246621698,https://twitter.com/Daniel_Jerome44/status/909394865246621698
cmirandaINQ,2017-09-17 20:31,0,0,WATCH: Military captures key pro-IS base in Marawi city . lLeo0&feature=share …,"(['Makati City'], Location((14.5591272, 121.0202094, 0.0)))",,,909394499901677568,https://twitter.com/cmirandaINQ/status/909394499901677568
MisticaGilda,2017-09-17 20:31,0,0,Duterte says $975 million will not be enough to rebuild the southern city of Marawi . 2017-09-17/philippines-needs-more-than-50-billion-pesos-to-rebuild-marawi … vía,,@markets,,909394399997472773,https://twitter.com/MisticaGilda/status/909394399997472773
kdiazyepez,2017-09-17 20:31,0,0,Filipinas: Rescatan a un sacerdote en una batalla en Marawi - AP Fuerzas del gobierno de Filipinas rescataron a... http:// c,,,,909394391390879744,https://twitter.com/kdiazyepez/status/909394391390879744
kuyaroed,2017-09-17 20:31,2,13,i'm in tears!!!! my tito is a soldier n he's currently assigned in Marawi and this happens. Sml to every single person out there who cares,,,,909394347237425152,https://twitter.com/kuyaroed/status/909394347237425152
jenna_justo,2017-09-17 20:30,0,0,Marawi,"(['\xe4\xb8\x80\xe6\x9c\x9f\xe4\xb8\x80\xe4\xbc\x9a'], Location((34.702446, 135.516055, 0.0)))",,,,
bworldph,2017-09-17 20:30,1,0,. to hike loan takeouts after surge in cities where Marawi residents plan to move | via http://,"(['Philippines'], Location((12.7503486, 122.7312101, 0.0)))",@pagibigfund @MayaPadillo,,909394006940905474,https://twitter.com/bworldph/status/909394006940905474
PhilippineStar,2017-09-17 20:30,2,17,Marawi priest Chito Suganob rescued from Maute captors http://,"(['Philippines'], Location((12.7503486, 122.7312101, 0.0)))",,,909394004273442816,https://twitter.com/PhilippineStar/status/909394004273442816
jenna_justo,2017-09-17 20:29,0,0,Awit sa Marawi,"(['\xe4\xb8\x80\xe6\x9c\x9f\xe4\xb8\x80\xe4\xbc\x9a'], Location((34.702446, 135.516055, 0.0)))",,,909393812677472262,https://twitter.com/jenna_justo/status/909393812677472262
japantimes,2017-09-17 20:27,6,5,Philippine troops rescue abducted Roman Catholic priest,"(['Tokyo'], Location((34.6968642, 139.4049033, 0.0)))",,,,
FilipiknowsTwit,2017-09-17 20:27,0,0,Kahanga-hanga ang tapang at galing ng ating mga sundalong lumalaban para sa Marawi . SHARE THIS VIDEO http://,"(['Doha', ' Qatar'], Location((25.3014957, 51.4996673988, 0.0)))",,,909393285810147328,https://twitter.com/FilipiknowsTwit/status/909393285810147328
eyy_reyes,2017-09-17 20:26,0,1,Ung bahay Nyong dinaig pa ung Gyera sa Marawi,"(['General Trias', ' Calabarzon'], Location((14.32675975, 120.90618458, 0.0)))",,,909393203173847040,https://twitter.com/eyy_reyes/status/909393203173847040
Rss_Noticias1,2017-09-17 20:26,0,0,Filipinas: Rescatan a un sacerdote en una batalla en Marawi - El Nuevo Herald https://,"(['Rep\xc3\xbablica Dominicana'], Location((-0.19193195, -78.4845016351, 0.0)))",,#RD,909393183636893696,https://twitter.com/Rss_Noticias1/status/909393183636893696
6FLASH66,2017-09-17 20:26,0,0,Filipińska armia: przejęliśmy centrum dowodzenia dżihadystów w Marawi .,"(['Gda\xc5\x84sk', ' Polska'], Location((54.347628, 18.6452029, 0.0)))",,,909393021405470720,https://twitter.com/6FLASH66/status/909393021405470720
PHLNewsOnline,2017-09-17 20:26,0,0,[GMA News] Photo of Marawi priest Chito Suganob after his rescue https://,"(['Philippines'], Location((12.7503486, 122.7312101, 0.0)))",,,909393013973143552,https://twitter.com/PHLNewsOnline/status/909393013973143552
cqlivingston,2017-09-17 20:26,0,0,Philippine Army captures Islamic State command centre in besieged city of Marawi . ne-army-captures-islamic-state-command-centre-in-besieged-city-of-marawi-4051751.html …,"(['Oceanside', ' CA'], Location((33.1958696, -117.3794834, 0.0)))",,,909392994243096576,https://twitter.com/cqlivingston/status/909392994243096576
vatican_en,2017-09-17 20:23,5,15,Philippines: freed the priest hostage of the Jihadists in Marawi http://,"(['Vatican City'], Location((41.9034912, 12.4528349, 0.0)))",@la_stampa,,909392289788604419,https://twitter.com/vatican_en/status/909392289788604419
supra1Bqteam,2017-09-17 20:23,0,0,PolticsNewz: Philippine captures key pro-IS base in besieged city of Marawi https://,"(['Orem', ' UT'], Location((40.2971825, -111.694943, 0.0)))",,#Army,909392267663806465,https://twitter.com/supra1Bqteam/status/909392267663806465
yusufledesma,2017-09-17 20:22,0,2,Relatives of abducted Marawi priest ‘relieved’ over his rescue http:// maute-chito-suganob-rescue-priest-relatives …,"(['Manila'], Location((14.5906216, 120.9799696, 0.0)))",,,909392065993236481,https://twitter.com/yusufledesma/status/909392065993236481
agnoticaribe,2017-09-17 20:21,0,0,El Ejército filipino arrebata a los yihadistas posiciones claves en Marawi - W Radio http://,"(['Regi\xc3\xb3n Caribe'], Location((10.613203, -66.8389126, 0.0)))",,,909391756130533376,https://twitter.com/agnoticaribe/status/909391756130533376
ERIKEO5555,2017-09-17 20:20,2,1,Rescatan a un sacerdote en una batalla en Marawi (Filipinas ) http://,"(['Barcelona', 'Catalu\xc3\xb1a', ' Espa\xc3\xb1a'], Location((41.3828939, 2.1774322, 0.0)))",,,909391670566846464,https://twitter.com/ERIKEO5555/status/909391670566846464
achiiiya,2017-09-17 20:19,0,0,marawi daw. lEcHe? http://,"(['Philippines'], Location((12.7503486, 122.7312101, 0.0)))",,,909391404908138496,https://twitter.com/achiiiya/status/909391404908138496
annafelicia_,2017-09-17 20:18,0,1,LOOK: Photo of Marawi priest Chito Suganob after his rescue https:// via,"(['Quezon City', ' National Capital Region'], Location((14.6509905, 121.0486155, 0.0)))",@gmanews,,909390991378980865,https://twitter.com/annafelicia_/status/909390991378980865
mawajiz,2017-09-17 20:17,0,0,L’armée philippine revendique une prise importante à Marawi http://,"(['Casablanca'], Location((33.5950627, -7.6187768, 0.0)))",,,909390903848194048,https://twitter.com/mawajiz/status/909390903848194048
SaraltaM,2017-09-17 20:16,0,0,Filipinas: Rescatan a un sacerdote en una batalla en Marawi http://,"(['Lima', ' Peru'], Location((-12.0621065, -77.0365256, 0.0)))",,,909390535118540800,https://twitter.com/SaraltaM/status/909390535118540800
supra1Bqteam,2017-09-17 20:13,0,0,PolticsNewz: Philippine captures key pro-IS base in besieged city of Marawi https:// 1,"(['Orem', ' UT'], Location((40.2971825, -111.694943, 0.0)))",,#Army,909389836691365890,https://twitter.com/supra1Bqteam/status/909389836691365890
uk_worldnews,2017-09-17 20:11,0,0,Marawi priest,,,,,
Bisniscom,2017-09-17 20:10,0,0,DUTERTE : Butuh Lebih Dari 50 Miliar Peso untuk Bangun Kembali Marawi http:// C,"(['Jakarta', ' Indonesia'], Location((-6.1753942, 106.827183, 0.0)))",,,909389035541381120,https://twitter.com/Bisniscom/status/909389035541381120
ISISbangsGoats,2017-09-17 20:10,0,0,Philippine army captures Daesh command center in Marawi . 09 /17/535429/Philippines-Marawi-Daesh-command-center-Eduardo-Ano …,,,,909388983133753344,https://twitter.com/ISISbangsGoats/status/909388983133753344
kgalarpe,2017-09-17 20:08,0,1,LOOK: Photo of Marawi priest Chito Suganob after his rescue https:// via,"(['Philippines'], Location((12.7503486, 122.7312101, 0.0)))",@gmanews,,909388506597801986,https://twitter.com/kgalarpe/status/909388506597801986
LOCALNEWSNgayon,2017-09-17 20:08,0,0,Photo of Marawi priest Chito Suganob after his rescue | Read: http:// via GMA News,"(['Philippines'], Location((12.7503486, 122.7312101, 0.0)))",,,909388502730629121,https://twitter.com/LOCALNEWSNgayon/status/909388502730629121
GettysburgiBook,2017-09-17 20:07,0,0,Filipinas: Rescatan a un sacerdote en una batalla en Marawi http:// CC,"(['Gettysburg'], Location((39.8309399, -77.2310908, 0.0)))",,,909388276737310721,https://twitter.com/GettysburgiBook/status/909388276737310721
jatirado,2017-09-17 20:07,1,1,Filipinas: Rescatan a un sacerdote en una batalla en Marawi http://,"(['Madrid'], Location((40.4167047, -3.7035825, 0.0)))",,,909388248388005888,https://twitter.com/jatirado/status/909388248388005888
ColtliqEkajaya,2017-09-17 20:06,0,0,DUTERTE : Butuh Lebih Dari 50 Miliar Peso untuk Bangun Kembali Marawi https://,"(['Malang', ' Jawa Timur'], Location((-7.9771206, 112.6340291, 0.0)))",,,909387972017033218,https://twitter.com/ColtliqEkajaya/status/909387972017033218
Kuliahdanbisnis,2017-09-17 20:05,0,0,http:// DUTERTE : Butuh Lebih Dari 50 Miliar Peso untuk Bangun Kembali Marawi,,,#internasional,909387917382094848,https://twitter.com/Kuliahdanbisnis/status/909387917382094848
Eule_SALINLAHI,2017-09-17 20:05,0,0,Discussing human rights situation in the Philippines amidst war on drugs,"(['Manila', ' Philippines'], Location((14.5906216, 120.9799696, 0.0)))",,,,
gmanews,2017-09-17 20:04,10,31,LOOK: Photo of Marawi priest Chito Suganob after his rescue http://,"(['Philippines'], Location((12.7503486, 122.7312101, 0.0)))",,,909387606164566016,https://twitter.com/gmanews/status/909387606164566016
jdesignz,2017-09-17 20:04,0,0,Photo of Marawi priest Chito Suganob after his rescue http:// http://,,,,909387560513933312,https://twitter.com/jdesignz/status/909387560513933312
5150power,2017-09-17 20:01,0,0,Duterte says $975 million will not be enough to rebuild the southern city of Marawi . 2017-09-17/philippines-needs-more-than-50-billion-pesos-to-rebuild-marawi … via,"(['Bountiful Utah'], Location((40.8894611, -111.8804817, 0.0)))",@markets,,909386904180629504,https://twitter.com/5150power/status/909386904180629504
bignewsnetwork,2017-09-17 20:00,1,0,- a metaphor for in . 01 /marawi---a-metaphor-for-islamic-extremism-in-asia …,"(['Global'], Location((43.7283874, -79.3491487932, 0.0)))",,#Marawi #Islamic #extremism #Asia,909386461987848192,https://twitter.com/bignewsnetwork/status/909386461987848192
PhilippineStar,2017-09-17 20:00,5,4,Armed Forces captures key Maute base in besieged Marawi http://,"(['Philippines'], Location((12.7503486, 122.7312101, 0.0)))",,,909386457814618112,https://twitter.com/PhilippineStar/status/909386457814618112
SBSNews,2017-09-17 20:00,1,1,Philippine army captures key pro-IS base in besieged city of Marawi . 2 017/09/17/philippine-army-captures-key-pro-base-besieged-city-marawi …,"(['Australia'], Location((-24.7761086, 134.755, 0.0)))",,,909386456673611778,https://twitter.com/SBSNews/status/909386456673611778
imlalamae,2017-09-17 19:54,0,0,Marawraw ay patapon kitang Marawi,"(['Neverland'], Location((36.548132, -121.919599, 0.0)))",,,909385175938646016,https://twitter.com/imlalamae/status/909385175938646016
sanjosesbb,2017-09-17 19:54,0,1,Pres Duterte's Gift Marawi soldiers,,,,,
yuniaranggrai12,2017-09-17 19:54,0,0,Tentara Filipina bebaskan pastor ditawan militan ISIS di Marawi http://,,,,909384990701502464,https://twitter.com/yuniaranggrai12/status/909384990701502464
levigrand770,2017-09-17 19:54,0,0,Tentara Filipina bebaskan pastor ditawan militan ISIS di Marawi http://,,,,909384976453459969,https://twitter.com/levigrand770/status/909384976453459969
Europe1,2017-09-17 19:54,6,5,L'armée philippine revendique une prise importante à Marawi http://,"(['Paris', ' France'], Location((48.8566101, 2.3514992, 0.0)))",,,909384962566111233,https://twitter.com/Europe1/status/909384962566111233
WorldNews_AU,2017-09-17 19:52,0,0,Marawi priest,,,,,
pRosarioBaruta,2017-09-17 19:50,1,0,Filipinas: Liberan al sacerdote rehén de los yihadistas en Marawi . icaninsider/ita/nel-mondo/filippine-liberato-il-prete-ostaggio-dei-jihadisti-a-marawi-xmHW3BM9gL0AcuUAWXnKIN/pagina.html …,"(['Baruta', ' frente a la Alcaldia'], Location((44.9594873, 7.4872833, 0.0)))",,,909384124477116416,https://twitter.com/pRosarioBaruta/status/909384124477116416
EyMETniRMjsVLJD,2017-09-17 19:49,0,0,هلابك,"(['Kingdom of Saudi Arabia'], Location((-6.8638235, 39.2551949, 0.0)))",,,909383878040842240,https://twitter.com/EyMETniRMjsVLJD/status/909383878040842240
OcaBacs,2017-09-17 19:46,0,0,Maute group still putting up strong resistance in Marawi —AFP . on/626154/maute-group-still-putting-up-strong-resistance-in-marawi-afp/story/ …,"(['Paranaque City'], Location((49.2086619, -2.0238323, 0.0)))",@gmanews,,909383138236760064,https://twitter.com/OcaBacs/status/909383138236760064
NotiMundo2015,2017-09-17 19:45,0,0,Filipinas: Rescatan a un sacerdote en una batalla en Marawi - AP Fuerzas del gobierno de Filipinas rescataron a... http://,"(['Latinoamerica'], Location((-2.8992823, -79.0216101, 0.0)))",,,909382818274390016,https://twitter.com/NotiMundo2015/status/909382818274390016
En_Pelotas,2017-09-17 19:45,1,0,Filipinas: Rescatan a un sacerdote en una batalla en Marawi http:// 0,"(['Las Vegas', ' NV'], Location((36.1662859, -115.149225, 0.0)))",,,909382744257437697,https://twitter.com/En_Pelotas/status/909382744257437697
PressTV,2017-09-17 19:43,31,5,Philippine army captures Daesh command center in Marawi http://,"(['Tehran', ' Iran'], Location((35.7006177, 51.401375, 0.0)))",,,909382339804975104,https://twitter.com/PressTV/status/909382339804975104
mbartalo121,2017-09-17 19:43,0,0,Top story: Filippine: liberato il prete ostaggio dei jihadisti a Marawi - La St… . icaninsider/ita/nel-mondo/filippine-liberato-il-prete-ostaggio-dei-jihadisti-a-marawi-xmHW3BM9gL0AcuUAWXnKIN/pagina.html …,"(['Turin', ' Italy'], Location((4.8150205, -75.7148295515, 0.0)))",,,,
20mUsa,2017-09-17 19:42,0,0,Filipinas: Rescatan a un sacerdote en una batalla en Marawi http:// 1,"(['Estados Unidos'], Location((9.624388, -73.2125095, 0.0)))",,,909382123433406465,https://twitter.com/20mUsa/status/909382123433406465
phildaily,2017-09-17 19:42,0,0,Maute group still putting up strong resistance in Marawi —AFP - GMA News https://,,,,909382096732475393,https://twitter.com/phildaily/status/909382096732475393
GettysburgiBook,2017-09-17 19:42,0,0,Filipinas: Rescatan a un sacerdote en una batalla en Marawi http://,"(['Gettysburg'], Location((39.8309399, -77.2310908, 0.0)))",,,909381979006578688,https://twitter.com/GettysburgiBook/status/909381979006578688
jatirado,2017-09-17 19:42,0,0,Filipinas: Rescatan a un sacerdote en una batalla en Marawi http://,"(['Madrid'], Location((40.4167047, -3.7035825, 0.0)))",,,909381947071143937,https://twitter.com/jatirado/status/909381947071143937
NotaInteresante,2017-09-17 19:42,0,0,Philippine army captures key pro-IS base in besieged city of Marawi http:// 1 33ED3CEB90C505F6F4A180553F7 …,,,,909381933607587840,https://twitter.com/NotaInteresante/status/909381933607587840
sunstarcebu,2017-09-17 19:41,0,0,"Father Teresito Chito"" Suganob's rescue in Marawi City is yet to be verified by the AFP. http:// ""","(['Cebu', ' Philippines'], Location((10.45, 123.84, 0.0)))",,,909381670943391744,https://twitter.com/sunstarcebu/status/909381670943391744
jun_scorpio86,2017-09-17 7:59,0,0,At provincial capitol of Lanao Del Sur,,,,,
jun_scorpio86,2017-09-17 7:54,0,0,At capitol Lanao del Sur,,,,,
gmanews,2017-09-17 7:53,4,46,Nakatakas ang dalawang sibilyang bihag mula sa kamay ng Maute Group sa Marawi City. | via,"(['Philippines'], Location((12.7503486, 122.7312101, 0.0)))",@Benjielite @dzbb,,909203634792964096,https://twitter.com/gmanews/status/909203634792964096
PCSOLotteryDraw,2017-09-17 7:53,0,0,I liked a video http:// MARAWI CITY UPDATE SEPT.17,,,,,
dzbb,2017-09-17 7:51,0,1,Dalawang sibilyang bihag,"(['Republic of the Philippines'], Location((12.7503486, 122.7312101, 0.0)))",,,,
thereisanocean,2017-09-17 7:49,0,1,US is sending drones to Marawi to help fight the insurgents. I guess,,,,,
BobbyLagsa,2017-09-17 7:46,0,1,OPAPP sec Dureza fb post: Fr Suganob rescued by military last night,"(['cagayan de oro'], Location((8.42980265, 124.682410212, 0.0)))",,,,
sola_ABDURAHMAN,2017-09-17 7:45,1,7,Bye marawi . May you be liberated soon. God bless our troops who have been fighting against the… .,,,,909201601356816385,https://twitter.com/sola_ABDURAHMAN/status/909201601356816385
Memrea1,2017-09-17 7:39,1,0,Battle of Marawi City in Philippines ‘nearly over’ http://,"(['Podgorica'], Location((42.4415238, 19.2621081, 0.0)))",,#BreakingNews,909199995252830208,https://twitter.com/Memrea1/status/909199995252830208
OrlacDweeb,2017-09-17 7:38,0,0,Rebuilding Marawi https:// cebook&utm_medium=social&utm_content=facebook_social_clicktowebsite_12&utm_campaign=philippines …,"(['Republic of the Philippines'], Location((12.7503486, 122.7312101, 0.0)))",,,909199772917022720,https://twitter.com/OrlacDweeb/status/909199772917022720
voodoo_childdd_,2017-09-17 7:33,0,0,Myanmar doesn't deserve this Marawi in the Philippines does.,"(['Philippines'], Location((12.7503486, 122.7312101, 0.0)))",,,909198695689867264,https://twitter.com/voodoo_childdd_/status/909198695689867264
MiguelGeroche,2017-09-17 7:17,0,0,Maute fighters abandon Bato Mosque in Marawi . maute-fighters-abandon-bato-mosque …,"(['Pilipinas'], Location((12.7503486, 122.7312101, 0.0)))",,#MarawiCrisis,909194603412152320,https://twitter.com/MiguelGeroche/status/909194603412152320
remvs,2017-09-17 7:15,0,0,If you have one click to give this day,"(['Mendez', ' Calabarzon'], Location((14.1324539, 120.89319521, 0.0)))",,,,
violetagloria,2017-09-17 7:14,0,0,Here's also for rehabilitation. So,,,,,
gracefancubit,2017-09-17 7:08,0,0,Repacking relief goods for our MUSLIM BROTHERS IN MARAWI CITY.,"(['Philippines'], Location((12.7503486, 122.7312101, 0.0)))",,,909192331064152064,https://twitter.com/gracefancubit/status/909192331064152064
Marawi_44,2017-09-17 7:07,0,0,أذكار الأذان:يدعو لنفسه بين الأذان والإقامة فإن الدعاء http:// du3a.org /,,,,909191976926531587,https://twitter.com/Marawi_44/status/909191976926531587
imhesed1,2017-09-17 7:06,0,0,Pres Duterte,,,,,
LiveConsumer,2017-09-17 7:00,0,0,Palace: Duterte to skip UN assembly to deal with Marawi crisis... http://,,,#news #ph,909190196700123136,https://twitter.com/LiveConsumer/status/909190196700123136
ANCALERTS,2017-09-17 7:00,1,12,Military reclaims Marawi mosque,"(['Philippines'], Location((12.7503486, 122.7312101, 0.0)))",,,,
gracefancubit,2017-09-17 6:47,0,0,Getting inside Marawi City to distribute relief goods was risky... But GOD protection was evident.,"(['Philippines'], Location((12.7503486, 122.7312101, 0.0)))",,,909187008928423936,https://twitter.com/gracefancubit/status/909187008928423936
ABSCBNNews,2017-09-17 6:20,5,15,Military reclaims Marawi mosque,"(['Manila', ' Philippines'], Location((14.5906216, 120.9799696, 0.0)))",,,,
Marawi_44,2017-09-17 6:12,0,0,اللهم احفظني من بين يديَّ ومن خلفي وعن يميني وعن شمالي http:// du3a.org /,,,,909178216111394816,https://twitter.com/Marawi_44/status/909178216111394816
DZMMTeleRadyo,2017-09-17 5:53,2,6,Bato Mosque at Amaitul Islamiya Marawi Foundation,"(['ABS-CBN', ' Diliman', ' Quezon City'], Location((11.5874907, 122.7520466, 0.0)))",,,,
Sh_____d,2017-09-17 5:48,1,1,هههههههه,,,,909172182256951296,https://twitter.com/Sh_____d/status/909172182256951296
Adipraze,2017-09-17 5:43,0,0,Maute fighters abandon Bato Mosque in Marawi http://,"(['Jakarta Capital Region'], Location((-6.1753942, 106.827183, 0.0)))",,,909170832026492928,https://twitter.com/Adipraze/status/909170832026492928
Neng_Chelsea1,2017-09-17 5:30,1,0,let see if Burma become the next Marawi,,@ShiaTerrorWatch,,909167740396609536,https://twitter.com/Neng_Chelsea1/status/909167740396609536
egdsgn,2017-09-17 5:30,0,0,DND calls on Malacañang to replenish fund for Marawi City https:// alacanang-to-replenish-fund-for-marawi-city/ …,"(['Davao City', ' Davao Region'], Location((7.22650725, 125.454887691, 0.0)))",,,909167697295851520,https://twitter.com/egdsgn/status/909167697295851520
muzi_kha,2017-09-17 5:30,0,0,DND calls on Malacañang to replenish fund for Marawi City https:// alacanang-to-replenish-fund-for-marawi-city/ …,"(['The Office'], Location((17.99259385, -76.9287471483, 0.0)))",,,9.09168E+17,https://twitter.com/muzi_kha/status/909167690085888000
chris19thws,2017-09-17 5:30,0,0,DND calls on Malacañang to replenish fund for Marawi City https:// alacanang-to-replenish-fund-for-marawi-city/ …,"(['Philippines'], Location((12.7503486, 122.7312101, 0.0)))",,,909167681403731968,https://twitter.com/chris19thws/status/909167681403731968
egdsgn,2017-09-17 5:30,0,0,Marawi rehabilitation needs more than P50B fund – Sec. Delfin Lorenzana https:// itation-needs-more-than-p50b-fund-sec-delfin-lorenzana/ …,"(['Davao City', ' Davao Region'], Location((7.22650725, 125.454887691, 0.0)))",,,909167681084911616,https://twitter.com/egdsgn/status/909167681084911616
muzi_kha,2017-09-17 5:30,0,0,Marawi rehabilitation needs more than P50B fund – Sec. Delfin Lorenzana https:// itation-needs-more-than-p50b-fund-sec-delfin-lorenzana/ …,"(['The Office'], Location((17.99259385, -76.9287471483, 0.0)))",,,909167674067886080,https://twitter.com/muzi_kha/status/909167674067886080
PoGo_Port,2017-09-17 5:30,0,0,DND calls on Malacañang to replenish fund for Marawi City https:// alacanang-to-replenish-fund-for-marawi-city/ …,,,,909167673933651973,https://twitter.com/PoGo_Port/status/909167673933651973
chris19thws,2017-09-17 5:30,0,0,Marawi rehabilitation needs more than P50B fund – Sec. Delfin Lorenzana https:// itation-needs-more-than-p50b-fund-sec-delfin-lorenzana/ …,"(['Philippines'], Location((12.7503486, 122.7312101, 0.0)))",,,909167666425769984,https://twitter.com/chris19thws/status/909167666425769984
orga_ogop,2017-09-17 5:30,0,0,DND calls on Malacañang to replenish fund for Marawi City https:// alacanang-to-replenish-fund-for-marawi-city/ …,,,,909167665826037760,https://twitter.com/orga_ogop/status/909167665826037760
PoGo_Port,2017-09-17 5:30,0,0,Marawi rehabilitation needs more than P50B fund – Sec. Delfin Lorenzana https:// itation-needs-more-than-p50b-fund-sec-delfin-lorenzana/ …,,,,909167658486030336,https://twitter.com/PoGo_Port/status/909167658486030336
RTheKrak3n,2017-09-17 5:30,0,0,DND calls on Malacañang to replenish fund for Marawi City https:// alacanang-to-replenish-fund-for-marawi-city/ …,,,,909167657827495936,https://twitter.com/RTheKrak3n/status/909167657827495936
orga_ogop,2017-09-17 5:30,0,0,Marawi rehabilitation needs more than P50B fund – Sec. Delfin Lorenzana https:// itation-needs-more-than-p50b-fund-sec-delfin-lorenzana/ …,,,,909167650915229696,https://twitter.com/orga_ogop/status/909167650915229696
RTheKrak3n,2017-09-17 5:30,0,0,Marawi rehabilitation needs more than P50B fund – Sec. Delfin Lorenzana https:// itation-needs-more-than-p50b-fund-sec-delfin-lorenzana/ …,,,,909167641071194112,https://twitter.com/RTheKrak3n/status/909167641071194112
tincazzi,2017-09-17 5:20,1,2,- Our last reportage from Philippines for - Tv https:// u on with,"(['ROME'], Location((41.8933203, 12.4829321, 0.0)))",@LinkedIn @RubenLagattolla,#Marawi #Isis #Rsi #Suisse,909165063071821825,https://twitter.com/tincazzi/status/909165063071821825
SummichManingo,2017-09-17 5:18,0,0,Wa kay plano mouli? Ilabay taka ron sa Marawi .,"(['PH'], Location((12.44249325, 122.160395164, 0.0)))",,,909164574598762496,https://twitter.com/SummichManingo/status/909164574598762496
Marawi_44,2017-09-17 5:16,0,0,اللهم اهدني فيمن هديت وعافني فيمن عافيت وتولني فيمن توليت http:// du3a.org /,,,,909164161892012032,https://twitter.com/Marawi_44/status/909164161892012032
dzIQ990,2017-09-17 5:03,1,1,AFP,"(['Makati City'], Location((14.5591272, 121.0202094, 0.0)))",,,,
persecutionnews,2017-09-17 5:00,5,1,close to retaking . If free hostages including Soganub,"(['Washington', ' D.C.'], Location((38.8949549, -77.0366456, 0.0)))",,,,
dzIQ990,2017-09-17 4:57,1,1,50 bilyong piso,"(['Makati City'], Location((14.5591272, 121.0202094, 0.0)))",,,,
dzIQ990,2017-09-17 4:57,1,1,DSWD,"(['Makati City'], Location((14.5591272, 121.0202094, 0.0)))",,,,
zicrage76x,2017-09-17 4:54,0,0,Puta sinasabing malala marawi dipa tapos.pukinanang ina nyo.kibupal na kau,,,,909158598655172608,https://twitter.com/zicrage76x/status/909158598655172608
zicrage76x,2017-09-17 4:53,0,0,Puta wag mong gawin afganistan ang marawi ...puta at ang bansa,,,,909158251421298689,https://twitter.com/zicrage76x/status/909158251421298689
bdsaguing,2017-09-17 4:51,0,0,Battle of Marawi City in Philippines ‘nearly over’ . orld.Wb2OomhQa68.twitter …,"(['Rome', ' Italy'], Location((34.257038, -85.1646726, 0.0)))",,#,909157842342563841,https://twitter.com/bdsaguing/status/909157842342563841
arabnews,2017-09-17 4:45,3,2,Battle of City in ‘nearly over’ http://,"(['Saudi Arabia'], Location((17.7269134, 42.2363448, 0.0)))",,#Marawi #Philippines,909156201535025152,https://twitter.com/arabnews/status/909156201535025152
zicrage76x,2017-09-17 4:32,0,0,Kung makikita nyo marawi di cool,,,,909153044436197376,https://twitter.com/zicrage76x/status/909153044436197376
zicrage76x,2017-09-17 4:31,0,0,Hoy duterte bakbakan ba.yan ba gusto mo.di ako na challenge sayo fuck marawi,,,,909152788042588160,https://twitter.com/zicrage76x/status/909152788042588160
PhamNguyenly,2017-09-17 4:30,0,0,Battle of Marawi City in Philippines 'nearly over' - Arab News https://,,,,909152494487523328,https://twitter.com/PhamNguyenly/status/909152494487523328
Marawi_44,2017-09-17 4:27,0,0,اللهم عافنا واعف عنا يا كريم http:// du3a.org /,,,,909151864318504960,https://twitter.com/Marawi_44/status/909151864318504960
zicrage76x,2017-09-17 4:27,0,0,Bak bak daw sa marawi pero aino nag pundo.kupaloid na governo,,,,909151744864612352,https://twitter.com/zicrage76x/status/909151744864612352
loli_pop1120,2017-09-17 4:09,0,0,Lolipop: RT spinsterAtashi: nabusog na si Suna Nakahara na napaka Questionable pagkatapos niang dilaan ang marawi MAYWA…,"(['Republic of the Philippines'], Location((12.7503486, 122.7312101, 0.0)))",,#PushAwardsMayWards,909147289436004352,https://twitter.com/loli_pop1120/status/909147289436004352
_redbutterfly5_,2017-09-17 4:08,0,0,mentos: RT spinsterAtashi: nabusog na si Suna Nakahara na napaka Questionable pagkatapos niang dilaan ang marawi MAYWAR…,"(['Republic of the Philippines'], Location((12.7503486, 122.7312101, 0.0)))",,#PushAwardsMayWards,909147015103307777,https://twitter.com/_redbutterfly5_/status/909147015103307777
frutos143,2017-09-17 4:08,0,0,Frutos: RT spinsterAtashi: nabusog na si Suna Nakahara na napaka Questionable pagkatapos niang dilaan ang marawi MAYWAR…,"(['Republic of the Philippines'], Location((12.7503486, 122.7312101, 0.0)))",,#PushAwardsMayWards,909146942667673600,https://twitter.com/frutos143/status/909146942667673600
_redbutterfly3_,2017-09-17 4:07,0,0,Kopiko: RT spinsterAtashi: nabusog na si Suna Nakahara na napaka Questionable pagkatapos niang dilaan ang marawi MAYWAR…,"(['Republic of the Philippines'], Location((12.7503486, 122.7312101, 0.0)))",,#PushAwardsMayWards,909146728800153600,https://twitter.com/_redbutterfly3_/status/909146728800153600
jeffreyhernaez,2017-09-17 3:55,0,0,Bato Mosque at Amaitul Islamiya Marawi Foundation,"(['Manila', ' the place to be.'], Location((14.5906216, 120.9799696, 0.0)))",,,,
roy_lanek,2017-09-17 3:51,0,0,[Duterte] Every day,,,,,
fayemarinel_,2017-09-17 3:49,0,0,Mmk :( Damn! Marawi tapos yung teacher,"(['Pagbilao', ' Calabarzon'], Location((13.9745954, 121.6854543, 0.0)))",,,,
dzrhnews,2017-09-17 3:45,0,0,Lorenzana reveals: Php 50 B still not enough for Marawi rehabilitation http:// als-php-50-b-still-not-enough-marawi-rehabilitation/ …,"(['Manila', ' Philippines'], Location((14.5906216, 120.9799696, 0.0)))",,,909141087003881473,https://twitter.com/dzrhnews/status/909141087003881473
dutertewatch,2017-09-17 3:34,0,0,Palace: Duterte to skip UN assembly to deal with Marawi crisis http:// http://,"(['Republic of the Philippines'], Location((12.7503486, 122.7312101, 0.0)))",,#Duterte #Duterte,909138429992144896,https://twitter.com/dutertewatch/status/909138429992144896
ledifski,2017-09-17 3:13,0,0,Kaya extended ang ML sa Marawi kasi may kumikita.,"(['Olongapo City'], Location((14.8314675, 120.2835205, 0.0)))",,,909133094753525760,https://twitter.com/ledifski/status/909133094753525760
phnews24x7,2017-09-17 3:11,0,0,Maute fighters in Marawi increased as trapped civilians forced to fight --AFP | http://,"(['Philippines'], Location((12.7503486, 122.7312101, 0.0)))",,#PHNews,909132659946688512,https://twitter.com/phnews24x7/status/909132659946688512
zicrage76x,2017-09-17 3:09,0,0,Ang tanong ko po pangulo diversion paba yan.itigil mo na galawan sa marawi imbes na matapos di natatapos.,,,,,
Marawi_44,2017-09-17 3:08,0,0,من كان آخر كلامه لا إله إلا الله دخل الجنة http:// du3a.org /,,,,909131893106515968,https://twitter.com/Marawi_44/status/909131893106515968
tessnakis,2017-09-17 3:06,0,0,Atashi : nabusog na si Suna Nakahara na napaka Questionable pagkatapos niang dilaan ang marawi MAYWARD ONLY,"(['National Capital Region'], Location((14.5736108, 121.0329706, 0.0)))",,#PushAwardsMayWards,909131325474525184,https://twitter.com/tessnakis/status/909131325474525184
Jhodee05,2017-09-17 3:04,0,0,Jhodee05: nabusog na si Suna Nakahara na napaka Questionable pagkatapos niang dilaan ang marawi MAYWARD ONLY,"(['Republic of the Philippines'], Location((12.7503486, 122.7312101, 0.0)))",,#PushAwardsMayWards,909130988432785408,https://twitter.com/Jhodee05/status/909130988432785408
dudus2017,2017-09-17 3:02,0,0,Suna : nabusog na si Suna Nakahara na napaka Questionable pagkatapos niang dilaan ang marawi MAYWARD ONLY,"(['Republic of the Philippines'], Location((12.7503486, 122.7312101, 0.0)))",,#PushAwardsMayWards,909130345425104897,https://twitter.com/dudus2017/status/909130345425104897
chUrlz__,2017-09-17 3:02,0,0,Spinster: nabusog na si Suna Nakahara na napaka Questionable pagkatapos niang dilaan ang marawi MAYWARD ONLY,,,#PushAwardsMayWards,909130322146668544,https://twitter.com/chUrlz__/status/909130322146668544
Destilass,2017-09-17 3:01,0,0,Suna : nabusog na si Suna Nakahara na napaka Questionable pagkatapos niang dilaan ang marawi MAYWARD ONLY,"(['National Capital Region', ' Republic of the Philippines'], Location((14.5736108, 121.0329706, 0.0)))",,#PushAwardsMayWards,909130130261467138,https://twitter.com/Destilass/status/909130130261467138
KPop_EdMay,2017-09-17 3:00,0,0,RT Suna: nabusog na si Suna Nakahara na napaka Questionable pagkatapos niang dilaan ang marawi MAYWARD ONLY,"(['Manila City'], Location((14.5906216, 120.9799696, 0.0)))",,#PushAwardsMayWards,909129938908966913,https://twitter.com/KPop_EdMay/status/909129938908966913
JesDave123,2017-09-17 2:59,0,0,Suna : nabusog na si Suna Nakahara na napaka Questionable pagkatapos niang dilaan ang marawi MAYWARD ONLY,"(['National Capital Region', ' Republic of the Philippines'], Location((14.5736108, 121.0329706, 0.0)))",,#PushAwardsMayWards,909129629604204546,https://twitter.com/JesDave123/status/909129629604204546
skyblue_143,2017-09-17 2:58,0,0,skyblue: nabusog na si Suna Nakahara na napaka Questionable pagkatapos niang dilaan ang marawi MAYWARD ONLY,"(['Republic of the Philippines'], Location((12.7503486, 122.7312101, 0.0)))",,#PushAwardsMayWards,909129428118028288,https://twitter.com/skyblue_143/status/909129428118028288
spinsterAtashi,2017-09-17 2:57,23,2,nabusog na si Suna Nakahara na napaka Questionable pagkatapos niang dilaan ang marawi MAYWARD ONLY,"(['All Blue'], Location((33.3319468, -86.7204435, 0.0)))",,#PushAwardsMayWards,909129093039484930,https://twitter.com/spinsterAtashi/status/909129093039484930
deemie023,2017-09-17 2:50,5,0,Putanes matgal q n gusto mwala yan si judas bes akla q nga isa n yan sa ibala sa kanyon nun s marawi kakasura ang mukha,"(['Republic of the Philippines'], Location((12.7503486, 122.7312101, 0.0)))",,#PushAwardsMayWards,909127326113370112,https://twitter.com/deemie023/status/909127326113370112
dzbb,2017-09-17 2:44,1,13,JUST IN: 2 sa pinakamalaking kuta na hawak ng Maute Group,"(['Republic of the Philippines'], Location((12.7503486, 122.7312101, 0.0)))",,,,
pentagonph10,2017-09-17 2:37,0,3,[FANBASE MERCHANDISE] Pre-orders for and shirts for Batch 2. DM us! Proceeds goes to UNIVERSE FOR PEACE project for MARAWI ~,"(['Philippines'], Location((12.7503486, 122.7312101, 0.0)))",,#UNIVERSE #CHIBI,909124009832325120,https://twitter.com/pentagonph10/status/909124009832325120
notarvilvillena,2017-09-17 2:35,0,0,Ganito dapat yung isinasama sa ibat ibang lugar! Sa Marawi !! bilang mamaril din naman http://,"(['Earth'], Location((34.2331373, -102.4107493, 0.0)))",,,909123703748812800,https://twitter.com/notarvilvillena/status/909123703748812800
HoneyRonie,2017-09-17 2:33,0,0,MARAWI BANGON NA!....Muslim/Cristiano magkaisa para sa marawi clash... http://,,,,909123087882432514,https://twitter.com/HoneyRonie/status/909123087882432514
Macmecaye1,2017-09-17 2:30,0,0,Tara na. Dalhin na yan sa marawi brod haha,"(['Cotabato city'], Location((7.1970344, 124.2351714, 0.0)))",,,909122448271958016,https://twitter.com/Macmecaye1/status/909122448271958016
marawi_q8,2017-09-17 2:24,0,1,,,,,909120928327417856,https://twitter.com/marawi_q8/status/909120928327417856
FilipiknowsTwit,2017-09-17 2:22,0,0,Saludo sa ating mga sundalo na lumalaban sa giyera sa Marawi,"(['Doha', ' Qatar'], Location((25.3014957, 51.4996673988, 0.0)))",,,,
Kingof_sense,2017-09-17 2:18,0,0,اهلين مروه واهلا وسهلا بيكم جمعيا,,,,909119243920257025,https://twitter.com/Kingof_sense/status/909119243920257025
usclabdog,2017-09-17 2:07,0,0,Nung sangkatatutak ang intel na maraming activity ang mga Maute sa Marawi,"(['LA LA la LANd'], Location((-29.8508963, 27.5389569845, 0.0)))",,,,
bdsaguing,2017-09-17 1:59,0,0,http:// ts-fighting-in-marawi-using-govt-owned-guns-says-army-exec … Militants fighting in Marawi using gov’t-owned guns,"(['Rome', ' Italy'], Location((34.257038, -85.1646726, 0.0)))",,,,
bhunbnray,2017-09-17 1:59,0,0,See how to Terrorism destroy marawi city in Philippines,"(['Assam', ' India'], Location((26.4073841, 93.2551303, 0.0)))",,,,
angelmaximilan,2017-09-17 1:50,1,1,Dia sendiri pernah melatih pasukan Yordania,,,,,
mindanewsdotcom,2017-09-17 1:49,0,0,Marawi,"(['Mindanao'], Location((7.68980415, 125.236399692, 0.0)))",,,,
marawi_q8,2017-09-17 1:39,4,3,حتا في باريس يدلعوني يالبي يالبي صرت انه الدلع كله ليوم,,,,909109596496699394,https://twitter.com/marawi_q8/status/909109596496699394
loidita,2017-09-17 1:36,0,1,Also check on Marawi . Who empowered the Maute group? How far are we to ending the conflict there?,"(['Philippines'], Location((12.7503486, 122.7312101, 0.0)))",,,909108870437412864,https://twitter.com/loidita/status/909108870437412864
marawi_q8,2017-09-17 1:36,1,0,هلا شيخ العرب,,,,909108770155806720,https://twitter.com/marawi_q8/status/909108770155806720
Worldnews_top,2017-09-17 1:29,0,0,655 ISIS-linked terrorists,"(['World'], Location((32.8548259, -117.2041575, 0.0)))",,,,
abdul5552009,2017-09-17 1:15,0,0,,"(['London', ' England \xc2\xa0\xf0\x9f\x87\xba\xf0\x9f\x87\xb8\xc2\xa0\xf0\x9f\x87\xb7\xf0\x9f\x87\xba\xc2\xa0\xf0\x9f\x87\xb7\xf0\x9f\x87\xba'], Location((51.5073219, -0.1276474, 0.0)))",,,909103511488614400,https://twitter.com/abdul5552009/status/909103511488614400
Kingof_sense,2017-09-17 1:14,0,0,مساء الورد,,,,909103239932661760,https://twitter.com/Kingof_sense/status/909103239932661760
loidita,2017-09-17 1:11,2,1,Yeah tone down his vulgar words. And focus on real stuff. Like what he's actually doing for Marawi or issue on smuggling,"(['Philippines'], Location((12.7503486, 122.7312101, 0.0)))",,,909102523851595777,https://twitter.com/loidita/status/909102523851595777
Juliansmutti,2017-09-17 1:11,0,0,Isa lang yan pinalaya...ilan nga ba patay sa Marawi ???,"(['unknown'], Location((25.07381735, -77.3306360876, 0.0)))",,,909102365197905920,https://twitter.com/Juliansmutti/status/909102365197905920
abrar0558,2017-09-17 1:10,0,1,,"(['\xd8\xa7\xd9\x84\xd9\x85\xd9\x85\xd9\x84\xd9\x83\xd8\xa9 \xd8\xa7\xd9\x84\xd8\xb9\xd8\xb1\xd8\xa8\xd9\x8a\xd8\xa9 \xd8\xa7\xd9\x84\xd8\xb3\xd8\xb9\xd9\x88\xd8\xaf\xd9\x8a\xd8\xa9'], Location((25.6242618, 42.3528328, 0.0)))",,,909102129792593920,https://twitter.com/abrar0558/status/909102129792593920
skyblue_143,2017-09-17 1:08,0,0,skyblue: nabusog na si Buang Suna na napaka Cobalt pagkatapos niang dilaan ang marawi MAYWARD ONLY,"(['Republic of the Philippines'], Location((12.7503486, 122.7312101, 0.0)))",,#PushAwardsMayWards,909101710861357056,https://twitter.com/skyblue_143/status/909101710861357056
FidesNewsAgency,2017-09-17 1:08,0,0,ASIA/PHILIPPINES - Marawi crisis: “amidst suffering we continue to hope”,,,,,
Qwerenxoxo,2017-09-17 1:08,0,0,BAWAL AWAYIN YANG AMO KO GALING MARAWI YAN HAHAHAHA,"(['4103'], Location((37.3994539583, -5.99214191667, 0.0)))",,,909101574168838146,https://twitter.com/Qwerenxoxo/status/909101574168838146
marawi_q8,2017-09-17 1:07,31,59,الغاليات علي قلبي ربي ما يحرمني منكم,,@n00sh35 @nhoda_q8 @Hashmiah2 @ana_shahad24 @Sahoma_q8,,909101479297814529,https://twitter.com/marawi_q8/status/909101479297814529
Destilass,2017-09-17 1:06,0,0,Suna : nabusog na si Buang Suna na napaka Cobalt pagkatapos niang dilaan ang marawi MAYWARD ONLY,"(['National Capital Region', ' Republic of the Philippines'], Location((14.5736108, 121.0329706, 0.0)))",,#PushAwardsMayWards,909101123423830016,https://twitter.com/Destilass/status/909101123423830016
OrlandoMangacc3,2017-09-17 1:06,0,0,Wow sa 30% com. Kits na naman mga Corrupt diyan,"(['California USA'], Location((36.7014631, -118.7559974, 0.0)))",,,,
KPop_EdMay,2017-09-17 1:05,0,0,RT Suna: nabusog na si Buang Suna na napaka Cobalt pagkatapos niang dilaan ang marawi MAYWARD ONLY,"(['Manila City'], Location((14.5906216, 120.9799696, 0.0)))",,#PushAwardsMayWards,909100916241989635,https://twitter.com/KPop_EdMay/status/909100916241989635
Jhodee05,2017-09-17 1:04,0,0,Jhodee05: nabusog na si Buang Suna na napaka Cobalt pagkatapos niang dilaan ang marawi MAYWARD ONLY,"(['Republic of the Philippines'], Location((12.7503486, 122.7312101, 0.0)))",,#PushAwardsMayWards,909100674419437568,https://twitter.com/Jhodee05/status/909100674419437568
Maria86439147,2017-09-17 1:03,0,0,qt spin: nabusog na si Buang Suna na napaka Cobalt pagkatapos niang dilaan ang marawi MAYWARD ONLY,"(['Republic of the Philippines'], Location((12.7503486, 122.7312101, 0.0)))",,#PushAwardsMayWards,909100406940295173,https://twitter.com/Maria86439147/status/909100406940295173
dudus2017,2017-09-17 1:02,0,0,Suna : nabusog na si Buang Suna na napaka Cobalt pagkatapos niang dilaan ang marawi MAYWARD ONLY,"(['Republic of the Philippines'], Location((12.7503486, 122.7312101, 0.0)))",,#PushAwardsMayWards,909100261960019968,https://twitter.com/dudus2017/status/909100261960019968
spinsterAtashi,2017-09-17 1:02,9,0,nabusog na si Buang Suna na napaka Cobalt pagkatapos niang dilaan ang marawi MAYWARD ONLY,"(['All Blue'], Location((33.3319468, -86.7204435, 0.0)))",,#PushAwardsMayWards,909100153684086784,https://twitter.com/spinsterAtashi/status/909100153684086784
egdsgn,2017-09-17 1:00,0,0,Sec. Lorenzana: Kaguluhan sa Marawi City,"(['Davao City', ' Davao Region'], Location((7.22650725, 125.454887691, 0.0)))",,,,
muzi_kha,2017-09-17 1:00,0,0,Sec. Lorenzana: Kaguluhan sa Marawi City,"(['The Office'], Location((17.99259385, -76.9287471483, 0.0)))",,,,
chris19thws,2017-09-17 1:00,0,0,Sec. Lorenzana: Kaguluhan sa Marawi City,"(['Philippines'], Location((12.7503486, 122.7312101, 0.0)))",,,,
PoGo_Port,2017-09-17 1:00,0,0,Sec. Lorenzana: Kaguluhan sa Marawi City,,,,,
orga_ogop,2017-09-17 1:00,0,0,Sec. Lorenzana: Kaguluhan sa Marawi City,,,,,
RTheKrak3n,2017-09-17 1:00,0,0,Sec. Lorenzana: Kaguluhan sa Marawi City,,,,,
kzyxxv,2017-09-17 0:59,0,1,magaling ka lang sa una tsong. dapat sayo itapon sa marawi,"(['North Pole', ' AK'], Location((64.750997, -147.349319, 0.0)))",,,909099310435860480,https://twitter.com/kzyxxv/status/909099310435860480
Deniseashleyyy,2017-09-17 0:52,0,0,nadadalas na ang patayan iho lalong lalo na dito sa marawi magiingat ka,,,,909097649843793920,https://twitter.com/Deniseashleyyy/status/909097649843793920
zicrage76x,2017-09-17 0:35,0,0,Itayo mo ulit marawi at sino goodbye,,,,909093514385821697,https://twitter.com/zicrage76x/status/909093514385821697
rearidinghood,2017-09-17 0:25,0,0,"Post-ML: But given the possibility that there would be another Marcos..."" Post- Marawi : ""I believe that there are enough safeguards."" Muzta ""","(['ILO'], Location((46.2292542, 6.1343668485, 0.0)))",,,909090916526317568,https://twitter.com/rearidinghood/status/909090916526317568
calendaschese,2017-09-17 0:21,0,0,Agenzia Fides - ASIA/FILIPPINE - Crisi di Marawi : “Nel dolore non perdiamo la speranza”,"(['Milan', ' Lombardy'], Location((45.4667971, 9.1904984, 0.0)))",,,,
TheManilaTimes,2017-09-17 0:18,0,1,Troops in Marawi given 12 tons of chicken https:// c,"(['Philippines'], Location((12.7503486, 122.7312101, 0.0)))",,,909088995912454147,https://twitter.com/TheManilaTimes/status/909088995912454147
dudus2017,2017-09-17 0:12,0,0,Suna : nabusog na si Suna Nakahara na napaka Amethyst pagkatapos niang dilaan ang marawi MAYWARD ONLY,"(['Republic of the Philippines'], Location((12.7503486, 122.7312101, 0.0)))",,#PushAwardsMayWards,909087562597314560,https://twitter.com/dudus2017/status/909087562597314560
thessa_pena,2017-09-17 0:11,0,0,Pb: RT spinsterAtashi: nabusog na si Suna Nakahara na napaka Amethyst pagkatapos niang dilaan ang marawi MAYWARD ONLY,"(['Lungsod ng Mandaluyong', ' Pamban'], Location((14.5896877, 121.0218223, 0.0)))",,#PushAwardsMayWards,909087289405530118,https://twitter.com/thessa_pena/status/909087289405530118
KPop_EdMay,2017-09-17 0:07,0,0,RT Suna: nabusog na si Suna Nakahara na napaka Amethyst pagkatapos niang dilaan ang marawi MAYWARD ONLY,"(['Manila City'], Location((14.5906216, 120.9799696, 0.0)))",,#PushAwardsMayWards,909086419662012421,https://twitter.com/KPop_EdMay/status/909086419662012421
PanahonNgayon,2017-09-17 0:07,0,0,ULAN | 16 Sep '17,"(['Philippines'], Location((12.7503486, 122.7312101, 0.0)))",,,,
FranciswithaG16,2017-09-17 0:07,0,0,marawi sigurong sasali dyan..,"(['BSA'], Location((43.5344807, 5.4101765, 0.0)))",,,909086263956746241,https://twitter.com/FranciswithaG16/status/909086263956746241
Destilass,2017-09-17 0:06,0,0,Suna : nabusog na si Suna Nakahara na napaka Amethyst pagkatapos niang dilaan ang marawi MAYWARD ONLY,"(['National Capital Region', ' Republic of the Philippines'], Location((14.5736108, 121.0329706, 0.0)))",,#PushAwardsMayWards,909086040803209216,https://twitter.com/Destilass/status/909086040803209216
chUrlz__,2017-09-17 0:06,0,0,Spinster: nabusog na si Suna Nakahara na napaka Amethyst pagkatapos niang dilaan ang marawi MAYWARD ONLY,,,#PushAwardsMayWards,909086021911969792,https://twitter.com/chUrlz__/status/909086021911969792
Jhodee05,2017-09-17 0:04,0,0,Jhodee05: nabusog na si Suna Nakahara na napaka Amethyst pagkatapos niang dilaan ang marawi MAYWARD ONLY,"(['Republic of the Philippines'], Location((12.7503486, 122.7312101, 0.0)))",,#PushAwardsMayWards,909085622333263872,https://twitter.com/Jhodee05/status/909085622333263872
skyblue_143,2017-09-17 0:03,0,0,skyblue: nabusog na si Suna Nakahara na napaka Amethyst pagkatapos niang dilaan ang marawi MAYWARD ONLY,"(['Republic of the Philippines'], Location((12.7503486, 122.7312101, 0.0)))",,#PushAwardsMayWards,909085348831137792,https://twitter.com/skyblue_143/status/909085348831137792
Maria86439147,2017-09-17 0:03,0,0,qt spin: nabusog na si Suna Nakahara na napaka Amethyst pagkatapos niang dilaan ang marawi MAYWARD ONLY,"(['Republic of the Philippines'], Location((12.7503486, 122.7312101, 0.0)))",,#PushAwardsMayWards,909085317302452226,https://twitter.com/Maria86439147/status/909085317302452226
spinsterAtashi,2017-09-17 0:02,28,5,nabusog na si Suna Nakahara na napaka Amethyst pagkatapos niang dilaan ang marawi MAYWARD ONLY,"(['All Blue'], Location((33.3319468, -86.7204435, 0.0)))",,#PushAwardsMayWards,909085053816360962,https://twitter.com/spinsterAtashi/status/909085053816360962
phildaily,2017-09-17 0:01,1,0,Maute fighters abandon Bato Mosque in Marawi - Rappler https://,,,,909084890695704576,https://twitter.com/phildaily/status/909084890695704576
EJMantillo,2017-09-17 0:00,0,0,Some terrorists in Marawi have sent surrender feelers to military - http:// Inquirer.net https://,"(['Philippines'], Location((12.7503486, 122.7312101, 0.0)))",,#TopNews,909084481558011905,https://twitter.com/EJMantillo/status/909084481558011905
cnnphilippines,2017-09-17 0:00,7,9,Gov't needs more than ₱50 billion to rebuild Marawi http://,,,,909084475304189953,https://twitter.com/cnnphilippines/status/909084475304189953
