TerlinguaRE2,2017-07-16 23:57,0,0,"Andre Vitchek: What's happening on the ground in Marawi, Duterte's battle against ISIS:",,,,886615779311071232,https://twitter.com/TerlinguaRE2/status/886615779311071232,en
RUS_AYISI,2017-07-16 23:57,0,6,MARAWI Philippino Air Force accidentally hit ground forces: 3 soldiers died.,,,#,886615708137910272,https://twitter.com/RUS_AYISI/status/886615708137910272,en
alphredite,2017-07-16 23:51,0,0,The latest ProudtobePINOY! marawi,"(['Bicolandia', ' Pilipinas'], Location((14.1169423, 122.9540855, 0.0)))",,# #,886614241985392640,https://twitter.com/alphredite/status/886614241985392640,en
NewSaintAndrew,2017-07-16 23:41,0,0,‘Islam real victim of Marawi siege’,"(['Lapu-Lapu City'], Location((10.4218504, 123.2679822, 0.0)))",,,886611665508225024,https://twitter.com/NewSaintAndrew/status/886611665508225024,en
NoMoreElitists,2017-07-16 23:39,1,0,Bodies of beheaded civilians found by Philippine troops in rebel-held Marawi | South China Morning Post,"(['Clipperton Island'], Location((10.30364715, -109.216321507, 0.0)))",,,886611241333964801,https://twitter.com/NoMoreElitists/status/886611241333964801,en
tedDakuykoy,2017-07-16 23:19,0,0,"TeamAFP gains more ground, but Presidential Spox ernieabella warns residents vs returning to Marawi","(['Philippines'], Location((12.7503486, 122.7312101, 0.0)))",@ @,#,886606124119605249,https://twitter.com/tedDakuykoy/status/886606124119605249,en
Strike_Back_Now,2017-07-16 23:16,0,0,"This is Islam The Marawi siege and murderer were Muslims Think about it, there is a connection with Islam and Muslims killing people?","(['Texas'], Location((31.8160381, -99.5120986, 0.0)))",,,886605350132232197,https://twitter.com/Strike_Back_Now/status/886605350132232197,en
pinoynewsonline,2017-07-16 23:15,0,0,Duterte: Take No Prisoners in Marawi City More on... 9,"(['Republic of the Philippines'], Location((12.7503486, 122.7312101, 0.0)))",,,886605136511893504,https://twitter.com/pinoynewsonline/status/886605136511893504,en
IOTWcontact,2017-07-16 23:07,0,0,The latest Stop Human Traffick & Dom Violence! philippines marawi,,,# #,886603225188708353,https://twitter.com/IOTWcontact/status/886603225188708353,en
almimco,2017-07-16 22:54,0,0,ATM:LOUD GUNFIRE AND BOMBS PrayForMarawi,"(['Manila', 'Philippines'], Location((14.5906216, 120.9799696, 0.0)))",,#,886599852938870784,https://twitter.com/almimco/status/886599852938870784,en
Dominar_G,2017-07-16 22:52,1,1,"The death toll in the ongoing conflict in the southern city of Marawi has reached 537, including 93...","(['US'], Location((39.7837304, -100.4458825, 0.0)))",,#,886599388625330180,https://twitter.com/Dominar_G/status/886599388625330180,en
clrson5,2017-07-16 22:49,12,12,Death toll in Marawi conflict in the Philippines rises to 537 - CGTN,"(['USA'], Location((39.7837304, -100.4458825, 0.0)))",,,886598695608889345,https://twitter.com/clrson5/status/886598695608889345,en
PCSOLotteryDraw,2017-07-16 22:41,0,0,I added a video to a YouTube playlist MARAWI l DEATH TOLL RISES TO 537,,@,,886596772264595456,https://twitter.com/PCSOLotteryDraw/status/886596772264595456,en
inquirerdotnet,2017-07-16 22:38,8,8,ICYMI: Death came through a tiny hole in the wall Marawi,"(['Makati City'], Location((14.5591272, 121.0202094, 0.0)))",,#,886595898100285444,https://twitter.com/inquirerdotnet/status/886595898100285444,en
realnewsvideos,2017-07-16 22:36,0,0,Philippine army 'makes gains' Marawi Islamist battle,"(['bangalore'], Location((12.9791198, 77.5912997, 0.0)))",,# # #,886595286478409728,https://twitter.com/realnewsvideos/status/886595286478409728,en
chillae1,2017-07-16 22:29,0,0,On the ground in Marawi amid Duterte's battle against ISIS,,,#,886593664344100864,https://twitter.com/chillae1/status/886593664344100864,en
eTurboNews,2017-07-16 22:17,0,0,Philippines government cautions Marawi residents on early return,,,,886590667857833984,https://twitter.com/eTurboNews/status/886590667857833984,en
Qatar_Update,2017-07-16 22:10,0,0,Philippines government cautions Marawi residents on early return news,"(['Qatar'], Location((25.22803095, 55.1733279309, 0.0)))",,#,886588812620689408,https://twitter.com/Qatar_Update/status/886588812620689408,en
alexisbromero,2017-07-16 22:04,0,0,Marawi evacuees eager to return home told: Wait until clearing ops end PhilstarNews,"(['Manila'], Location((14.5906216, 120.9799696, 0.0)))",@,,886587293015752704,https://twitter.com/alexisbromero/status/886587293015752704,en
richardalbutra,2017-07-16 22:00,0,0,"PresiDigong, to end Marawi siege, it must be news blacked out.",,,,886586344260030468,https://twitter.com/richardalbutra/status/886586344260030468,en
PhilippinesIraq,2017-07-16 21:54,1,0,"Iraqi police officer expresses solidarity with Filipino troops in, says he will fight ISIS whether in Iraq or the","(['Baghdad'], Location((2.1565307, 42.1630707, 0.0)))",,#Marawi # # #,886584746284810240,https://twitter.com/PhilippinesIraq/status/886584746284810240,en
ContessaBourbon,2017-07-16 21:52,0,0,Foreign affairs memo I wrote ISIS in Marawi w comments fr PresTrump UKMay Rajoy Merkel Macron Trudeau Duterte Read NYT WSJ Wapo WatchTVnews,"(['New York'], Location((40.7306458, -73.9866136, 0.0)))",,,886584427450707968,https://twitter.com/ContessaBourbon/status/886584427450707968,en
Politiko_Ph,2017-07-16 21:51,0,0,Too risky to return: Palace urges Marawi residents to wait for conflict to end,,,,886583954416975876,https://twitter.com/Politiko_Ph/status/886583954416975876,en
PowlyyTop,2017-07-16 21:47,0,0,The collection of donations will start tom. until saturday only. Thank u and let's help the ppl of Marawi. photo crdts: justine adriano,"([""happy pill's""], Location((43.2626955, -2.9383063, 0.0)))",,,886583163568308224,https://twitter.com/PowlyyTop/status/886583163568308224,en
PowlyyTop,2017-07-16 21:45,12,7,RCYC is asking for your help for our brothers in Marawi who were victims of Marawi clash. Drop off areas will be clinic and SCL 302 ty,"([""happy pill's""], Location((43.2626955, -2.9383063, 0.0)))",@the,,886582507730214915,https://twitter.com/PowlyyTop/status/886582507730214915,en
pinoynewsonline,2017-07-16 21:45,0,0,MARAWI SIEGE LATEST SITUATION UPDATE JULY 9 2017 More on...,"(['Republic of the Philippines'], Location((12.7503486, 122.7312101, 0.0)))",,,886582501518520320,https://twitter.com/pinoynewsonline/status/886582501518520320,en
darwiiiiiiiiish,2017-07-16 21:32,0,2,when no one knows you're a Maranao in a class and some retard started talking about Marawi like it's the worst place in the Philippines.,,,,886579220914163712,https://twitter.com/darwiiiiiiiiish/status/886579220914163712,en
zyiteblog,2017-07-16 21:31,0,0,Marawi crisis may worsen – Ulama - The Manila Times Online,,,,886578952763998208,https://twitter.com/zyiteblog/status/886578952763998208,en
inquirer_libre,2017-07-16 21:30,0,0,Palace dissuades Marawi evacuees from returning home now,"(['Philippines'], Location((12.7503486, 122.7312101, 0.0)))",,,886578906597294081,https://twitter.com/inquirer_libre/status/886578906597294081,en
zyiteblog,2017-07-16 21:30,0,0,Marawi crisis may worsen – Ulama - MARAWI CITY: The Marawi crisis may worsen over reports that Maranaos displac... 8,,,,886578891468529664,https://twitter.com/zyiteblog/status/886578891468529664,en
FrankNally,2017-07-16 21:29,0,0,A Statement of the Bangon Marawi: Multi-sectoral Peace Conference,"(['Meath', ' Ireland'], Location((53.64978435, -6.58852949201, 0.0)))",,,886578588379734017,https://twitter.com/FrankNally/status/886578588379734017,en
philmonitor,2017-07-16 21:25,0,0,Drone to be used by local government to assess Marawi City damage - via philmonitor,"(['Republic of the Philippines'], Location((12.7503486, 122.7312101, 0.0)))",@,,886577426586902530,https://twitter.com/philmonitor/status/886577426586902530,en
reddit_exmuslim,2017-07-16 21:23,0,0,‘Islam real victim of Marawi siege’,,,,886577058079543296,https://twitter.com/reddit_exmuslim/status/886577058079543296,en
manilabulletin,2017-07-16 21:20,2,4,Children from Marawi undergo trauma therapy in Manila - Read: BeFullyInformed,"(['Manila', ' Philippines'], Location((14.5906216, 120.9799696, 0.0)))",,#,886576154932649984,https://twitter.com/manilabulletin/status/886576154932649984,en
OneMapua,2017-07-16 21:15,2,5,"If you have 30 minutes today, WATCH this! mukhatv Marawi Special: 'Di Ka Pasisiil (Never will be conquered)","(['Philippines'], Location((12.7503486, 122.7312101, 0.0)))",@,#,886574918846074880,https://twitter.com/OneMapua/status/886574918846074880,en
LaxmiTh58417421,2017-07-16 21:07,0,1,Hello,"(['Surat', ' India'], Location((21.1864607, 72.8081281, 0.0)))",,,886573036605976576,https://twitter.com/LaxmiTh58417421/status/886573036605976576,en
jessaacuna,2017-07-16 21:06,0,0,Day 72. WIP. prayformarawi pasalord watercolor gouachepainting landscape marawi gouache…,"(['Philippines'], Location((12.7503486, 122.7312101, 0.0)))",,# # # # # # #,886572627120328704,https://twitter.com/jessaacuna/status/886572627120328704,en
socialmediatbn,2017-07-16 21:02,0,0,Death toll in Marawi Muslim ISIS conflict in Philippines rises to,"(['Mumbai', ' Maharashtra'], Location((19.1334321, 72.8882172, 0.0)))",,# # # #,886571742185050112,https://twitter.com/socialmediatbn/status/886571742185050112,en
kamoljojoo111,2017-07-16 21:01,0,0,Death toll in Marawi conflict in Philippines rises to 537 CGTNOfficial,"(['Georgia', ' USA'], Location((32.3293809, -83.1137366, 0.0)))",,# #,886571602770628608,https://twitter.com/kamoljojoo111/status/886571602770628608,en
CGTNOfficial,2017-07-16 21:00,45,120,Death toll in Marawi conflict in Philippines rises to 537,"(['Beijing', ' China'], Location((39.9059631, 116.391248, 0.0)))",,# #,886571228403613697,https://twitter.com/CGTNOfficial/status/886571228403613697,en
GreenPizza1989,2017-07-16 20:58,0,1,Philippine army struggles to dislodge Maute fighters from Marawi via YouTube,"(['Aberdeen', ' Scotland'], Location((57.1482281, -2.0926781, 0.0)))",@,,886570776249413637,https://twitter.com/GreenPizza1989/status/886570776249413637,en
tapsnova,2017-07-16 20:50,0,0,I liked a YouTube video Death toll in Marawi conflict rises to 537,"(['FlatBUSH', ' New York'], Location((42.0153694, -73.9604141, 0.0)))",@,,886568795225165824,https://twitter.com/tapsnova/status/886568795225165824,en
DreiToledo,2017-07-16 20:50,0,0,REAL news from Marawi's Ground Zero by AndreVltchek TindogMarawi EndSensationalism InvestigativeJournalism Philippineshttps://,"(['Philippines'], Location((12.7503486, 122.7312101, 0.0)))",@,# # # # #,886568674580078593,https://twitter.com/DreiToledo/status/886568674580078593,en
philippinenews7,2017-07-16 20:46,0,0,"AFP: Troops gain more ground in Marawi, more Maute members killed","(['Philippines'], Location((12.7503486, 122.7312101, 0.0)))",,,886567824340258816,https://twitter.com/philippinenews7/status/886567824340258816,en
NAVillalino,2017-07-16 20:45,0,2,"Another fruitful weekend with my awesome friends. To Marawi from us, with love.","(['Cebu City', ' Central Visayas'], Location((10.3090298, 123.8930839, 0.0)))",,,886567513353367552,https://twitter.com/NAVillalino/status/886567513353367552,en
pinoymag15,2017-07-16 20:45,0,0,"BREAKING NEWS! MARAWI NEWS LATEST UPDATE AS OF JULY 16, 2017... WATCH and SHARE!",,,,886567508102307840,https://twitter.com/pinoymag15/status/886567508102307840,en
circleofblue,2017-07-16 20:41,1,0,Foreign aid rushes in to provide water and other amenities to people displaced by conflict in Marawi,"(['Global'], Location((43.7283874, -79.3491487932, 0.0)))",,#,886566341146267648,https://twitter.com/circleofblue/status/886566341146267648,en
TrendingNewsTV,2017-07-16 20:40,0,0,Death toll in Marawi conflict rises to 537 breaking news video world,"(['Metro Detroit', ' MI'], Location((14.4589892, 121.0085126, 0.0)))",,# # # #,886566187412447232,https://twitter.com/TrendingNewsTV/status/886566187412447232,en
rowenaparaan,2017-07-16 20:37,0,0,Marawi women are going home,"(['Philippines'], Location((12.7503486, 122.7312101, 0.0)))",,,886565389685186560,https://twitter.com/rowenaparaan/status/886565389685186560,en
coinsph,2017-07-16 20:34,5,4,Buy load or pay a bill to support Marawi. TogetherforMarawi Learn more about this initiative here:,"(['Philippines'], Location((12.7503486, 122.7312101, 0.0)))",,#,886564793011892224,https://twitter.com/coinsph/status/886564793011892224,en
lionfifa1,2017-07-16 20:32,0,0,Lionfifa1,"(['Muncie', ' IN'], Location((40.1936683, -85.3865114, 0.0)))",,,886564255608209408,https://twitter.com/lionfifa1/status/886564255608209408,en
anraeit,2017-07-16 20:32,0,0,Palace dissuades Marawi evacuees from returning home now,"(['Chisinau', ' Moldova'], Location((47.0122737, 28.8605936, 0.0)))",,,886564207247978496,https://twitter.com/anraeit/status/886564207247978496,en
PhilDefNews,2017-07-16 20:28,0,0,Good to see that our soldiers are still in very high morale even after months of heavy fighting in Marawi,"(['Manila', ' Philippines'], Location((14.5906216, 120.9799696, 0.0)))",,,886563217505361920,https://twitter.com/PhilDefNews/status/886563217505361920,en
PhilDefNews,2017-07-16 20:28,1,0,Military clears 60 more Maute strongholds in Marawi,"(['Manila', ' Philippines'], Location((14.5906216, 120.9799696, 0.0)))",,,886563084499800064,https://twitter.com/PhilDefNews/status/886563084499800064,en
randzsasharyan,2017-07-16 20:26,0,0,"Lord,May u guide the people behind this program bless them as they feed the people of Marawi In Jesus Name..Amen. ADNforMarawihttps://",,,#,886562599818584064,https://twitter.com/randzsasharyan/status/886562599818584064,en
HHHolorozzoHHH,2017-07-16 20:26,0,0,"Hi, how are you doing","(['Baltimore', ' Maryland City'], Location((39.2908816, -76.610759, 0.0)))",,,886562573637873664,https://twitter.com/HHHolorozzoHHH/status/886562573637873664,en
WGS_Watchman,2017-07-16 20:20,0,0,Updated: Philippines Marawi Crisis and the ISIS threat Casper JacksonHole Cheyenne Wyoming Billings Idaho,"(['West'], Location((0.5090396, 34.5731341, 0.0)))",,# # # # # #,886561076732710912,https://twitter.com/WGS_Watchman/status/886561076732710912,en
barnabychuck,2017-07-16 20:19,1,1,"W/ the brave men and women of TeamAFP , inside the war zone in Marawi , Philippines . My CGTNOfficial report:D8","(['Manila', ' Philippines'], Location((14.5906216, 120.9799696, 0.0)))",@ @,# #,886561002266939392,https://twitter.com/barnabychuck/status/886561002266939392,en
NMCgirl_baina,2017-07-16 20:10,0,0,Give a watch to this. Have your tissues on side. Win Marawi,,,#,886558761267077120,https://twitter.com/NMCgirl_baina/status/886558761267077120,en
johnpete1010,2017-07-16 20:05,2,0,On the ground in Marawi amid Duterte's battle against ISIS — RT Op-Edge,"(['World'], Location((32.8548259, -117.2041575, 0.0)))",,,886557439327338496,https://twitter.com/johnpete1010/status/886557439327338496,en
1MillionPHL,2017-07-16 20:04,0,0,The very latest news and videos updated every hour (Palace dissuades Marawi evacuees ...) has been published on,,,,886557052037758976,https://twitter.com/1MillionPHL/status/886557052037758976,en
PHLNewsOnline,2017-07-16 19:59,0,1,"[GMA News] AFP: Troops gain more ground in Marawi, more Maute members killed c","(['Philippines'], Location((12.7503486, 122.7312101, 0.0)))",,,886555830979526656,https://twitter.com/PHLNewsOnline/status/886555830979526656,en
pnp_sigmacapiz,2017-07-16 19:58,0,0,"PSINSP EFREN B YU-ING, OIC, encouraged the populace for voluntary Humanitarian Assistance for victims of Marawi Incident.",,,,886555550950932481,https://twitter.com/pnp_sigmacapiz/status/886555550950932481,en
IBBTTY,2017-07-16 19:54,0,0,Spare a few PHP20s from your earnings & support the advocacy for our Marawi brothers and sisters. check out:,,,,886554624714391553,https://twitter.com/IBBTTY/status/886554624714391553,en
Ivan226622,2017-07-16 19:54,0,0,On the ground in Marawi amid Duterte's battle against ISIS' (Op-Edge by AndreVltchek) …,,,# #,886554553780510724,https://twitter.com/Ivan226622/status/886554553780510724,en
DougPologe,2017-07-16 19:53,1,0,Mindanao: Armed Forces Philippines still trying to clear Marawi of jihadist fighters. This battle started on May 3.,"(['USA'], Location((39.7837304, -100.4458825, 0.0)))",,,886554284913041408,https://twitter.com/DougPologe/status/886554284913041408,en
NarrendraM,2017-07-16 19:50,0,0,On the ground in Marawi amid Duterte's battle against ISIS' (Op-Edge by AndreVltchek),"(['Mumbai', ' India'], Location((19.1334321, 72.8882172, 0.0)))",,# #,886553598091505665,https://twitter.com/NarrendraM/status/886553598091505665,en
mariinhonda,2017-07-16 19:49,0,3,"my father was a soldier and was assigned in mindanao when he was still in service, in back then it was alr hard to regulate shit in marawi +",,,,886553314405490689,https://twitter.com/mariinhonda/status/886553314405490689,en
oulosP,2017-07-16 19:48,7,4,"537 people in ISIS-contested Marawi, including 93 soldiers & policemen, have died according to the Armed Forces of the Philippines.","(['Esp\xc3\xadrito Santo', ' Brasil'], Location((-30.1501099, -51.2211468, 0.0)))",,# # #,886553022398181376,https://twitter.com/oulosP/status/886553022398181376,en
rjmenggay,2017-07-16 19:30,3,0,Not to mention ADN Marawi project. ALDUB2ndAnniversaryhttps://,,,#,886548711492337665,https://twitter.com/rjmenggay/status/886548711492337665,en
MCNM_Marketing,2017-07-16 19:26,0,0,Marawi evacuees eager to return home told: Wait until clearing ops end,"(['Las Vegas'], Location((36.1662859, -115.149225, 0.0)))",,,886547677235879936,https://twitter.com/MCNM_Marketing/status/886547677235879936,en
gmanews,2017-07-16 19:21,8,39,"AFP: Troops gain more ground in Marawi, more Maute members killed 9","(['Philippines'], Location((12.7503486, 122.7312101, 0.0)))",,,886546205047746560,https://twitter.com/gmanews/status/886546205047746560,en
gmanewsfacebook,2017-07-16 19:20,0,0,The Armed Forces of the Philippines said troops are gaining more ground in Marawi City as more members of the...,,,,886545994116063232,https://twitter.com/gmanewsfacebook/status/886545994116063232,en
itsgonzalesm,2017-07-16 19:15,0,1,"Darla, can you please tell Duterte to make patapon.x sa Marawi those ppl who keep bashing me. Like now na. Sige na Darla, Gooo.","(['Davao City', ' Philippines'], Location((7.22650725, 125.454887691, 0.0)))",,,886544726677114882,https://twitter.com/itsgonzalesm/status/886544726677114882,en
aangattayo,2017-07-16 19:14,0,0,"AANGAT TAYO NEWS Normalization of life in Marawi City will be enhanced by the quick resumption of classes,... ""","(['Republic of the Philippines'], Location((12.7503486, 122.7312101, 0.0)))",,,886544464725946368,https://twitter.com/aangattayo/status/886544464725946368,en
teddyboylocsin,2017-07-16 19:12,0,0,What happens if we don't destroy ISIS utterly in Marawi.,"(['Philippines'], Location((12.7503486, 122.7312101, 0.0)))",,,886544031022448641,https://twitter.com/teddyboylocsin/status/886544031022448641,en
cnnphilippines,2017-07-16 19:00,5,18,INSIDE MARAWI: Young Marawi evacuees get letters of hope |,,,,886541147090198529,https://twitter.com/cnnphilippines/status/886541147090198529,en
iamsheent,2017-07-16 19:00,0,1,praying for the safety of all the soldiers in Marawi.,"(['Philippines \xc2\xa0\xe2\x99\xa5'], Location((12.7503486, 122.7312101, 0.0)))",,,886541019545608192,https://twitter.com/iamsheent/status/886541019545608192,en
gaphspanimbang,2017-07-16 19:00,0,0,That our so-called local leaders could not even have their say about Marawi crisis was a crying shame,"(['Ditsaan-Ramain', ' LDS'], Location((7.9788768, 124.3516506, 0.0)))",,,886540972011642881,https://twitter.com/gaphspanimbang/status/886540972011642881,en
LOCALNEWSNgayon,2017-07-16 18:55,0,0,"AFP: Troops gain more ground in Marawi, more Maute members killed | Read: via GMA News","(['Philippines'], Location((12.7503486, 122.7312101, 0.0)))",,,886539792485408768,https://twitter.com/LOCALNEWSNgayon/status/886539792485408768,en
phildaily,2017-07-16 18:55,0,0,Palace dissuades Marawi evacuees from returning home now - 8,,,,886539679557976064,https://twitter.com/phildaily/status/886539679557976064,en
Dragonpay,2017-07-16 18:50,0,0,"Our partner, Coins.ph, is raising donations for Marawi. All proceeds will be sent to the Philippine Red Cross....","(['Philippines'], Location((12.7503486, 122.7312101, 0.0)))",,,886538512383827969,https://twitter.com/Dragonpay/status/886538512383827969,en
lanayzz,2017-07-16 18:44,0,1,"as a student, i can bring peace in marawi by helping in raising funds for those who are trapped there. in this way, i can show and spread -","(['wy@++'], Location((43.1700264, -107.5685348, 0.0)))",,,886536889485803525,https://twitter.com/lanayzz/status/886536889485803525,en
OyasIlano,2017-07-16 18:38,0,0,On the ground in Marawi amid Duterte's battle against ISIS by . AndreVltchek,,@,,886535548827037696,https://twitter.com/OyasIlano/status/886535548827037696,en
grandqueen1533,2017-07-16 18:37,0,0,"Taishou, are you ready for Marawi tomorrow?"" Suites,Iligan City ""","(['Manila'], Location((14.5906216, 120.9799696, 0.0)))",@Mahogany,#,886535161940193280,https://twitter.com/grandqueen1533/status/886535161940193280,en
innercourt_cy,2017-07-16 18:33,1,2,Another psychopath. Didn't even do anything to help Marawi.,"(['Baltimore MD'], Location((39.2908816, -76.610759, 0.0)))",,,886534350166208512,https://twitter.com/innercourt_cy/status/886534350166208512,en
cnnphilippines,2017-07-16 18:33,4,4,Palace: Better for evacuees to wait before returning to Marawi | 8,,,,886534337432141824,https://twitter.com/cnnphilippines/status/886534337432141824,en
bibmacasaet,2017-07-16 18:29,3,19,"Didn't go to Marawi cause it was raining? If you wanted to, nothing could have stopped you. Grow some balls, boy.",,,,886533288873021442,https://twitter.com/bibmacasaet/status/886533288873021442,en
inquirerdotnet,2017-07-16 18:29,3,5,Palace dissuades Marawi evacuees from returning home now | 10avendanoINQ D9,"(['Makati City'], Location((14.5591272, 121.0202094, 0.0)))",@,,886533167531929601,https://twitter.com/inquirerdotnet/status/886533167531929601,en
cnnphilippines,2017-07-16 18:28,1,0,Young Marawi evacuees get letters of hope | Newsroom Weekend InsideMarawi,,,#,886532975201890305,https://twitter.com/cnnphilippines/status/886532975201890305,en
MyRizalPH,2017-07-16 18:26,12,14,"Filipinos let's face it! OUR CIC is a damned COWARD! He wouldn't do ROTC, he won't go to Marawi, he can't stand up to China. SoAnoNa","(['Republic of the Philippines'], Location((12.7503486, 122.7312101, 0.0)))",,#,886532570883674113,https://twitter.com/MyRizalPH/status/886532570883674113,en
PHINewsNet2,2017-07-16 18:23,1,0,"Duterte welcomes US, China help vs militants in Marawi","(['Republic of the Philippines'], Location((12.7503486, 122.7312101, 0.0)))",,,886531693225558016,https://twitter.com/PHINewsNet2/status/886531693225558016,en
PHINewsNet2,2017-07-16 18:22,0,0,Stray bullet claims third victim in Marawi capitol compound,"(['Republic of the Philippines'], Location((12.7503486, 122.7312101, 0.0)))",,,886531488954540033,https://twitter.com/PHINewsNet2/status/886531488954540033,en
mariaressa,2017-07-16 18:21,1,4,MSU Marawi students graduate away from home via rapplerdotcomhttp://2cc,"(['Philippines'], Location((12.7503486, 122.7312101, 0.0)))",@,,886531332561526784,https://twitter.com/mariaressa/status/886531332561526784,en
mindanews2010,2017-07-16 18:15,1,0,REBUILDING MARAWI: A microcosm of our desired transformation of the country   1,,,,886529735777370112,https://twitter.com/mindanews2010/status/886529735777370112,en
nerowattz,2017-07-16 18:12,0,0,Palace dissuades Marawi evacuees from returning home now InquirerMobilehttp://,"(['Makati City'], Location((14.5591272, 121.0202094, 0.0)))",,,886528977531219970,https://twitter.com/nerowattz/status/886528977531219970,en
UAVDronePolicy,2017-07-16 18:08,0,0,Drone to assess Marawi damage -,"(['Worldwide'], Location((53.4573434, -2.22698994022, 0.0)))",,,886528076397502465,https://twitter.com/UAVDronePolicy/status/886528076397502465,en
melove_mylife,2017-07-16 18:06,0,0,Palace: Better for evacuees to wait before returning to Marawi | Newsroom Weekend — CNN Philippines (cnnphilippin…,,,,886527376523493376,https://twitter.com/melove_mylife/status/886527376523493376,en
cnnphilippines,2017-07-16 18:05,1,0,Palace: Better for evacuees to wait before returning to Marawi | Newsroom Weekend,,,,886527240090943488,https://twitter.com/cnnphilippines/status/886527240090943488,en
cnnphilippines,2017-07-16 18:04,0,1,AFP: No military clearance for evacuees to return to Marawi | Newsroom Weekend,,,,886527039095701504,https://twitter.com/cnnphilippines/status/886527039095701504,en
cnnphilippines,2017-07-16 18:03,0,1,Soldiers returning to Marawi after recovery from wounds | Newsroom Weekend,,,,886526649319038976,https://twitter.com/cnnphilippines/status/886526649319038976,en
OneMusicPH,2017-07-16 18:00,2,17,". ElhaNympha is set to showcase her vocal prowess on One Music Live presents: Awit Para Sa Marawi"" this Aug 6, 2017! """,,@,#,886525819945795584,https://twitter.com/OneMusicPH/status/886525819945795584,en
northbound_ph,2017-07-16 17:59,1,0,Maute death toll in ongoing Marawi clash now at 405 via northbound_ph,,@,,886525608389263362,https://twitter.com/northbound_ph/status/886525608389263362,en
Samemknox,2017-07-16 17:57,13,2,Thank you for all that you do for the children of Marawi. God Bless You! ADNforMARAWI ALDUB2ndAnniversary likha2017 OFCALDubKoTo,"(['California', ' USA'], Location((36.7014631, -118.7559974, 0.0)))",@ @,# #,886525127499829248,https://twitter.com/Samemknox/status/886525127499829248,en
fabio_polese,2017-07-16 17:36,0,0,CGTN goes inside the war zone in Marawi via YouTube Philippines Mindanao,"(['Perugia'], Location((43.1119613, 12.3890104, 0.0)))",@ @,# #,886519862524354560,https://twitter.com/fabio_polese/status/886519862524354560,en
ModernizePH,2017-07-16 17:35,0,0,Maute death toll in ongoing Marawi clash now at 405,"(['Republic of the Philippines'], Location((12.7503486, 122.7312101, 0.0)))",,,886519553374658560,https://twitter.com/ModernizePH/status/886519553374658560,en
GaspareStabile,2017-07-16 17:35,0,1,"Opinion: Mosul and Marawi, a Tale of Two Occupations","(['Lilibeo / Roma'], Location((41.9359854, 12.5336611, 0.0)))",,,886519551692812288,https://twitter.com/GaspareStabile/status/886519551692812288,en
denxoholic,2017-07-16 17:33,0,0,The latest Denxoholic Delightful Topics! marawi presidentduterte,,,# #,886519191959990272,https://twitter.com/denxoholic/status/886519191959990272,en
disasters_ph,2017-07-16 17:32,0,0,Marawi evacuees to get 2-week food supply from Armm -,,,,886518797150158849,https://twitter.com/disasters_ph/status/886518797150158849,en
MBFTWakefield,2017-07-16 17:28,0,0,manila_bulletin AFP says number of Maute Group terrorists killed in Marawi City now 405.,"(['Manila'], Location((14.5906216, 120.9799696, 0.0)))",@,,886517944339091457,https://twitter.com/MBFTWakefield/status/886517944339091457,en
urcpaGabE,2017-07-16 17:24,0,1,"For the Motherland, Philippines. I SupportOurTroops Marawi heroes Piñas, Philippines","(['Malate', ' Manila'], Location((14.568964, 120.991529, 0.0)))",@Las,# # #,886516979091296258,https://twitter.com/urcpaGabE/status/886516979091296258,en
PCSOLotteryDraw,2017-07-16 17:24,0,0,"I liked a YouTube video MARAWI CITY UPDATE JULY 16,2017",,@,,886516865660583936,https://twitter.com/PCSOLotteryDraw/status/886516865660583936,en
phildaily,2017-07-16 17:21,0,0,Palace: Still too risky to return to Marawi homes - GMA News,,,,886516135264473088,https://twitter.com/phildaily/status/886516135264473088,en
AndreVltchek,2017-07-16 17:20,27,24,RT just published my report with photos from the war zone in Marawi Mindanao Philippines .,"(['Internationalist'], Location((35.9110561, -79.0606956, 0.0)))",,# # # #,886515858394275840,https://twitter.com/AndreVltchek/status/886515858394275840,en
FPSPredatorsHA,2017-07-16 17:16,0,0,"Philippines Army,backed by airstrikes,are fighting less than 100 remaining Marawi militants,who are holding unspecified number of hostages",,,#,886514846606348289,https://twitter.com/FPSPredatorsHA/status/886514846606348289,en
PCSOLotteryDraw,2017-07-16 17:16,0,0,"MARAWI UPDATE l JULY 16, 2017: via YouTube",,@,,886514827908218880,https://twitter.com/PCSOLotteryDraw/status/886514827908218880,en
PCSOLotteryDraw,2017-07-16 17:16,0,0,"I added a video to a YouTube playlist MARAWI UPDATE l JULY 16, 2017",,@,,886514812431343616,https://twitter.com/PCSOLotteryDraw/status/886514812431343616,en
zyiteblog,2017-07-16 17:15,0,0,Marawi evacuees eager to return home told: Wait until clearing ops end,,,,886514675038519296,https://twitter.com/zyiteblog/status/886514675038519296,en
philmonitor,2017-07-16 17:14,0,0,Marawi mom prays she’d find her four missing kids alive … or their remains - via,"(['Republic of the Philippines'], Location((12.7503486, 122.7312101, 0.0)))",@,,886514342920900608,https://twitter.com/philmonitor/status/886514342920900608,en
TweetsPilipinas,2017-07-16 17:11,0,0,The latest Tweets Pilipinas! (News & Media Orgs)! befullyinformed marawi,,,# #,886513506497044480,https://twitter.com/TweetsPilipinas/status/886513506497044480,en
raneenbukhari,2017-07-16 17:09,0,0,My colleague is stuck in Marawi because ISIS. Terrifying,,,,886513153772748800,https://twitter.com/raneenbukhari/status/886513153772748800,en
1MillionPHL,2017-07-16 17:03,0,0,The very latest news and videos updated every hour (Marawi evacuees eager to return ...) has been published on,,,,886511648080449536,https://twitter.com/1MillionPHL/status/886511648080449536,en
dumaropnp,2017-07-16 17:01,0,0,pnp_capiz pnp_region6 “Even the smallest tender mercy can bring peace when recognized and appreciated. HUMANITARIAN ASSISTANCE MARAWI. D,,@ @,,886511167933300736,https://twitter.com/dumaropnp/status/886511167933300736,en
JohnLester,2017-07-16 17:01,0,0,"Don’t ‘Occupy Marawi’ yet, Lanao women told | Inquirer News",,,,886511131648458752,https://twitter.com/JohnLester/status/886511131648458752,en
YazdJBilimoria,2017-07-16 16:59,0,0,Muslim ID proposal sparks anger in Philippines Marawi,"(['Mumbai'], Location((19.1334321, 72.8882172, 0.0)))",,,886510479698530304,https://twitter.com/YazdJBilimoria/status/886510479698530304,en
JohnLester,2017-07-16 16:58,0,0,Palace to Marawi residents: Danger in the city still high | SunStar,,,,886510355073167360,https://twitter.com/JohnLester/status/886510355073167360,en
MaoistCats,2017-07-16 16:57,1,7,"Scary but expected: Duterte thanks Superpowers"" (re: aid for Marawi clash) [Manila Bulletin, July 16, 2017]""",,,,886510159987490816,https://twitter.com/MaoistCats/status/886510159987490816,en
JOKER1112,2017-07-16 16:54,0,0,I liked a YouTube video CGTN goes inside the war zone in Marawi,,@,,886509271348912128,https://twitter.com/JOKER1112/status/886509271348912128,en
MiguelGeroche,2017-07-16 16:54,0,0,Duterte forms ‘Bangon Marawi’ task force - The Manila Times Online BangonMarawihttp://,"(['Pilipinas'], Location((12.7503486, 122.7312101, 0.0)))",,#,886509269943635968,https://twitter.com/MiguelGeroche/status/886509269943635968,en
jedqcepe,2017-07-16 16:53,0,0,"Duterte acknowledges US, China aid in Marawi siege",,,,886509126179618817,https://twitter.com/jedqcepe/status/886509126179618817,en
onlygel002,2017-07-16 16:47,0,1,Indak para sa Marawi:Dance Class for a cause. Choreo by Coach Race of Moving Colors. Thanks…,"(['Qatar'], Location((25.22803095, 55.1733279309, 0.0)))",,,886507639810772993,https://twitter.com/onlygel002/status/886507639810772993,en
CFAyeng,2017-07-16 16:47,0,0,The latest The Philippines Today! befullyinformed marawi,,,# #,886507521644670976,https://twitter.com/CFAyeng/status/886507521644670976,en
gmanews,2017-07-16 16:46,1,10,Marawi commanders vulnerable if ex-PNoy charged over Mamasapano incident —Trillanes,"(['Philippines'], Location((12.7503486, 122.7312101, 0.0)))",,,886507196560941056,https://twitter.com/gmanews/status/886507196560941056,en
hayeerah98,2017-07-16 16:44,0,0,To all of the people from Marawi:,"(['Philippines'], Location((12.7503486, 122.7312101, 0.0)))",,,886506879043510272,https://twitter.com/hayeerah98/status/886506879043510272,en
j_mreyes,2017-07-16 16:41,1,0,"Spox Abella says danger and risks... still remain high"" in Marawi City after sev civilians plan return to city later in July Malaya_Online""",,@,,886506180998082561,https://twitter.com/j_mreyes/status/886506180998082561,en
ManilaRR,2017-07-16 16:41,0,0,IBP launches free legal aid program for Marawi folk c,,,,886505972876922881,https://twitter.com/ManilaRR/status/886505972876922881,en
gmanews,2017-07-16 16:40,2,16,Palace: Still too risky to return to Marawi homes,"(['Philippines'], Location((12.7503486, 122.7312101, 0.0)))",,,886505706584592385,https://twitter.com/gmanews/status/886505706584592385,en
PHLNewsOnline,2017-07-16 16:39,0,0,[GMA News] Palace: Still too risky to return to Marawi homes,"(['Philippines'], Location((12.7503486, 122.7312101, 0.0)))",,,886505460932759552,https://twitter.com/PHLNewsOnline/status/886505460932759552,en
Milestone092582,2017-07-16 16:38,0,0,"CBCP Statement on Marawi, Terrorism and Dialogue",,,,886505384709545985,https://twitter.com/Milestone092582/status/886505384709545985,en
MENA_OwenCarter,2017-07-16 16:38,0,0,"Marawi is another victory for ISIS, they will be able to establish themselves deep into Mindanao.","(['Washington', ' DC'], Location((38.8949549, -77.0366456, 0.0)))",,,886505325154586625,https://twitter.com/MENA_OwenCarter/status/886505325154586625,en
gmanewsfacebook,2017-07-16 16:38,0,0,Malacañang said areas in Marawi City that have been recovered by troops from the Maute group are still not safe...,,,,886505324525441027,https://twitter.com/gmanewsfacebook/status/886505324525441027,en
SaladinAlDronni,2017-07-16 16:35,10,3,Marawi airstrikes to continue despite accident,,,#,886504433210851333,https://twitter.com/SaladinAlDronni/status/886504433210851333,en
cnnphilippines,2017-07-16 16:33,7,27,Soldiers returning to Marawi after recovery from wounds |,,,,886504099558039554,https://twitter.com/cnnphilippines/status/886504099558039554,en
wretchardthecat,2017-07-16 16:31,1,3,The Battle for Marawi 2017 has now gone one twice as long as The Battle for Manila 1945,,,,886503555372167168,https://twitter.com/wretchardthecat/status/886503555372167168,en
romerojo7,2017-07-16 16:31,0,2,Prisoners bolting out of jail or purposely being set free to join Mautes?They did it first in Marawi.,,,,886503448425791488,https://twitter.com/romerojo7/status/886503448425791488,en
LOCALNEWSNgayon,2017-07-16 16:30,0,0,Palace: Still too risky to return to Marawi homes | Read: via GMA News,"(['Philippines'], Location((12.7503486, 122.7312101, 0.0)))",,,886503397540626432,https://twitter.com/LOCALNEWSNgayon/status/886503397540626432,en
SeanDavisWTTV,2017-07-16 16:29,0,0,I added a video to a YouTube playlist Philippines: Army patrols Marawi as battle continues against militants,"(['Sydney Australia'], Location((-33.8548157, 151.2164539, 0.0)))",@,,886503049568686084,https://twitter.com/SeanDavisWTTV/status/886503049568686084,en
CCTV_Plus,2017-07-16 16:19,0,1,PhilippineArmy continues battle in Marawi with IS-allied militants.,"(['CHINA'], Location((25.4915799, -98.9811115046, 0.0)))",,# #,886500507740536832,https://twitter.com/CCTV_Plus/status/886500507740536832,en
mindanews2010,2017-07-16 16:08,0,0,Marawi mom prays she’d find her four missing kids alive … or their remains,,,,886497647636262912,https://twitter.com/mindanews2010/status/886497647636262912,en
ilovephilippin3,2017-07-16 16:06,0,0,Marawi commanders vulnerable if ex-PNoy charged over Mamasapano incident --Trillanes,,,,886497302013124608,https://twitter.com/ilovephilippin3/status/886497302013124608,en
yusufledesma,2017-07-16 16:05,1,0,Baker abducted by Maute group found dead in Marawi river,"(['Manila'], Location((14.5906216, 120.9799696, 0.0)))",,,886496935783170050,https://twitter.com/yusufledesma/status/886496935783170050,en
KRYONart,2017-07-16 16:01,0,0,With the conflict in Marawi and with the many displaced youth I hope some of the fansites in PH.... Nevermind,,,,886495905699971072,https://twitter.com/KRYONart/status/886495905699971072,en
romerojo7,2017-07-16 15:58,0,0,"Experts worry Marawi siege can negatively affect new BBL PhilstarNews Experts advising Ph leaders,still no peace.",,@,,886495224586829824,https://twitter.com/romerojo7/status/886495224586829824,en
cjmagpayo,2017-07-16 15:56,0,1,still praying for the safety of the people in Marawi,,,,886494846575271938,https://twitter.com/cjmagpayo/status/886494846575271938,en
TarlacPclo,2017-07-16 15:47,0,0,TPCLO pers conducted prayer particularly 4 Marawi City n support 2 D activity of PNP Chaplain Service CLpsmu rclo_three,,@ @ @,,886492371168280576,https://twitter.com/TarlacPclo/status/886492371168280576,en
MCNM_Marketing,2017-07-16 15:44,0,0,Experts worry Marawi siege can negatively affect new BBL,"(['Las Vegas'], Location((36.1662859, -115.149225, 0.0)))",,,886491644375248896,https://twitter.com/MCNM_Marketing/status/886491644375248896,en
PhilippinePolRR,2017-07-16 15:44,0,1,Experts worry marawi siege can negatively affect new bbl,,,,886491624129400832,https://twitter.com/PhilippinePolRR/status/886491624129400832,en
slstrategiesusa,2017-07-16 15:43,0,0,"Battle of Marawi <- Math Problem: 500 militant, 300 left & attacked other city, 399 killed?","(['United States'], Location((39.7837304, -100.4458825, 0.0)))",,,886491451806187520,https://twitter.com/slstrategiesusa/status/886491451806187520,en
dereqcacdac,2017-07-16 15:41,0,0,For our Brave Soldiers in Marawi Air Base,,@Villamor,,886491016722866176,https://twitter.com/dereqcacdac/status/886491016722866176,en
TeamAmbassadors,2017-07-16 15:39,32,10,"This is conducted by sevensivin to children displaced from Marawi to Brgy. Uno, Muslim Village, Malaybalay Bukidnon ALDUB2ndAnniversary","(['EMBASSY!'], Location((-35.31342945, 149.106990877, 0.0)))",@,#,886490385358364672,https://twitter.com/TeamAmbassadors/status/886490385358364672,en
jcmaningat,2017-07-16 15:35,0,0,The latest The Politweetcal Daily! marawi presidentduterte,"(['Quezon City'], Location((14.6509905, 121.0486155, 0.0)))",,# #,886489419368333313,https://twitter.com/jcmaningat/status/886489419368333313,en
yusufledesma,2017-07-16 15:28,0,2,AFP respects Muslim leaders’ remarks on Marawi operations,"(['Manila'], Location((14.5906216, 120.9799696, 0.0)))",,,886487574096650240,https://twitter.com/yusufledesma/status/886487574096650240,en
yusufledesma,2017-07-16 15:25,3,1,Experts worry Marawi siege can negatively affect new BBL,"(['Manila'], Location((14.5906216, 120.9799696, 0.0)))",,,886486985002459136,https://twitter.com/yusufledesma/status/886486985002459136,en
barnabychuck,2017-07-16 15:23,1,0,How is Philippines military engaging ISIS -allied militants in Marawi? Inside the war zone on CGTNOfficial :D8,"(['Manila', ' Philippines'], Location((14.5906216, 120.9799696, 0.0)))",@,# # #,886486498299662336,https://twitter.com/barnabychuck/status/886486498299662336,en
TrendingNewsTV,2017-07-16 15:20,0,0,Philippine military official: Marawi siege to go beyond martial law period breaking news video world,"(['Metro Detroit', ' MI'], Location((14.4589892, 121.0085126, 0.0)))",,# # # #,886485728779227137,https://twitter.com/TrendingNewsTV/status/886485728779227137,en
paylaga,2017-07-16 15:20,0,0,The men behind the Marawi siege via ChannelNewsAsia,"(['Philippines'], Location((12.7503486, 122.7312101, 0.0)))",@,,886485695824412672,https://twitter.com/paylaga/status/886485695824412672,en
joshua13979289,2017-07-16 15:19,1,0,Marawi city,,,,886485482485547008,https://twitter.com/joshua13979289/status/886485482485547008,en
jheffdeleon,2017-07-16 15:13,0,0,I added a video to a YouTube playlist Philippine military official: Marawi siege to go beyond martial law,,@,,886483940382527492,https://twitter.com/jheffdeleon/status/886483940382527492,en
iZuesLightning,2017-07-16 15:09,0,0,Tell that to Raisa Robles... please tell her to attend banquet in marawi...,,,,886482906331308032,https://twitter.com/iZuesLightning/status/886482906331308032,en
c_erlito,2017-07-16 14:54,0,0,Hope Marawi City conflict will end soon...,,,,886479198717566976,https://twitter.com/c_erlito/status/886479198717566976,en
davidyusantos,2017-07-16 14:48,0,2,"As fighting in Marawi enters its 55th day, the military says the number of soldiers killed now at 97","(['Manila'], Location((14.5906216, 120.9799696, 0.0)))",,,886477641364025345,https://twitter.com/davidyusantos/status/886477641364025345,en
Suzanna_danna,2017-07-16 14:44,0,0,Death toll in ongoing Marawi conflict in southern Philippines rises to 537 - Xinhua |,"(['Indiana'], Location((40.3270127, -86.1746933, 0.0)))",,,886476602565156864,https://twitter.com/Suzanna_danna/status/886476602565156864,en
dzmmPatrol44,2017-07-16 14:43,0,0,Day 55 Rebellion in Marawi Enemy killed: 405 (+6) Civ killed: 45 (No Change) Killed in action Afp/Pnp: 95 (+2) Total: 545 By : Col Arevalo,,,,886476415666798592,https://twitter.com/dzmmPatrol44/status/886476415666798592,en
BPIARMM,2017-07-16 14:40,0,0,"Creation of ARMM Internal Task Force for the Recovery, Reconstruction and Rehabilitation of Marawi City and other...",,,,886475557982089216,https://twitter.com/BPIARMM/status/886475557982089216,en
bethfrondoso,2017-07-16 14:38,0,1,MSU Marawi students graduate away from home via rapplerdotcomhttp://,,@,,886475220432822272,https://twitter.com/bethfrondoso/status/886475220432822272,en
rupertambil,2017-07-16 14:38,0,1,MSU Marawi students graduate away from home via rapplerdotcom,"(['Philippines'], Location((12.7503486, 122.7312101, 0.0)))",@,,886475052622823424,https://twitter.com/rupertambil/status/886475052622823424,en
AmirahLidasan,2017-07-16 14:26,8,7,Maranao bakwits rise up and fight back through Tindeg Ranao! - a newly formed group of victims of humanitarian crisis in Marawi City.,,,,886472019943972864,https://twitter.com/AmirahLidasan/status/886472019943972864,en
acpadilla82,2017-07-16 14:23,0,0,Experts tackle how Marawi siege can negatively affect new BBL PhilippineStarphilippinesta…,"(['1 Commonwealth Ln', ' Singapore 149544'], Location((1.3047676, 103.7962879, 0.0)))",,,886471241141538816,https://twitter.com/acpadilla82/status/886471241141538816,en
johnnyhosg,2017-07-16 14:22,0,0,A SLOW HOUSE TO HOUSE SEARCH TO DESTROY ISIL CONTINUE IN MARAWI PHILIPPINES,"(['Singapore'], Location((1.2904753, 103.8520359, 0.0)))",,# # #,886471031170387969,https://twitter.com/johnnyhosg/status/886471031170387969,en
AmirahLidasan,2017-07-16 14:21,1,3,Maranao bakwits form Tindeg Ranao! (Rise Up Ranao!) in Iligan City today callinf for a stop to aerial bombardement in Marawi and Martial Law c,,,,886470817126563841,https://twitter.com/AmirahLidasan/status/886470817126563841,en
PhilippineStar,2017-07-16 14:20,2,1,Experts tackle how Marawi siege can negatively affect new BBL,"(['Philippines'], Location((12.7503486, 122.7312101, 0.0)))",,,886470453983891456,https://twitter.com/PhilippineStar/status/886470453983891456,en
ANCALERTS,2017-07-16 14:15,4,7,Palace: Still risky for residents to return to Marawi,"(['Philippines'], Location((12.7503486, 122.7312101, 0.0)))",,,886469195642351617,https://twitter.com/ANCALERTS/status/886469195642351617,en
Ivan226622,2017-07-16 14:07,0,0,"Palace: Still risky for residents to return to Marawi — ABS-CBN News (ABSCBNNews) July 16, 2017",,,,886467269831909376,https://twitter.com/Ivan226622/status/886467269831909376,en
LFSNMR,2017-07-16 14:07,0,0,"More than a hundred Maranao victims of forced evacuations due to military airstrikes in Marawi City and... ""","(['Cagayan De Oro City'], Location((8.42980265, 124.682410212, 0.0)))",,,886467218653024257,https://twitter.com/LFSNMR/status/886467218653024257,en
1MillionPHL,2017-07-16 14:01,0,0,The very latest news and videos updated every hour (Experts worry Marawi siege can ...) has been published on,,,,886465815255449600,https://twitter.com/1MillionPHL/status/886465815255449600,en
JoelYuvienco,2017-07-16 14:01,0,0,The latest The Joel Yuvienco Daily! d23expo marawi,"(['Manila'], Location((14.5906216, 120.9799696, 0.0)))",,# #,886465713946464256,https://twitter.com/JoelYuvienco/status/886465713946464256,en
TheLANCELetran,2017-07-16 13:53,1,2,READ: The Palace's statement on Occupy Marawi. | via cnnphilippines,"(['Intramuros'], Location((14.5905862, 120.97533, 0.0)))",@,#,886463878564950017,https://twitter.com/TheLANCELetran/status/886463878564950017,en
PHHotTrends,2017-07-16 13:53,0,0,Palace to Marawi residents who want to return home: Wait for the end of hostilities | via alexisbromero,"(['Manila City'], Location((14.5906216, 120.9799696, 0.0)))",,,886463713448005635,https://twitter.com/PHHotTrends/status/886463713448005635,en
acpadilla82,2017-07-16 13:48,0,0,Palace to Marawi residents who want to return home: Wait for the end of hostilities | alexisbromerort …,"(['1 Commonwealth Ln', ' Singapore 149544'], Location((1.3047676, 103.7962879, 0.0)))",@PhilippineStarphilippinestar,,886462508688707584,https://twitter.com/acpadilla82/status/886462508688707584,en
PhilippineStar,2017-07-16 13:45,0,1,Palace to Marawi residents who want to return home: Wait for the end of hostilities | alexisbromero,"(['Philippines'], Location((12.7503486, 122.7312101, 0.0)))",@,,886461856478408704,https://twitter.com/PhilippineStar/status/886461856478408704,en
alexisbromero,2017-07-16 13:44,0,0,Palace to Marawi residents who want to return home: Wait for the end of hostilities PhilippineStar PhilippineStar,"(['Manila'], Location((14.5906216, 120.9799696, 0.0)))",@ @,,886461638773166080,https://twitter.com/alexisbromero/status/886461638773166080,en
pogiboy888,2017-07-16 13:43,0,3,Well duterte is more important than you jim. If you in marawi it would just be another regular day. If duterte dies 16m filipinos wud mourn.,,,,886461274300620803,https://twitter.com/pogiboy888/status/886461274300620803,en
cnnphilippines,2017-07-16 13:42,16,19,READ: The Palace's statement on Occupy Marawi,,,,886461005236129792,https://twitter.com/cnnphilippines/status/886461005236129792,en
LilyT32,2017-07-16 13:41,0,0,Philippines: DSWD receives P1M cash donation from Comelec for Marawi crisis IDPs humanitarian newzealand,"(['New Zealand'], Location((-41.5000831, 172.8344077, 0.0)))",,# # #,886460744723828736,https://twitter.com/LilyT32/status/886460744723828736,en
GlobalProdRview,2017-07-16 13:40,0,0,Drone to assess Marawi damage – ,"(['Reno Nevada'], Location((39.52927, -119.8136744, 0.0)))",,,886460412526505984,https://twitter.com/GlobalProdRview/status/886460412526505984,en
PTVph,2017-07-16 13:38,3,4,READ: Presidential Spokesperson Ernie Abella on Occupy Marawi,"(['Philippines'], Location((12.7503486, 122.7312101, 0.0)))",,,886459959046578176,https://twitter.com/PTVph/status/886459959046578176,en
IvanC137,2017-07-16 13:35,0,0,"After Marawi, I hope this would be part of the training of our AFP.",,,,886459325115269120,https://twitter.com/IvanC137/status/886459325115269120,en
JegoRagragio,2017-07-16 13:34,2,1,- drug-related killings - conspicuous prolonged absences - state of health - blatant bayad-utang appointments - refusal to enter Marawi,"(['Quezon City'], Location((14.6509905, 121.0486155, 0.0)))",,,886458919601676288,https://twitter.com/JegoRagragio/status/886458919601676288,en
PHHotTrends,2017-07-16 13:28,0,0,Some peace activists are worried the Marawi siege will affect the enactment into law of the reformatted draft BBL,"(['Manila City'], Location((14.5906216, 120.9799696, 0.0)))",,,886457484365443072,https://twitter.com/PHHotTrends/status/886457484365443072,en
MarilynMagno6,2017-07-16 13:15,3,1,Proud to be part of this family ADN Feeding with kids in Marawi wow only ALDUB fandom a lot's of Charity works. ALDUB2ndAnniversary u,"(['Doha', ' Qatar'], Location((25.3014957, 51.4996673988, 0.0)))",,#,886454120445394944,https://twitter.com/MarilynMagno6/status/886454120445394944,en
deanjorgebocobo,2017-07-16 13:12,0,0,It'll be interesting how the admin spins Marawi for the SONA in a little over a week.,"(['Philippines'], Location((12.7503486, 122.7312101, 0.0)))",,#,886453585696837633,https://twitter.com/deanjorgebocobo/status/886453585696837633,en
openomroep,2017-07-16 13:05,0,0,DEATH TOLL Death toll in ongoing Marawi conflict in southern Philippines rises to 537 - Xinhua: Xinhua Death…,"(['EUROPA'], Location((51.0, 10.0, 0.0)))",,# #,886451745911709696,https://twitter.com/openomroep/status/886451745911709696,en
bobbit2266,2017-07-16 13:03,0,0,"ILIGAN CITY - The man recovered last Friday from Brgy Rurugagos, Marawi was identified by his family as 20yo Aljohn Yana, a baker. gmanews …",,,,886451207996403712,https://twitter.com/bobbit2266/status/886451207996403712,en
PHPrimeMinister,2017-07-16 13:02,0,0,8 years in the making ang Marawi siege. It took 3 Presidents before it happened. It's like remembering Clinton failing to stop Bin Laden.,,,,886450978735640577,https://twitter.com/PHPrimeMinister/status/886450978735640577,en
PHLNewsOnline,2017-07-16 12:54,0,0,[GMA News] AFP respects Muslim leaders' remarks on Marawi operations,"(['Philippines'], Location((12.7503486, 122.7312101, 0.0)))",,,886448991772258304,https://twitter.com/PHLNewsOnline/status/886448991772258304,en
manilabulletin,2017-07-16 12:53,1,0,Danger and risks posed by explosives in Marawi still remain high - Abella | GenKabiling,"(['Manila', ' Philippines'], Location((14.5906216, 120.9799696, 0.0)))",@,,886448800167976961,https://twitter.com/manilabulletin/status/886448800167976961,en
manilabulletin,2017-07-16 12:53,2,1,"Abella says clearing of Marawi of IEDs, boobytraps left by terrorists, unexploded ordnance is still ongoing | GenKabiling","(['Manila', ' Philippines'], Location((14.5906216, 120.9799696, 0.0)))",@,,886448765803966464,https://twitter.com/manilabulletin/status/886448765803966464,en
GenKabiling,2017-07-16 12:53,0,0,Danger and risks posed by explosives in Marawi still remain high - Abella manila_bulletin,,@,,886448622757322752,https://twitter.com/GenKabiling/status/886448622757322752,en
GenKabiling,2017-07-16 12:51,0,0,"Abella says clearing of Marawi of IEDs, boobytraps left by terrorists, unexploded ordnance is still ongoing manila_bulletin",,@,,886448096200105985,https://twitter.com/GenKabiling/status/886448096200105985,en
manilabulletin,2017-07-16 12:50,0,0,Incidents of cases of stray bullet victims have been reported in Marawi - Abella | GenKabiling,"(['Manila', ' Philippines'], Location((14.5906216, 120.9799696, 0.0)))",@,,886447874929602561,https://twitter.com/manilabulletin/status/886447874929602561,en
GenKabiling,2017-07-16 12:50,0,0,Incidents of cases of stray bullet victims have been reported in Marawi - Abella manila_bulletin,,@,,886447813449572352,https://twitter.com/GenKabiling/status/886447813449572352,en
manilabulletin,2017-07-16 12:49,0,1,No assurance yet that areas outside Marawi battle zone are safe to reside - Abella | GenKabiling,"(['Manila', ' Philippines'], Location((14.5906216, 120.9799696, 0.0)))",@,,886447728636579841,https://twitter.com/manilabulletin/status/886447728636579841,en
GenKabiling,2017-07-16 12:49,0,0,No assurance yet that areas outside Marawi battle zone are safe to reside - Abella manila_bulletin,,@,,886447668129447936,https://twitter.com/GenKabiling/status/886447668129447936,en
manilabulletin,2017-07-16 12:49,4,4,Malacañang urges Marawi residents not to return to homes until end of hostilities and completion of clearing operations | GenKabiling,"(['Manila', ' Philippines'], Location((14.5906216, 120.9799696, 0.0)))",@,,886447564400115712,https://twitter.com/manilabulletin/status/886447564400115712,en
QLardy,2017-07-16 12:48,0,2,"Correct. Just recalled their side's taga-Marawi ka ba?"" deflection.""","(['Malolos'], Location((14.843759, 120.8113694, 0.0)))",,,886447473916485632,https://twitter.com/QLardy/status/886447473916485632,en
GenKabiling,2017-07-16 12:47,0,0,Malacañang urges Marawi residents not to return to homes until end of hostilities and completion of clearing operations manila_bulletin,,@,,886447219087335424,https://twitter.com/GenKabiling/status/886447219087335424,en
sammmycute1,2017-07-16 12:46,0,1,pray for marawi,,,,886446901037367296,https://twitter.com/sammmycute1/status/886446901037367296,en
victoriatulad,2017-07-16 12:45,8,20,"ILIGAN CITY - The man recovered last Friday from Brgy Rurugagos, Marawi was identified by his family as 20yo Aljohn Yana, a baker.",,@,,886446630156632064,https://twitter.com/victoriatulad/status/886446630156632064,en
pinoynewsonline,2017-07-16 12:45,0,0,"PRESS BRIEFING MARAWI CITY NEWS UPDATES | MINDANAOHOUR | JULY 7, 2017 More on... c","(['Republic of the Philippines'], Location((12.7503486, 122.7312101, 0.0)))",,,886446590214283264,https://twitter.com/pinoynewsonline/status/886446590214283264,en
MarilynMagno6,2017-07-16 12:43,20,2,Proud and thank you all ADN family Feeding program sila sa marawi today. ALDUB2ndAnniversary God bless this fandom.,"(['Doha', ' Qatar'], Location((25.3014957, 51.4996673988, 0.0)))",,#,886446223393042432,https://twitter.com/MarilynMagno6/status/886446223393042432,en
ANCALERTS,2017-07-16 12:41,1,5,Only 60 members of Maute group remain in Marawi. MarawiClash,"(['Philippines'], Location((12.7503486, 122.7312101, 0.0)))",,#,886445550446362624,https://twitter.com/ANCALERTS/status/886445550446362624,en
rosemariedcapag,2017-07-16 12:30,0,0,Marawi crisis far from over -- From Journal PH,"(['Philippines'], Location((12.7503486, 122.7312101, 0.0)))",,,886442821598629889,https://twitter.com/rosemariedcapag/status/886442821598629889,en
zenszei,2017-07-16 12:26,2,8,"Not being allowed to retrieve or bury their dead in Marawi, Human Rights violation na agad? What if a sniper bullet will kill you?",,,,886441851019972608,https://twitter.com/zenszei/status/886441851019972608,en
ManejaCyrellmia,2017-07-16 12:26,0,1,Monday July 17 GYMNASTIC a prayer rally for MARAWI CITYí ½í¸í ½í¸í ½í¸¢í ½í¸¢,,@MABINI,,886441765376360452,https://twitter.com/ManejaCyrellmia/status/886441765376360452,en
politikovismin,2017-07-16 12:22,3,1,"Honeylet Avancena, Mother Ricky Reyes joins forces for Marawi",,,,886440813869137920,https://twitter.com/politikovismin/status/886440813869137920,en
klvlly,2017-07-16 12:20,0,0,"He said that if singles are desparate, especially if they're already old, they should go to marawi or tacloban bc there're alot of widowers",,,,886440472658403332,https://twitter.com/klvlly/status/886440472658403332,en
Bravo_Curt,2017-07-16 12:17,0,0,Food aid for pets in Marawi City.,"(['Philippines'], Location((12.7503486, 122.7312101, 0.0)))",,,886439645994786818,https://twitter.com/Bravo_Curt/status/886439645994786818,en
ANCALERTS,2017-07-16 12:17,0,6,ON THE PHONE: rongagalac gives updates on the Marawi siege.,"(['Philippines'], Location((12.7503486, 122.7312101, 0.0)))",@,,886439506856951809,https://twitter.com/ANCALERTS/status/886439506856951809,en
iheartGEM,2017-07-16 12:13,0,0,The latest The Pages Flipper Daily! d23expo marawi,"(['Davao Region', ' Republic of the'], Location((7.0645241, 125.6084143, 0.0)))",,# #,886438668780675072,https://twitter.com/iheartGEM/status/886438668780675072,en
itsforhome,2017-07-16 12:12,0,0,WindEnergy: Solon wants P200 M to rebuild Marawi national high school ...,"(['Boulder CO'], Location((40.102555, -105.3632079, 0.0)))",,#,886438465411231744,https://twitter.com/itsforhome/status/886438465411231744,en
KimIndar,2017-07-16 12:09,0,6,ATM - Entering Marawi. C,"(['Greenhills', ' San Juan', ' PH'], Location((39.268113, -84.5229999, 0.0)))",,,886437580761321472,https://twitter.com/KimIndar/status/886437580761321472,en
Duterte24x7,2017-07-16 12:06,1,2,"Duterte acknowledges US, China aid in Marawi siege | ProtectPPRD","(['Republic of the Philippines'], Location((12.7503486, 122.7312101, 0.0)))",,#,886436979688095748,https://twitter.com/Duterte24x7/status/886436979688095748,en
violandandan,2017-07-16 12:05,0,0,Dad's going to marawi,"(['Davao'], Location((7.0645241, 125.6084143, 0.0)))",,,886436661831155712,https://twitter.com/violandandan/status/886436661831155712,en
BenHattonCal,2017-07-16 12:04,0,0,"Marawi Crisis: Islamic State in the Philippines - Foreign Brief blames past occupiers for Islamic insurgents,yikes","(['Santa Maria', ' CA'], Location((-29.6860512, -53.8069214, 0.0)))",,,886436474903707649,https://twitter.com/BenHattonCal/status/886436474903707649,en
momblogger,2017-07-16 12:04,0,0,"Enough is enough! Come what may, they’re going back to Marawi City on July 24, vowed a group of women displaced... u""","(['Makati City', ' Philippines'], Location((14.5591272, 121.0202094, 0.0)))",,,886436375293284353,https://twitter.com/momblogger/status/886436375293284353,en
ModernizePH,2017-07-16 11:58,0,0,Slain Mautes now at 399 as fighting in Marawi reaches 53rd day,"(['Republic of the Philippines'], Location((12.7503486, 122.7312101, 0.0)))",,,886434728190111745,https://twitter.com/ModernizePH/status/886434728190111745,en
Politiko_Ph,2017-07-16 11:52,3,1,VP Robredo says daughter Tricia eager to visit Marawi families again,,,,886433418757550080,https://twitter.com/Politiko_Ph/status/886433418757550080,en
hzlgrgs,2017-07-16 11:51,0,1,"PLEDGE FOR MARAWI, PROUD AND LOUD","(['Punta Sta.Ana'], Location((11.4333312, -86.0837572, 0.0)))",,,886432990351327233,https://twitter.com/hzlgrgs/status/886432990351327233,en
halcyonwithin_,2017-07-16 11:50,0,0,"Inefficacy, radicalisation, and prospects for multilaterism in Southeast Asia as Philippines's Marawi crises unfolds",,,,886432874534129664,https://twitter.com/halcyonwithin_/status/886432874534129664,en
trumpathon,2017-07-16 11:48,0,0,ABS-CBN News Exclusives: Military rules out air strikes vs Maute in Marawi,,,,886432295468630018,https://twitter.com/trumpathon/status/886432295468630018,en
ALDUB_DLSUFan,2017-07-16 11:43,1,0,ADNforMarawi ALDUB2ndAnniversary A 5-day feeding program starts today for Marawi. Good job…,,,# #,886431069565616129,https://twitter.com/ALDUB_DLSUFan/status/886431069565616129,en
SeanDavisWTTV,2017-07-16 11:42,0,0,I added a video to a YouTube playlist Philippines: Philippine soldiers continue hunt for Maute in Marawi,"(['Sydney Australia'], Location((-33.8548157, 151.2164539, 0.0)))",@,,886430781723357184,https://twitter.com/SeanDavisWTTV/status/886430781723357184,en
inquirerdotnet,2017-07-16 11:40,4,3,"Don’t ‘Occupy Marawi’ yet, Lanao women told","(['Makati City'], Location((14.5591272, 121.0202094, 0.0)))",,#,886430214028488705,https://twitter.com/inquirerdotnet/status/886430214028488705,en
jdesignz,2017-07-16 11:33,0,0,AFP respects Muslim leaders' remarks on Marawi operations,,,,886428524160143361,https://twitter.com/jdesignz/status/886428524160143361,en
msnph,2017-07-16 11:30,0,0,Solon files bill for 'super' Marawi high school U,"(['Manila', ' Philippines'], Location((14.5906216, 120.9799696, 0.0)))",,,886427872222511104,https://twitter.com/msnph/status/886427872222511104,en
LOCALNEWSNgayon,2017-07-16 11:30,0,0,AFP respects Muslim leaders' remarks on Marawi operations | Read: via GMA News,"(['Philippines'], Location((12.7503486, 122.7312101, 0.0)))",,,886427840488583168,https://twitter.com/LOCALNEWSNgayon/status/886427840488583168,en
nad0227,2017-07-16 11:23,0,0,I agree. raissawriter might not have the slightest idea of Marawi's geog.. Neither have I. But does duterte know where Banham Rise is?,"(['Republic of the Philippines'], Location((12.7503486, 122.7312101, 0.0)))",@,,886426126960140288,https://twitter.com/nad0227/status/886426126960140288,en
GubatCross,2017-07-16 11:22,0,2,"Answer the exercises in memory of those who died in Marawi"" Leche! Pati kami pinapatay mo eh! -_-""","(['Metro Manila', ' Philippines'], Location((14.5736108, 121.0329706, 0.0)))",,,886425707563364353,https://twitter.com/GubatCross/status/886425707563364353,en
GrandmasterAGI,2017-07-16 11:12,0,0,PRAY FOR MARAWI,"(['Tx.'], Location((31.8160381, -99.5120986, 0.0)))",,#,886423358962896896,https://twitter.com/GrandmasterAGI/status/886423358962896896,en
meridzin,2017-07-16 11:09,0,11,Congrats team! Distribution of donations to Marawi displaced residents finally done,"(['City of Tagum', ' Davao Region'], Location((7.4468904, 125.8095771, 0.0)))",,#,886422580889911297,https://twitter.com/meridzin/status/886422580889911297,en
zenszei,2017-07-16 11:07,6,15,Idiot! This guy thinks Marawi is a controlled environment wherein armed to the teeth terrorists can be seen in broad daylight.,,,,886422056497168384,https://twitter.com/zenszei/status/886422056497168384,en
supimsoros,2017-07-16 11:06,0,0,FA-50PH Fighters Grounded By Philippine Air Force After Striking Allied Troops In Marawi ข้อมูลจาก southfronteng,,@,,886421863361949696,https://twitter.com/supimsoros/status/886421863361949696,en
PHHotTrends,2017-07-16 11:03,0,0,There are around 600 more structures in Marawi's business district that still have to be cleared by troops.,"(['Manila City'], Location((14.5906216, 120.9799696, 0.0)))",,,886421005975072769,https://twitter.com/PHHotTrends/status/886421005975072769,en
Frenemy1080,2017-07-16 10:59,1,1,UK has had 1000s of cases of FGM & refuses to prosecute. Even in Philippines 5% Muslim you WILL be spat upon for not wearing hijab in Marawi,"(['United States'], Location((39.7837304, -100.4458825, 0.0)))",,,886420106238189569,https://twitter.com/Frenemy1080/status/886420106238189569,en
eloisasioleloi,2017-07-16 10:59,0,1,There are people dying If you care enough for the living Make a better place For you and for me PrayForMarawi,"(['Baler', ' Aurora'], Location((15.73449485, 121.586029932, 0.0)))",,#,886419960146255877,https://twitter.com/eloisasioleloi/status/886419960146255877,en
BlackHawk20171,2017-07-16 10:49,0,0,"Yes, it's true. This is d legacy Duterte gave to d Maranaws. A sustainable hardship for the people in Marawi City because of wrong decision.",,,,886417569577541632,https://twitter.com/BlackHawk20171/status/886417569577541632,en
SenatorBinay,2017-07-16 10:37,3,17,Our office helped animal welfare advocate group Save ALL send dog and cat food for abandoned pets in Marawi.,,,,886414576069206018,https://twitter.com/SenatorBinay/status/886414576069206018,en
IbnSiqilli,2017-07-16 10:36,1,0,IS claims Filipino and Southeast Asian militants aligned with it in Marawi city destroyed a Philippines army vehicle with an IED: 2,"(['Cambridge', ' MA'], Location((52.2033051, 0.124862, 0.0)))",,,886414312201441281,https://twitter.com/IbnSiqilli/status/886414312201441281,en
IbnSiqilli,2017-07-16 10:32,1,0,IS-aligned groups in Marawi city continue clashes with Philippines army:,"(['Cambridge', ' MA'], Location((52.2033051, 0.124862, 0.0)))",,,886413261591244800,https://twitter.com/IbnSiqilli/status/886413261591244800,en
Noel_Dolor,2017-07-16 10:32,0,1,Marawi indeed will rise like a phoenix from the ashes. The area is also rich in economic opportunities. And Marawi now deserves peace,"(['Makati', ' PHL'], Location((14.55459465, 121.021407905, 0.0)))",,,886413147891941376,https://twitter.com/Noel_Dolor/status/886413147891941376,en
cnnphilippines,2017-07-16 10:30,2,4,Gov't bares funding source for Marawi 'multi-year' rehabilitation,,,,886412576065810432,https://twitter.com/cnnphilippines/status/886412576065810432,en
cnnphilippines,2017-07-16 10:15,3,0,AFP: No military clearance for evacuees to return to Marawi |,,,,886408934415671296,https://twitter.com/cnnphilippines/status/886408934415671296,en
inquirerdotnet,2017-07-16 10:10,7,5,Drone to assess Marawi damage,"(['Makati City'], Location((14.5591272, 121.0202094, 0.0)))",,#,886407786866909184,https://twitter.com/inquirerdotnet/status/886407786866909184,en
CazoomiAsia,2017-07-16 10:00,2,1,911 Advocacy Campaign for Marawi by Josiah Go | The Marketing Mentor,"(['Cagayan De Oro City'], Location((8.42980265, 124.682410212, 0.0)))",,,886405059147444225,https://twitter.com/CazoomiAsia/status/886405059147444225,en
omelhey,2017-07-16 9:59,0,0,"have faith, people of marawi ♡",,,,886405016096866304,https://twitter.com/omelhey/status/886405016096866304,en
Philtizen,2017-07-16 9:58,0,0,PANOORIN: Another civilian death was recorded in the Marawi siege after a body was fished out of a river in...,"(['Republic of the Philippines'], Location((12.7503486, 122.7312101, 0.0)))",,,886404702128136192,https://twitter.com/Philtizen/status/886404702128136192,en
nad0227,2017-07-16 9:53,0,7,Maybe he meant you have to kill him first before you could drag him to Marawi.,"(['Republic of the Philippines'], Location((12.7503486, 122.7312101, 0.0)))",,,886403362928734212,https://twitter.com/nad0227/status/886403362928734212,en
neilabayon7,2017-07-16 9:49,0,1,Filed House Bill allocating P200M to rebuild & modernize Marawi NHS to serve as center of peace & learning for youth,"(['Northern Samar'], Location((12.42, 124.81, 0.0)))",,,886402413309042692,https://twitter.com/neilabayon7/status/886402413309042692,en
redball2,2017-07-16 9:49,0,0,Philippines: ongoing conflict in Marawi,,,,886402366815195136,https://twitter.com/redball2/status/886402366815195136,en
phildaily,2017-07-16 9:47,0,0,"Don't 'Occupy Marawi' yet, Lanao women told - c",,,,886401872902455296,https://twitter.com/phildaily/status/886401872902455296,en
PhilDefNews,2017-07-16 9:42,0,0,MARAWI WAR STORY: The hardest battle since those in the Korean War,"(['Manila', ' Philippines'], Location((14.5906216, 120.9799696, 0.0)))",,,886400655740370944,https://twitter.com/PhilDefNews/status/886400655740370944,en
gmanews,2017-07-16 9:41,3,14,Another civilian death was recorded in the Marawi siege after a body was fished out of a river in Brgy. Rurugagos.,"(['Philippines'], Location((12.7503486, 122.7312101, 0.0)))",,,886400241653620736,https://twitter.com/gmanews/status/886400241653620736,en
neilabayon7,2017-07-16 9:40,0,2,Solon wants P200 M to rebuild Marawi national high school via manila_bulletin,"(['Northern Samar'], Location((12.42, 124.81, 0.0)))",@,,886400192232042496,https://twitter.com/neilabayon7/status/886400192232042496,en
jiei_yushi_bud,2017-07-16 9:39,0,0,"XHNews: Death toll in ongoing conflict in Marawi, Philippines has reached 537, including 399 Islamic militants, 45…","(['Sri Lanka'], Location((7.87771365, 80.6624590791, 0.0)))",,,886399885964193792,https://twitter.com/jiei_yushi_bud/status/886399885964193792,en
DMNZNME,2017-07-16 9:36,0,1,duterte to yellowtards: siiiike! i will not get killed in marawi for all yall yellow ass shits to be happy about.leni will always be just,"(['Republic of the Philippines'], Location((12.7503486, 122.7312101, 0.0)))",,#2,886399101671063552,https://twitter.com/DMNZNME/status/886399101671063552,en
gcarinowlk,2017-07-16 9:35,3,2,537 casualties. Ruined city Marawi. Anyone would think the situation is worse than day 1,"(['Home'], Location((51.8255128, 9.018576, 0.0)))",,#,886398966996369408,https://twitter.com/gcarinowlk/status/886398966996369408,en
NarrendraM,2017-07-16 9:35,0,0,"Death toll in ongoing conflict in Marawi, Philippines has reached 537, including 399 Islamic militants, 45 civilia…","(['Mumbai', ' India'], Location((19.1334321, 72.8882172, 0.0)))",,,886398791011749888,https://twitter.com/NarrendraM/status/886398791011749888,en
XHNews,2017-07-16 9:30,104,117,"Death toll in ongoing conflict in Marawi, Philippines has reached 537, including 399 Islamic militants, 45 civilians",,,,886397528798887936,https://twitter.com/XHNews/status/886397528798887936,en
gmanewsfacebook,2017-07-16 9:30,0,0,Another civilian death was recorded in the Marawi siege after a body was fished out of a river in Barangay...,,,,886397505696444421,https://twitter.com/gmanewsfacebook/status/886397505696444421,en
ghariegreat,2017-07-16 9:13,0,0,VassulaRyden pls pray to God our country Philippines to bring back peace and unity also for the departed souls who died in war in Marawi.,"(['London', ' England'], Location((51.5073219, -0.1276474, 0.0)))",@,,886393315863576576,https://twitter.com/ghariegreat/status/886393315863576576,en
cnnphilippines,2017-07-16 9:06,1,1,AFP: No military clearance for evacuees to return to Marawi,,,,886391638704115713,https://twitter.com/cnnphilippines/status/886391638704115713,en
neorichcel,2017-07-16 9:06,0,2,Praying for a safe trip to MSU. — traveling to Mindanao State University Main Campus (Marawi),"(['Philippines'], Location((12.7503486, 122.7312101, 0.0)))",,,886391609687851009,https://twitter.com/neorichcel/status/886391609687851009,en
Jimparedes,2017-07-16 9:05,37,167,Duterte: I’m ready to die for Marawi PhilstarNews But you have to go there first!,,@,,886391278535024640,https://twitter.com/Jimparedes/status/886391278535024640,en
tonyanytime247,2017-07-16 9:01,0,0,"Duterte acknowledges US, China aid in Marawi siege","(['Miami'], Location((25.7742658, -80.1936589, 0.0)))",,,886390278667554818,https://twitter.com/tonyanytime247/status/886390278667554818,en
abetcab,2017-07-16 8:59,0,0,"So, the really big question is, how ready is the government in rehabilitating Marawi? Where is the budget coming...","(['Mandaue City', ' Philippines'], Location((10.3437068, 123.9422789, 0.0)))",,,886389790668496896,https://twitter.com/abetcab/status/886389790668496896,en
AminullahLucman,2017-07-16 8:58,0,0,"This place Marawi was defended bravely from outsiders for hundreds of years, the royal houses subdivided the lake as self-defense strategy.","(['Marawi City', ' Philippines'], Location((8.0034938, 124.286626, 0.0)))",,,886389444957175809,https://twitter.com/AminullahLucman/status/886389444957175809,en
denslegaspi,2017-07-16 8:56,3,5,sonnyangara seeks help for women of Marawi,,@,,886388958191435777,https://twitter.com/denslegaspi/status/886388958191435777,en
sunako888,2017-07-16 8:51,1,5,Kudos to u for making this project po. Its a big thing for the people of Marawi.,"(['Cebu City', ' Central Visayas'], Location((10.3090298, 123.8930839, 0.0)))",,,886387735010979840,https://twitter.com/sunako888/status/886387735010979840,en
inquirerdotnet,2017-07-16 8:50,7,7,Death came through a tiny hole in the wall Marawi,"(['Makati City'], Location((14.5591272, 121.0202094, 0.0)))",,#,886387654614540288,https://twitter.com/inquirerdotnet/status/886387654614540288,en
jobereggarcia,2017-07-16 8:50,2,1,inquirerdotnet Marawi siege to go beyond 60 days > DERECHONG REPORT,"(['Philippines'], Location((12.7503486, 122.7312101, 0.0)))",@,,886387527304626176,https://twitter.com/jobereggarcia/status/886387527304626176,en
Doc_Drone,2017-07-16 8:48,0,0,Drone to assess Marawi damage - MARAWI CITY — The Lanao del Sur provincial government is planning to use an aer...,,,,886387150555672576,https://twitter.com/Doc_Drone/status/886387150555672576,en
LAWASIA_alerts,2017-07-16 8:48,3,1,PHILIPPINES: IBP launches free legal aid program for Marawi residents.,"(['Sydney', ' Australia'], Location((-33.8548157, 151.2164539, 0.0)))",,# #,886387064173756416,https://twitter.com/LAWASIA_alerts/status/886387064173756416,en
Alco_Guerrero,2017-07-16 8:47,0,6,A bit like it! With a lot of artists and all proceeds from tickets sales go to relief for the Marawi fallen and their families,"(['Project 2'], Location((44.6567729, 4.3731355, 0.0)))",,,886386873790152704,https://twitter.com/Alco_Guerrero/status/886386873790152704,en
chelle_emee,2017-07-16 8:38,0,2,It was a relief talking to them after a looooong nonstop tiring days in the marawi city operations. Kanus a ni mahuman?,"(['ILigan City'], Location((8.17846435, 124.470789035, 0.0)))",,,886384521720995841,https://twitter.com/chelle_emee/status/886384521720995841,en
LiveEdges,2017-07-16 8:35,0,0,Drone to assess Marawi damage DRONES MARAWI CITY — The Lanao del Sur provincial government is planning to use an …,"(['United States of America'], Location((39.7837304, -100.4458825, 0.0)))",,#,886383813160562688,https://twitter.com/LiveEdges/status/886383813160562688,en
WomensHealthnew,2017-07-16 8:33,0,0,Angara seeks help for women of Marawi - D,,,,886383142528995328,https://twitter.com/WomensHealthnew/status/886383142528995328,en
DroneNewsFeed,2017-07-16 8:28,0,0,Drone to assess Marawi damage | Inquirer News drone uav,,,# #,886381926810046464,https://twitter.com/DroneNewsFeed/status/886381926810046464,en
drone_school,2017-07-16 8:27,0,0,Drone to assess Marawi damage - | DroneSchool - drones,,,#,886381747205754880,https://twitter.com/drone_school/status/886381747205754880,en
Ivan226622,2017-07-16 8:26,0,0,FLASH: Drone to assess Marawi damage: MARAWI CITY --- The Lanao del Sur provincial…,,,,886381612556070912,https://twitter.com/Ivan226622/status/886381612556070912,en
Ivan226622,2017-07-16 8:26,0,0,"FLASH: Don’t ‘Occupy Marawi’ yet, Lanao women told: MARAWI CITY --- Lanao del Sur Vice Gov…",,,,886381611268399104,https://twitter.com/Ivan226622/status/886381611268399104,en
Ivan226622,2017-07-16 8:26,0,0,FLASH: Troops push deeper into Maute-held areas: MARAWI CITY --- Government forces…,,,,886381609217392640,https://twitter.com/Ivan226622/status/886381609217392640,en
cheeneyeugenio,2017-07-16 8:23,0,0,Slain Mautes’ now at 399 as fighting in Marawi reaches 53rd day,,,,886380733333241856,https://twitter.com/cheeneyeugenio/status/886380733333241856,en
MpsBaras,2017-07-16 8:21,0,0,Zumba for a cause for marawi rpiopro4a pnpdpcr 0,"(['Baras', ' Rizal'], Location((0.0233344, 111.790093, 0.0)))",@ @ @,,886380351093841920,https://twitter.com/MpsBaras/status/886380351093841920,en
dronegamescom,2017-07-16 8:20,0,0,Drone to assess Marawi damage - | DroneGames - drones,"(['New York'], Location((40.7306458, -73.9866136, 0.0)))",,#,886380000202682368,https://twitter.com/dronegamescom/status/886380000202682368,en
inquirerdotnet,2017-07-16 8:20,4,3,"PresidentDuterte acknowledges US, China aid in Marawi siege D","(['Makati City'], Location((14.5591272, 121.0202094, 0.0)))",,# #,886379975942836225,https://twitter.com/inquirerdotnet/status/886379975942836225,en
drone_reviews,2017-07-16 8:20,0,0,Drone to assess Marawi damage - | DroneReviews - drones,"(['New York'], Location((40.7306458, -73.9866136, 0.0)))",,#,886379965507395585,https://twitter.com/drone_reviews/status/886379965507395585,en
drone_sport,2017-07-16 8:20,1,0,Drone to assess Marawi damage - | DroneSport - drones,"(['New York'], Location((40.7306458, -73.9866136, 0.0)))",,#,886379938768719873,https://twitter.com/drone_sport/status/886379938768719873,en
droneblog,2017-07-16 8:20,1,0,Drone to assess Marawi damage - | Droneblog - c drones,"(['New York'], Location((40.7306458, -73.9866136, 0.0)))",,#,886379896968290304,https://twitter.com/droneblog/status/886379896968290304,en
zyiteblog,2017-07-16 8:18,0,0,Drone to assess Marawi damage - MARAWI CITY --- The Lanao del Sur provincial government is planning to use an a...,,,,886379573436350465,https://twitter.com/zyiteblog/status/886379573436350465,en
dronepilots,2017-07-16 8:18,0,0,Drone to assess Marawi damage - | DronePilots - drones,,,#,886379391072292866,https://twitter.com/dronepilots/status/886379391072292866,en
Duterte24x7,2017-07-16 8:06,1,4,"Duterte acknowledges help from US, China in Marawi siege | ProtectPPRD","(['Republic of the Philippines'], Location((12.7503486, 122.7312101, 0.0)))",,#,886376450043006976,https://twitter.com/Duterte24x7/status/886376450043006976,en
1MillionPHL,2017-07-16 8:05,0,0,The very latest news and videos updated every hour (Angara seeks help for women of Marawi) has been published on,,,,886376236003475456,https://twitter.com/1MillionPHL/status/886376236003475456,en
ManilaRR,2017-07-16 8:03,0,0,"Duterte thanks US, Russia, China for aid in Marawi anti-terror ops",,,,886375581021089792,https://twitter.com/ManilaRR/status/886375581021089792,en
JNDRWG,2017-07-16 8:00,0,0,Off to Marawi,"([""Venice's""], Location((-12.1018698, -77.00186575, 0.0)))",,,886375061418000384,https://twitter.com/JNDRWG/status/886375061418000384,en
Politiko_Ph,2017-07-16 7:56,1,1,Duterte bent on going to Marawi while fight is ongoing: I don’t wanna be there to celebrate,,,,886373818679296001,https://twitter.com/Politiko_Ph/status/886373818679296001,en
PinoyTambayanKo,2017-07-16 7:52,0,0,Solon files bill for 'super' Marawi high school,"(['Bulacan'], Location((14.794871, 120.8777119, 0.0)))",,,886372838936072192,https://twitter.com/PinoyTambayanKo/status/886372838936072192,en
Politiko_Ph,2017-07-16 7:52,1,1,"Duterte welcomes US, China’s help in Marawi crisis: That’s what friends are for!",,,,886372810163077120,https://twitter.com/Politiko_Ph/status/886372810163077120,en
phildaily,2017-07-16 7:48,0,0,"Don't 'Occupy Marawi' yet, Lanao women told -",,,,886371910610812929,https://twitter.com/phildaily/status/886371910610812929,en
wilvirc,2017-07-16 7:47,0,0,Part of the job. They weren't hired for office work. The soldiers fighting in Marawi knows that death is a possibility.,,,,886371672894263296,https://twitter.com/wilvirc/status/886371672894263296,en
request_prayers,2017-07-16 7:46,0,0,I wish and pray for a peaceful country... Philippines.. For Marawi City.. To our fellow people... W~ pray,"(['United States'], Location((39.7837304, -100.4458825, 0.0)))",,# #,886371408405831680,https://twitter.com/request_prayers/status/886371408405831680,en
PhilDefNews,2017-07-16 7:38,0,0,"This report says that all of our newly acquired/refurbished armor are seeing action in Marawi, as it should be.","(['Manila', ' Philippines'], Location((14.5906216, 120.9799696, 0.0)))",,,886369406585937920,https://twitter.com/PhilDefNews/status/886369406585937920,en
nerowattz,2017-07-16 7:37,0,0,Drone to assess Marawi damage InquirerMobilehttp://,"(['Makati City'], Location((14.5591272, 121.0202094, 0.0)))",,,886369111328075777,https://twitter.com/nerowattz/status/886369111328075777,en
nerowattz,2017-07-16 7:37,0,0,"Don’t ‘Occupy Marawi’ yet, Lanao women told InquirerMobile","(['Makati City'], Location((14.5591272, 121.0202094, 0.0)))",,,886369108710879232,https://twitter.com/nerowattz/status/886369108710879232,en
PhilDefNews,2017-07-16 7:36,0,0,Marawi death toll now at 537 —AFP,"(['Manila', ' Philippines'], Location((14.5906216, 120.9799696, 0.0)))",,,886369000304787456,https://twitter.com/PhilDefNews/status/886369000304787456,en
saino36,2017-07-16 7:33,0,0,"Written by Atty. Ernie A. Masorong MOVE ON, MARAWI, MOVE ON... Amidst deafening bombs, falling debris, rising...",,,,886368246852603904,https://twitter.com/saino36/status/886368246852603904,en
dennisbantegui,2017-07-16 7:31,0,0,"How can you say Comfortable to all"", When people of Marawi are suffering due to misjudgement of the AFP headed by DU30 Marawi is destroyed""",,,,886367604285124608,https://twitter.com/dennisbantegui/status/886367604285124608,en
nerowattz,2017-07-16 7:17,0,0,Angara seeks help for women of Marawi InquirerMobilehttp://,"(['Makati City'], Location((14.5591272, 121.0202094, 0.0)))",,,886364098325250048,https://twitter.com/nerowattz/status/886364098325250048,en
OyasIlano,2017-07-16 7:12,0,0,FA-50PH Fighters Grounded By Philippine Air Force After Striking Allied Troops In Marawi via southfronteng,,@,,886362826075328513,https://twitter.com/OyasIlano/status/886362826075328513,en
barnabychuck,2017-07-16 7:10,0,1,"How is the war in Marawi , Philippines vs. ISIS allies being fought? My report from inside the war zone today on CGTNOfficial .","(['Manila', ' Philippines'], Location((14.5906216, 120.9799696, 0.0)))",@,# # #,886362474747801604,https://twitter.com/barnabychuck/status/886362474747801604,en
msnph,2017-07-16 7:03,0,0,DTI readies livelihood funding program for Marawi residents,"(['Manila', ' Philippines'], Location((14.5906216, 120.9799696, 0.0)))",,,886360606084800512,https://twitter.com/msnph/status/886360606084800512,en
IlocosSentinel,2017-07-16 6:56,0,0,AMWSLAI gives aid to kin of fallen soldiers in Marawi siege,"(['Laoag City', ' Ilocos Norte'], Location((18.2035487, 120.5830386, 0.0)))",,,886358733370032128,https://twitter.com/IlocosSentinel/status/886358733370032128,en
disasters_ph,2017-07-16 6:48,0,0,"Give dignity kits to Marawi women, senator tells gov't - Rappler",,,,886356765608214528,https://twitter.com/disasters_ph/status/886356765608214528,en
IvankaStuff,2017-07-16 6:46,0,0,"For Besieged Marawi Residents, A Brief Holiday Respite Ends In Gunfire - ...",,,,886356308471029760,https://twitter.com/IvankaStuff/status/886356308471029760,en
zaheerahkatrina,2017-07-16 6:45,0,0,"Power out in Camella Homes, CDO! Missin' the cold weather in Marawi...","(['Cagayan De Oro City', ' Northern Mindanao'], Location((8.42980265, 124.682410212, 0.0)))",,,886356162097983488,https://twitter.com/zaheerahkatrina/status/886356162097983488,en
WonkPorn,2017-07-16 6:23,0,0,Philippines says U.S. troops on the ground near besieged Marawi City,"(['Washington', ' DC'], Location((38.8949549, -77.0366456, 0.0)))",,#,886350482725191680,https://twitter.com/WonkPorn/status/886350482725191680,en
saino36,2017-07-16 6:16,0,0,"Three years after it's Thousands of Maranaos flee Marawi."" """,,,,886348696341716992,https://twitter.com/saino36/status/886348696341716992,en
jeegeronimo,2017-07-16 6:01,0,0,"Give dignity kits to Marawi women, senator tells gov't - via","(['Quezon City'], Location((14.6509905, 121.0486155, 0.0)))",@,,886344876614270976,https://twitter.com/jeegeronimo/status/886344876614270976,en
cebudailynews,2017-07-16 5:33,0,0,"Buy ‘Support Our Troops’ T-shirts, help Marawi siege victims Centcom to launch fundraising drive","(['NRA', ' Cebu City', ' Philippines'], Location((39.369933, -120.233522, 0.0)))",,,886337989181399040,https://twitter.com/cebudailynews/status/886337989181399040,en
wwrn,2017-07-16 5:00,0,0,Muslim ID proposal sparks anger in Philippines Marawi via dwnews,,@,,886329677840879616,https://twitter.com/wwrn/status/886329677840879616,en
JiwardN,2017-07-16 4:56,0,0,"Who's the politician behind the name Islamic City of Marawi ""and "" Autonomous Region for ""Muslim"" Mindanao?""","(['Makati City'], Location((14.5591272, 121.0202094, 0.0)))",,,886328659333611521,https://twitter.com/JiwardN/status/886328659333611521,en
imonarch,2017-07-16 4:52,0,0,Have you shared peso from your personal funds for Marawi ?,"(['Palace of Versailles'], Location((48.80442555, 2.12028573866, 0.0)))",,,886327727099334656,https://twitter.com/imonarch/status/886327727099334656,en
imonarch,2017-07-16 4:49,0,0,389thousand Dollars from my personal stealth annuity compromised trickled in Marawi ...100 percent of royal Depositary for westphilsea ..,"(['Palace of Versailles'], Location((48.80442555, 2.12028573866, 0.0)))",,,886326786715406336,https://twitter.com/imonarch/status/886326786715406336,en
SayNO_UNiTE,2017-07-16 4:35,1,2,Philippines: Conflict in Marawi has increased risks for pregnant women & girls. How UNFPA supports them:,"(['Global'], Location((43.7283874, -79.3491487932, 0.0)))",@,# #,886323257514897408,https://twitter.com/SayNO_UNiTE/status/886323257514897408,en
Qatar_Update,2017-07-16 4:17,0,0,Marawi crisis ‘unlikely to end’ ahead of presidential address news,"(['Qatar'], Location((25.22803095, 55.1733279309, 0.0)))",,#,886318855525732354,https://twitter.com/Qatar_Update/status/886318855525732354,en
southfronteng,2017-07-16 4:14,11,5,FA-50PH Fighters Grounded By Philippine Air Force After Striking Allied Troops In Marawi,,,,886317976592424960,https://twitter.com/southfronteng/status/886317976592424960,en
inquirerdotnet,2017-07-16 4:13,8,9,ICYMI: Marawi siege to go beyond 60 days,"(['Makati City'], Location((14.5591272, 121.0202094, 0.0)))",,,886317900105224193,https://twitter.com/inquirerdotnet/status/886317900105224193,en
GulfTimes_QATAR,2017-07-16 4:06,0,0,Marawi crisis ‘unlikely to end’ ahead of presidential address,"(['Al Hilal - C Ring Road'], Location((25.2640725, 51.544784, 0.0)))",,#,886316044750643200,https://twitter.com/GulfTimes_QATAR/status/886316044750643200,en
inquirerdotnet,2017-07-16 4:00,5,11,LOOK: Today's SundayINQUIRER. Read the full issue at Marawi,"(['Makati City'], Location((14.5591272, 121.0202094, 0.0)))",,# # #,886314437564563464,https://twitter.com/inquirerdotnet/status/886314437564563464,en
i1440,2017-07-16 3:53,0,0,FA-50PH Fighters Grounded By Philippine Air Force After Striking Allied Troops In Marawi: FA-50PH…,"(['The Hague', ' The Netherlands'], Location((-33.9583333, 18.6416667, 0.0)))",,#,886312908409516034,https://twitter.com/i1440/status/886312908409516034,en
Skowtura_Ini,2017-07-16 3:31,0,0,FA-50PH Fighters Grounded By Philippine Air Force After Striking Allied Troops In Marawi: 2,"(['Lerwick', ' Scotland'], Location((60.155451, -1.1468723, 0.0)))",,,886307186787463173,https://twitter.com/Skowtura_Ini/status/886307186787463173,en
Skowtura_Ini,2017-07-16 3:30,0,0,Fighters Grounded By Philippine Air Force After Striking Allied Troops In Marawi: c,"(['Lerwick', ' Scotland'], Location((60.155451, -1.1468723, 0.0)))",,,886307076758175745,https://twitter.com/Skowtura_Ini/status/886307076758175745,en
therussophile,2017-07-16 3:27,1,1,FA-50PH Fighters Grounded By Philippine Air Force After Striking Allied Troops In Marawi,"(['Moscow'], Location((46.7323875, -117.0001651, 0.0)))",,,886306247082999808,https://twitter.com/therussophile/status/886306247082999808,en
ilovepagadian,2017-07-16 3:12,0,0,Slain Mautes’ now at 399 as fighting in Marawi reaches 53rd day,"(['Pagadian City'], Location((7.8249717, 123.4365816, 0.0)))",,,886302568326066176,https://twitter.com/ilovepagadian/status/886302568326066176,en
younglings_,2017-07-16 3:00,1,0,Repost tgaforg : AFP Hospital Visit.. Hearing the stories of these men in Marawi fighting for…,,@,#,886299348669038593,https://twitter.com/younglings_/status/886299348669038593,en
KentPage,2017-07-16 3:00,9,22,Philippines: “Peace will ultimately reign in Marawi. We are stronger now.” Read: … v/,,@unicefphils @,#,886299325365493760,https://twitter.com/KentPage/status/886299325365493760,en
philippinenews7,2017-07-16 2:46,0,0,Baker abducted by Maute group found dead in Marawi river - Another civilian death was recorded in the Marawi si...,"(['Philippines'], Location((12.7503486, 122.7312101, 0.0)))",,,886296009227350018,https://twitter.com/philippinenews7/status/886296009227350018,en
amirbangsamoro,2017-07-16 2:35,0,0,Nobody to blame the Marawi Destruction except for Mr. Duterte. He destroyed Marawi City.,,,,886293218320498689,https://twitter.com/amirbangsamoro/status/886293218320498689,en
PhilippinesIraq,2017-07-16 2:32,2,4,"Expressing solidarity with counterparts in the Philippines, Iraq policemen want to join fight vs ISIS in Marawi","(['Baghdad'], Location((2.1565307, 42.1630707, 0.0)))",,# # # #,886292321595256832,https://twitter.com/PhilippinesIraq/status/886292321595256832,en
NewsFundraising,2017-07-16 2:31,0,0,"Buy 'Support Our Troops' T-shirts, help Marawi siege victims Centcom to launch fundraising drive",,,,886292082435948544,https://twitter.com/NewsFundraising/status/886292082435948544,en
sevapay,2017-07-16 2:14,0,0,"Buy 'Support Our Troops' T-shirts, help Marawi siege victims Centcom to launch fundraising drive fundraising","(['USA'], Location((39.7837304, -100.4458825, 0.0)))",,#,886287771630841856,https://twitter.com/sevapay/status/886287771630841856,en
ItsMeXaEid,2017-07-16 2:01,0,0,I'll see you soooon !!! Marawi_After_Siege Insha_Allah,"(['Manila', ' Philippines'], Location((14.5906216, 120.9799696, 0.0)))",,# #,886284575516876800,https://twitter.com/ItsMeXaEid/status/886284575516876800,en
mukeledeiros,2017-07-16 1:36,0,0,Nobody knows but ISIS controls a city in Philippines called Marawi. 500 soldiers have been killed in the fight to take it back.,,,# # #,886278212820578305,https://twitter.com/mukeledeiros/status/886278212820578305,en
syasmeen1,2017-07-16 1:35,0,0,Marawi Crisis: Islamic State in the Philippines - Foreign Brief,"(['Perth', ' Western Australia'], Location((-31.9527121, 115.8604796, 0.0)))",,,886277949938434048,https://twitter.com/syasmeen1/status/886277949938434048,en
MyLoc_Tracker,2017-07-16 1:35,0,0,MyLoc_Tracker MyLoc_Tweets Look that Geolocation shared.. Thanks Friends from Sudan-Marawi!!!,"(['World Wide'], Location((22.2823025, 114.157860634, 0.0)))",@ @,,886277946075475968,https://twitter.com/MyLoc_Tracker/status/886277946075475968,en
PHLNewsOnline,2017-07-16 1:32,0,0,[GMA News] Baker abducted by Maute group found dead in Marawi river u,"(['Philippines'], Location((12.7503486, 122.7312101, 0.0)))",,,886277291524980742,https://twitter.com/PHLNewsOnline/status/886277291524980742,en
acpadilla82,2017-07-16 1:23,0,0,P15 B earmarked for Marawi rehab PhilippineStarphilippinestar Ju…,"(['1 Commonwealth Ln', ' Singapore 149544'], Location((1.3047676, 103.7962879, 0.0)))",,,886274991003770880,https://twitter.com/acpadilla82/status/886274991003770880,en
TropALDUBILIGAN,2017-07-16 1:22,2,0,We are Marawi. Thank you Aldub Nation! ALDUB2ndAnniversary,,,#,886274725298675713,https://twitter.com/TropALDUBILIGAN/status/886274725298675713,en
TheManilaTimes,2017-07-16 1:17,0,1,"President cites US, China for Marawi aid","(['Philippines'], Location((12.7503486, 122.7312101, 0.0)))",,,886273436057612288,https://twitter.com/TheManilaTimes/status/886273436057612288,en
PhilippineStar,2017-07-16 1:15,2,0,P15 B earmarked for Marawi rehab,"(['Philippines'], Location((12.7503486, 122.7312101, 0.0)))",,,886272906006867969,https://twitter.com/PhilippineStar/status/886272906006867969,en
ManilaMetroBN,2017-07-16 0:29,0,0,"Marawi Militants Losing, Philippines Says, but Neighbors Fear Their Spread",,,,886261563010711552,https://twitter.com/ManilaMetroBN/status/886261563010711552,en
pebawards,2017-07-16 0:29,0,0,SUPPORT OUR TROOPS PrayForMarawi C,"(['Global'], Location((43.7283874, -79.3491487932, 0.0)))",,#,886261334870028288,https://twitter.com/pebawards/status/886261334870028288,en
LOCALNEWSNgayon,2017-07-16 0:25,0,0,Baker abducted by Maute group found dead in Marawi river | Read: via GMA News,"(['Philippines'], Location((12.7503486, 122.7312101, 0.0)))",,,886260456108720129,https://twitter.com/LOCALNEWSNgayon/status/886260456108720129,en
critictheworld,2017-07-16 0:25,0,0,"You know Sir..I hope we can stop Politicking and just Bomb the Shit out of Marawi, incl the Mosques if Need Be.Too Many Lives lost already","(['Manila', ' Philippines'], Location((14.5906216, 120.9799696, 0.0)))",,,886260387347169280,https://twitter.com/critictheworld/status/886260387347169280,en
Terror_Monitor,2017-07-16 0:18,26,15,PHILIPPINES IslamicState Claims To Have Destroyed Military Armored Vehicle In Marawi. DD,"(['Worldwide'], Location((53.4573434, -2.22698994022, 0.0)))",,# # # #,886258688163430400,https://twitter.com/Terror_Monitor/status/886258688163430400,en
MELAndiiibieber,2017-07-16 0:16,1,1,I just hope and pray that Marawi siege will end soon.,,,,886258067712557056,https://twitter.com/MELAndiiibieber/status/886258067712557056,en
itsjoymoretz,2017-07-16 0:05,0,0,Ate koo iwitness marawi,,,# #,886255304354091009,https://twitter.com/itsjoymoretz/status/886255304354091009,en
christianuous,2017-07-16 0:02,0,4,"Battle in Marawi is ongoing, let's continue hoping and praying for the better days.","(['Republic of the Philippines'], Location((12.7503486, 122.7312101, 0.0)))",,,886254632908890112,https://twitter.com/christianuous/status/886254632908890112,en
PIADesk,2017-07-16 0:00,1,1,"For the latest updates & info on the Marawi crisis, follow the MindanaoHour online via FB, twitter, IG & website:","(['Philippines'], Location((12.7503486, 122.7312101, 0.0)))",,# #,886254041180897280,https://twitter.com/PIADesk/status/886254041180897280,en
realnewsvideos,2017-07-16 0:00,0,0,Ten Philippines soldiers killed 'friendly fire' air strike Marawi,"(['bangalore'], Location((12.9791198, 77.5912997, 0.0)))",,# # # # #,886254034759294976,https://twitter.com/realnewsvideos/status/886254034759294976,en
