ninojusay2,2017-08-22 07:40,0,0,PATAPOS NA ANG GYERA SA MARAWI PERO YUNG PUSO MO STILL SAWI haha,"(['Cebu City', ' Central Visayas'], Location((10.3090298, 123.8930839, 0.0)))",,,899778262477484032,https://twitter.com/ninojusay2/status/899778262477484032
adoelid,2017-08-22 07:33,0,0,ISIS Marawi Rilis Video Minta Pejuang Asing Bergabung http://fb.me/8F60laAaN,,,,899776454455566336,https://twitter.com/adoelid/status/899776454455566336
syrllmvlnt,2017-08-22 07:33,0,0,@ marawi shot atm w/maute,,@,,899776439305682944,https://twitter.com/syrllmvlnt/status/899776439305682944
egdsgn,2017-08-22 07:31,0,0,Militar nasa final phase na ng opensiba sa Marawi City https://politicsph.pogoport.com/militar-nasa-final-phase-na-ng-opensiba-sa-marawi-city/ …,"(['Davao City', ' Davao Region'], Location((7.22650725, 125.454887691, 0.0)))",,,899776027542474752,https://twitter.com/egdsgn/status/899776027542474752
muzi_kha,2017-08-22 07:31,0,0,Militar nasa final phase na ng opensiba sa Marawi City https://politicsph.pogoport.com/militar-nasa-final-phase-na-ng-opensiba-sa-marawi-city/ …,"(['The Office'], Location((9.6663813, 80.0122994306, 0.0)))",,,899776022429802500,https://twitter.com/muzi_kha/status/899776022429802500
chris19thws,2017-08-22 07:31,0,0,Militar nasa final phase na ng opensiba sa Marawi City https://politicsph.pogoport.com/militar-nasa-final-phase-na-ng-opensiba-sa-marawi-city/ …,"(['Philippines'], Location((12.7503486, 122.7312101, 0.0)))",,,899776016901484544,https://twitter.com/chris19thws/status/899776016901484544
PoGo_Port,2017-08-22 07:31,0,0,Militar nasa final phase na ng opensiba sa Marawi City https://politicsph.pogoport.com/militar-nasa-final-phase-na-ng-opensiba-sa-marawi-city/ …,,,,899776011566534656,https://twitter.com/PoGo_Port/status/899776011566534656
orga_ogop,2017-08-22 07:31,0,0,Militar nasa final phase na ng opensiba sa Marawi City https://politicsph.pogoport.com/militar-nasa-final-phase-na-ng-opensiba-sa-marawi-city/ …,,,,899776005463781376,https://twitter.com/orga_ogop/status/899776005463781376
RTheKrak3n,2017-08-22 07:31,0,0,Militar nasa final phase na ng opensiba sa Marawi City https://politicsph.pogoport.com/militar-nasa-final-phase-na-ng-opensiba-sa-marawi-city/ …,,,,899775995607175168,https://twitter.com/RTheKrak3n/status/899775995607175168
PIACapiz,2017-08-22 07:31,0,0,"Capiz archdiocese to send relief goods to Marawi By Jemin B. Guillermo ROXAS CITY, Capiz, Aug. 21 (PIA) – The... http://fb.me/40d5fz9nH","(['Roxas City', ' Capiz', ' Philippines'], Location((11.62493885, 122.739520941, 0.0)))",,,899775992725594112,https://twitter.com/PIACapiz/status/899775992725594112
Philippinefails,2017-08-22 07:31,0,0,@ emilyrauhala @ iamkarendavila Philippine govt had prior knowledge of Marawi and did not act http://philippinefails.blogspot.com/2017/06/martial-law-duterte-had-prior-knowledge.html … why no investigation?pic.twitter.com/0JhvqSiY8b,,@ @,,899775982898339840,https://twitter.com/Philippinefails/status/899775982898339840
GODCHIMMY,2017-08-22 07:29,0,0,sa iyong palagay bakz cavite to marawi ang layo mo delikado pa sa inyo.,,,,899775403262263297,https://twitter.com/GODCHIMMY/status/899775403262263297
MonsieurAndyLao,2017-08-22 07:18,0,1,"Nung namatay yung mga sundalo para sa Marawi, Presidente lang ang nakiramay.",,,,899772636321808385,https://twitter.com/MonsieurAndyLao/status/899772636321808385
tox_md,2017-08-22 07:16,0,0,Whats happening in marawi now? Where are the maute's and isis? Media is relatively silent,,,,899772276413009920,https://twitter.com/tox_md/status/899772276413009920
rickrick888,2017-08-22 07:15,0,0,# InsideMarawi: Students and teachers in Marawi are preparing to go back to school amid the nearly three-month long war. …,,,#,899772017758654466,https://twitter.com/rickrick888/status/899772017758654466
cnnphilippines,2017-08-22 07:15,11,22,# InsideMarawi: Students and teachers in Marawi are preparing to go back to school amid the nearly three-month long war. pic.twitter.com/oLCZMO00Ht,,,#,899771994421420032,https://twitter.com/cnnphilippines/status/899771994421420032
IndoToday24,2017-08-22 07:03,0,0,ISIS Marawi Rilis Video Minta Pejuang Asing Bergabung http://arrahmahnews.com/2017/08/22/isis-marawi-rilis-video-minta-pejuang-asing-bergabung/ …pic.twitter.com/yhWFxs2FXE,,,,899769019514978304,https://twitter.com/IndoToday24/status/899769019514978304
disasters_ph,2017-08-22 06:59,0,0,"Marawi rehabilitation needs comprehensive plan, multilateral coordination - Philippine Information Agency http://bit.ly/2wxRPmm",,,,899767857810087936,https://twitter.com/disasters_ph/status/899767857810087936
markochs69,2017-08-22 06:53,0,0,"LEGENDARY ANGEL OF ALLAH. THE INCREDIBLY BEAUTIFUL Norjanna Mimbisa Mandalog, of Marawi, Philippines, is invited... http://fb.me/3SYIfvwdC","(['Caribbean'], Location((29.705694, -98.51125, 0.0)))",,,899766425593683970,https://twitter.com/markochs69/status/899766425593683970
markochs69,2017-08-22 06:52,0,0,"CHASTE YET SUBLIME. THE INCREDIBLY BEAUTIFUL Norjanna Mimbisa Mandalog, of Marawi, Philippines, is invited to... http://fb.me/4xpzm4vyY","(['Caribbean'], Location((29.705694, -98.51125, 0.0)))",,,899766291673821184,https://twitter.com/markochs69/status/899766291673821184
DZAR1026,2017-08-22 06:52,0,0,"Mindanao State University o MSU sa Marawi, magbubukas na ng klase ngayong araw # SmniNewshttp://bit.ly/2rmNz6F","(['ACQ Tower', ' Makati', ' Philippines'], Location((14.5608377, 121.042507237, 0.0)))",,#,899766264847118337,https://twitter.com/DZAR1026/status/899766264847118337
smninewschannel,2017-08-22 06:52,0,0,"Mindanao State University o MSU sa Marawi, magbubukas na ng klase ngayong araw # SmniNewshttp://bit.ly/2rmNz6F","(['ACQ Tower', ' Makati City'], Location((14.5608377, 121.042507237, 0.0)))",,#,899766264767197184,https://twitter.com/smninewschannel/status/899766264767197184
senyorita_farah,2017-08-22 06:52,2,0,Ya Rabbi! Siyapangka so ingud ame a MARANTAO. Dingka ron kiyadaan a miyasuwa Marawi. Kapdiin ka so manga lokes... http://fb.me/Lka5JpCi,"(['Manila City', ' National Capital Region'], Location((14.5906216, 120.9799696, 0.0)))",,,899766227450515457,https://twitter.com/senyorita_farah/status/899766227450515457
markochs69,2017-08-22 06:52,0,0,"CAN'T HIDE HER LEGENDARY PINAY BEAUTY. THE INCREDIBLY BEAUTIFUL Norjanna Mimbisa Mandalog, of Marawi,... http://fb.me/1zZxoKxDd","(['Caribbean'], Location((29.705694, -98.51125, 0.0)))",,,899766145837932544,https://twitter.com/markochs69/status/899766145837932544
markochs69,2017-08-22 06:51,0,0,"SENSATIONAL EYES. THE INCREDIBLY BEAUTIFUL Norjanna Mimbisa Mandalog, of Marawi, Philippines, is invited to like... http://fb.me/6zPTpqIJF","(['Caribbean'], Location((29.705694, -98.51125, 0.0)))",,,899766006708674560,https://twitter.com/markochs69/status/899766006708674560
markochs69,2017-08-22 06:50,0,0,"THE INCREDIBLY BEAUTIFUL Norjanna Mimbisa Mandalog, of Marawi, Philippines, is invited to like WOLF MOON, http://fb.me/AviWIhGK","(['Caribbean'], Location((29.705694, -98.51125, 0.0)))",,,899765671160160256,https://twitter.com/markochs69/status/899765671160160256
meymeyofmnl,2017-08-22 06:48,12,2,"# PushAwardsSamMangubatAngels Throwback, One Music Para Sa Marawi https://twitter.com/prettycriscette/status/894173688722997248 …",,,#,899765109366546433,https://twitter.com/meymeyofmnl/status/899765109366546433
campaknows,2017-08-22 06:46,0,0,Breakfast muna bago makipaglaban sa marawi!,,,,899764604951117824,https://twitter.com/campaknows/status/899764604951117824
Amin22_Valencia,2017-08-22 06:26,0,0,I liked a @ YouTube video http://youtu.be/equCEYNlwv8?a  Los lugares mas horribles del mundo: Marawi.,,@,,899759704024334336,https://twitter.com/Amin22_Valencia/status/899759704024334336
ramnitaeee,2017-08-22 06:24,0,0,bebe ko hagis kita sa marawi eh,"(['+63', ""sitting at taetae's thighs""], Location((51.2637794, 102.9668439, 0.0)))",,,899759154549596160,https://twitter.com/ramnitaeee/status/899759154549596160
roozz0010,2017-08-22 06:19,0,0,نورتي,,,,899757978974380032,https://twitter.com/roozz0010/status/899757978974380032
Ivan226622,2017-08-22 06:19,0,0,FLASH: There’s a right way to counsel Marawi trauma victims: A team led by clinical… https://goo.gl/fb/mrMy2U,,,,899757879510654977,https://twitter.com/Ivan226622/status/899757879510654977
DaintyKiddo,2017-08-22 06:18,0,0,129 Marawi Dead Soldiers. Sigggggh. # PrayForMarawi,,,#,899757621493747713,https://twitter.com/DaintyKiddo/status/899757621493747713
ncthyucks,2017-08-22 06:17,0,1,IF TOTAL ECLIPSE MEANS END OF WAR THEN IS THE MARAWI WAR ENDING AJSKSNDJ,,,,899757421110845440,https://twitter.com/ncthyucks/status/899757421110845440
Philippinefails,2017-08-22 06:15,0,0,Philippine President had prior knowledge of Marawi attack http://philippinefails.blogspot.com/2017/06/martial-law-duterte-had-prior-knowledge.html … @ DomenicoNPR @ wpjenna @ muckrack @ driven_by_datapic.twitter.com/hgCw8yqDYY,,@ @ @ @,,899756758289100800,https://twitter.com/Philippinefails/status/899756758289100800
StevenRoodPH,2017-08-22 06:12,0,0,Ex-mayor of Marawi removed from Martial Law arrest list https://buff.ly/2weJpAE  --good counter- # ISIS news from @ del_lorenzana & @ peacegovphpic.twitter.com/6JavN8Gf1D,,@ @,#,899756001171095552,https://twitter.com/StevenRoodPH/status/899756001171095552
arj804,2017-08-22 06:09,0,3,Mapagmahal na pangulo sa Tsina. Ayaw makipagyera baka maraming mamatay na intsik. Ok lang sa kanya kung pinoy. Marawi at WOD.,,,,899755478095470593,https://twitter.com/arj804/status/899755478095470593
Luis_Jerald,2017-08-22 05:36,0,0,Meron yung mga taga marawi toy,"(['UE MNL'], Location((41.5379, 15.70998, 0.0)))",,,899747171523678208,https://twitter.com/Luis_Jerald/status/899747171523678208
ahlam_smsm0,2017-08-22 05:32,4,1,- لن اتركِك .. ولن أتخلى عنكِ ومهمآ حصل سأكون معكِ دآئماَ ..,,,,899746171303997440,https://twitter.com/ahlam_smsm0/status/899746171303997440
SuadAJH,2017-08-22 05:29,0,0,١١,"(['There \xc2\xa0\xf0\x9f\x92\x9e'], Location((39.763083, -105.0039771, 0.0)))",,,899745287635382272,https://twitter.com/SuadAJH/status/899745287635382272
Lojian4,2017-08-22 05:27,0,0,1,"(['\xd8\xa7\xd9\x84\xd9\x85\xd9\x85\xd9\x84\xd9\x83\xd8\xa9 \xd8\xa7\xd9\x84\xd8\xb9\xd8\xb1\xd8\xa8\xd9\x8a\xd8\xa9 \xd8\xa7\xd9\x84\xd8\xb3\xd8\xb9\xd9\x88\xd8\xaf\xd9\x8a\xd8\xa9'], Location((25.6242618, 42.3528328, 0.0)))",,,899744740882743296,https://twitter.com/Lojian4/status/899744740882743296
MohamedGalaly,2017-08-22 05:21,0,0,قمة الاخلاص,,,,899743227393093633,https://twitter.com/MohamedGalaly/status/899743227393093633
DailyStarPH,2017-08-22 05:20,0,0,There’s a right way to counsel Marawi trauma victims - https://www.dailystarph.com/theres-a-right-way-to-counsel-marawi-trauma-victims/ …pic.twitter.com/UP3I2rfwL1,"(['Republic of the Philippines'], Location((12.7503486, 122.7312101, 0.0)))",,,899743032249122816,https://twitter.com/DailyStarPH/status/899743032249122816
PyPo5dRLs1Ak5IX,2017-08-22 05:19,0,0,صباحو عسل,"(['Iraq'], Location((33.0955793, 44.1749775, 0.0)))",,,899742822512939009,https://twitter.com/PyPo5dRLs1Ak5IX/status/899742822512939009
nerowattz,2017-08-22 05:18,0,0,There’s a right way to counsel Marawi trauma victims http://inq.ph/inqmobileapp http://ift.tt/2wrI8XI,"(['Makati City'], Location((14.5591272, 121.0202094, 0.0)))",,,899742546691211264,https://twitter.com/nerowattz/status/899742546691211264
m1401ssga,2017-08-22 05:10,2,0,الماسة تلبس الماسة,,,,899740565402783747,https://twitter.com/m1401ssga/status/899740565402783747
Andy_Burton,2017-08-22 04:54,0,0,"ISIS releases English-spoken video about Marawi, calls on foreign fighters to join battle http://dlvr.it/PgfcdM","(['Grimsby', ' England'], Location((53.5677371, -0.0736289, 0.0)))",,,899736424617922560,https://twitter.com/Andy_Burton/status/899736424617922560
MobilitySpain,2017-08-22 04:54,0,0,"ISIS releases English-spoken video about Marawi, calls on foreign fighters to join battle http://dlvr.it/PgfcWc","(['Jacarilla', ' Espa\xc3\xb1a'], Location((38.061345, -0.8680849, 0.0)))",,,899736413079445504,https://twitter.com/MobilitySpain/status/899736413079445504
OccupySchagen,2017-08-22 04:49,0,0,"ISIS releases English-spoken video about Marawi, calls on foreign fighters to join battle https://aml.ink/6fGyQ  via @ thearabsource","(['Schagen The Netherlands'], Location((52.784346, 4.78914914517, 0.0)))",@,,899735124786331648,https://twitter.com/OccupySchagen/status/899735124786331648
Sahoma_q8,2017-08-22 04:43,1,1,لانك حاطه رمز الكويت يم اسمج ( q8 ),"(['\xd9\x83\xd9\x8a\xd9\x81\xd8\xa7\xd9\x86', ' \xd8\xaf\xd9\x88\xd9\x84\xd8\xa9 \xd8\xa7\xd9\x84\xd9\x83\xd9\x88\xd9\x8a\xd8\xaa'], Location((29.3385681, 47.9618183, 0.0)))",,,899733825131032576,https://twitter.com/Sahoma_q8/status/899733825131032576
ThaNia_Piah143,2017-08-22 04:39,0,0,"Isa ka tawo namatay gidumog. Daghan namatay ddtos marawi nangamata ni effort mu ug adto? Apil pulis, sundalo ug... http://fb.me/1wM4EgcEV","(['Philippines'], Location((12.7503486, 122.7312101, 0.0)))",,,899732790018686976,https://twitter.com/ThaNia_Piah143/status/899732790018686976
marawi_q8,2017-08-22 04:38,1,0,@ 0hanin0 ،❥ ˓٭˛ ؛ لا اشتقت لعيونك و حنيّت لوصآلك ،، رشيّت عطرك على كفي وشميته ،، ┈┈┉✿•༻♡༺✿┉┈┈pic.twitter.com/JmsldClBG9,,@,,899732396165214210,https://twitter.com/marawi_q8/status/899732396165214210
marawi_q8,2017-08-22 04:35,1,0,انه قريبه منك لدرجه الكل يقولي انتي كويتية,,,,899731787093618688,https://twitter.com/marawi_q8/status/899731787093618688
Sahoma_q8,2017-08-22 04:34,2,1,عساها الدنيا تضحك لك عساك تعيش متهني ترى من قلبي افرح لك ولو انك بعيده عني,"(['\xd9\x83\xd9\x8a\xd9\x81\xd8\xa7\xd9\x86', ' \xd8\xaf\xd9\x88\xd9\x84\xd8\xa9 \xd8\xa7\xd9\x84\xd9\x83\xd9\x88\xd9\x8a\xd8\xaa'], Location((29.3385681, 47.9618183, 0.0)))",,,899731558982135809,https://twitter.com/Sahoma_q8/status/899731558982135809
aga9NTeeHFSTM4Q,2017-08-22 04:34,0,0,,,,,899731522009395205,https://twitter.com/aga9NTeeHFSTM4Q/status/899731522009395205
marawi_q8,2017-08-22 04:33,3,7,وأنا كما كُنت أول مرّه حين أخبرتُك أني لا أسعى لـ شيء سوى إبتسامتك ومازلت. # ايديpic.twitter.com/DkUyoa5yyP,,,#,899731297689587712,https://twitter.com/marawi_q8/status/899731297689587712
marawi_q8,2017-08-22 04:31,6,17,pic.twitter.com/Fu5CSkDqil,,,,899730811523674113,https://twitter.com/marawi_q8/status/899730811523674113
Sahoma_q8,2017-08-22 04:30,2,2,وه فديتها دلوعتي مراوي,"(['\xd9\x83\xd9\x8a\xd9\x81\xd8\xa7\xd9\x86', ' \xd8\xaf\xd9\x88\xd9\x84\xd8\xa9 \xd8\xa7\xd9\x84\xd9\x83\xd9\x88\xd9\x8a\xd8\xaa'], Location((29.3385681, 47.9618183, 0.0)))",,,899730513379958785,https://twitter.com/Sahoma_q8/status/899730513379958785
jheffdeleon,2017-08-22 04:28,0,0,I added a video to a @ YouTube playlist http://youtu.be/ltZWq8OdRhc?a  Mindanao State University in Marawi to Reopen With Increased Security,,@,,899730069987500034,https://twitter.com/jheffdeleon/status/899730069987500034
docu_leak,2017-08-22 04:22,0,0,Isn't its their responsibility to safeguard Marawi from all kinds if terrorism and instability and for that matter The Alonto's?,"(['Life is here'], Location((2.8742433, 30.9831033, 0.0)))",,,899728469914820609,https://twitter.com/docu_leak/status/899728469914820609
docu_leak,2017-08-22 04:12,0,0,Sa totoo lang naisip ko rin yan. Bakit? Are [someone] accomplice in Marawi Rebellion? https://twitter.com/72Meig/status/899525020447195136 …,"(['Life is here'], Location((2.8742433, 30.9831033, 0.0)))",,,899725919408881664,https://twitter.com/docu_leak/status/899725919408881664
sanngmele,2017-08-22 04:07,0,0,han muerto unos 300 soldados y la ciudad de Marawi sigue en manos del ISIS,,,,899724669837824001,https://twitter.com/sanngmele/status/899724669837824001
bdsaguing,2017-08-22 04:05,0,0,"Troops, police start cleaning, repairing ruined streets of Marawi http://news.mb.com.ph/2017/08/22/troops-police-start-cleaning-repairing-ruined-streets-of-marawi/ … via @ manila_bulletin","(['Rome', ' Italy'], Location((34.257038, -85.1646726, 0.0)))",@,,899724065459634176,https://twitter.com/bdsaguing/status/899724065459634176
marawi_q8,2017-08-22 04:03,0,2,بنورك حبيبتي سهومه امواح,,,,899723722852098048,https://twitter.com/marawi_q8/status/899723722852098048
PolitikoWatch,2017-08-22 04:00,0,0,Only 50-60 terrorists left in Marawi - AFP https://www.youtube.com/watch?v=3p2H-zpABfo …,,,,899722776440782849,https://twitter.com/PolitikoWatch/status/899722776440782849
graciemil,2017-08-22 03:56,0,0,BATTLE FOR MARAWI. CIVILIANS SUFFER WHILE ARMY BATTLES ISIS MILITANTS IN PHILIPPINES. http://fb.me/865dH6sPd,,,,899721844126646272,https://twitter.com/graciemil/status/899721844126646272
Sahoma_q8,2017-08-22 03:50,2,1,منوره مرااااوي,"(['\xd9\x83\xd9\x8a\xd9\x81\xd8\xa7\xd9\x86', ' \xd8\xaf\xd9\x88\xd9\x84\xd8\xa9 \xd8\xa7\xd9\x84\xd9\x83\xd9\x88\xd9\x8a\xd8\xaa'], Location((29.3385681, 47.9618183, 0.0)))",,,899720391861706753,https://twitter.com/Sahoma_q8/status/899720391861706753
moor_facts,2017-08-22 03:49,0,0,"Indonesian officials have said dozens of Indonesians have travelled to the southern Philippine city of Marawi to fight with ... IS."" https://twitter.com/SugarAndMusk/status/895361593961205761 …""","(['United Kingdom'], Location((25.2232283, 55.1594933009, 0.0)))",,,899720107508867072,https://twitter.com/moor_facts/status/899720107508867072
johnpaulexists,2017-08-22 03:48,0,0,"Yung gulo sa Marawi, di na halos naibabalita ng media. People are also dying there. Yung buntis na pinatay ng pusher, parang ignored lang.","(['Iloilo City', ' Western Visayas'], Location((10.7026718, 122.5686136, 0.0)))",,,899719998385471488,https://twitter.com/johnpaulexists/status/899719998385471488
joharyrmaulana,2017-08-22 03:46,0,0,Miyakadapanas Marawi ka di pSosorota mga mranao aya sa ingud....mapasang man,"(['MINDANAO'], Location((7.68980415, 125.236399692, 0.0)))",,,899719500412575744,https://twitter.com/joharyrmaulana/status/899719500412575744
aqohcCharLz,2017-08-22 03:33,0,0,Religious and Political dogma. The ISIS other side of story. # Marawi # NeverEndingWar http://fb.me/ZZApFeAo,"(['Fish Man Island'], Location((39.85123165, -89.6251487625, 0.0)))",,# #,899716055513284608,https://twitter.com/aqohcCharLz/status/899716055513284608
Marawi_Ahmad2,2017-08-22 03:21,0,0,السلام عليكم .. سجلنا بقياس وتم دفع المبلغ لكن بالموقع لسى لم يتم الدفع وتحت الاحتياط ولم تصل رساله للجوال,,,,899713012495470592,https://twitter.com/Marawi_Ahmad2/status/899713012495470592
3Qmr5JxZepJEiSE,2017-08-22 03:10,0,0,مساءءءءءءءءء الورررررررررد,,,,899710271698108417,https://twitter.com/3Qmr5JxZepJEiSE/status/899710271698108417
erssn34,2017-08-22 03:09,0,0,"ISIS releases English-spoken video about Marawi, calls on foreign fighters to join battle http://dld.bz/gaXWV",,,,899710004097363968,https://twitter.com/erssn34/status/899710004097363968
simply_willy28,2017-08-22 03:08,0,0,see u soon iligan and marawi. :) pic.twitter.com/3nAeuQZVD5,"(['manila'], Location((14.5906216, 120.9799696, 0.0)))",,,899709751105212416,https://twitter.com/simply_willy28/status/899709751105212416
pm_magazin,2017-08-22 03:00,0,0,Wie steht es um Marawi? https://philippinenmagazin.de/2017/08/22/wie-steht-es-um-marawi/ …pic.twitter.com/2JjGKl5sWz,"(['Republic of the Philippines'], Location((12.7503486, 122.7312101, 0.0)))",,,899707889333481476,https://twitter.com/pm_magazin/status/899707889333481476
MrCatStubble,2017-08-22 03:00,0,1,"@ realDonaldTrump ISIS releases English-spoken video about Marawi, calls on foreign fighters to join battle https://aml.ink/6fGyQ",,@,,899707691949449221,https://twitter.com/MrCatStubble/status/899707691949449221
RawDawgBuffalo,2017-08-22 02:52,0,0,"ISIS releases English-spoken video about Marawi, calls on foreign fighters to join battle https://aml.ink/6fGyQ  via @ thearabsource",,@,,899705687051251714,https://twitter.com/RawDawgBuffalo/status/899705687051251714
aeeam12,2017-08-22 02:48,0,0,صحه وهنا,,,,899704749276233729,https://twitter.com/aeeam12/status/899704749276233729
samplgrno,2017-08-22 02:45,0,1,"puro kayo dun puro kayo dun,dun kayo sa marawi mga letseng post sa fb ngaun ang lalandi nakakabeastmode-on","(['Mandaluyong City'], Location((14.5774598, 121.0334694, 0.0)))",,,899704047015350272,https://twitter.com/samplgrno/status/899704047015350272
marawi_q8,2017-08-22 02:43,0,0,ما أندم عندي ظهر,,,,899703538477150208,https://twitter.com/marawi_q8/status/899703538477150208
Athbi_q89,2017-08-22 02:42,0,0,طيب بكره تندم ي قميل,,,,899703357903962112,https://twitter.com/Athbi_q89/status/899703357903962112
marawi_q8,2017-08-22 02:42,0,0,ما بعلمك ولا افهمك روح عني,,,,899703261611143170,https://twitter.com/marawi_q8/status/899703261611143170
marawi_q8,2017-08-22 02:40,0,0,لا انه اكلمك ظفاري أسألك وقولك ليش ما تفهم كلامي,,,,899702867673722885,https://twitter.com/marawi_q8/status/899702867673722885
Athbi_q89,2017-08-22 02:40,0,0,ساحره,,,,899702676329463808,https://twitter.com/Athbi_q89/status/899702676329463808
marawi_q8,2017-08-22 02:39,0,0,,,,,899702585699037184,https://twitter.com/marawi_q8/status/899702585699037184
marawi_q8,2017-08-22 02:38,1,0,شيادي مشان بالله عليق,,,,899702317938868228,https://twitter.com/marawi_q8/status/899702317938868228
Athbi_q89,2017-08-22 02:38,1,0,سلام عليك مافهمت شي,,,,899702168294481924,https://twitter.com/Athbi_q89/status/899702168294481924
marawi_q8,2017-08-22 02:37,1,0,قدوه بالله تحاكمني شماق,,,,899702003223470080,https://twitter.com/marawi_q8/status/899702003223470080
marawi_q8,2017-08-22 02:36,0,0,هلا فيك,,,,899701843433050113,https://twitter.com/marawi_q8/status/899701843433050113
Athbi_q89,2017-08-22 02:36,1,0,انا اشك فيك انتي بويه شي,,,,899701793248161792,https://twitter.com/Athbi_q89/status/899701793248161792
RAZANALI119,2017-08-22 02:36,0,0,مسسسااااا الفل,"(['\xd8\xa3\xd8\xa8\xd9\x88\xd8\xb8\xd8\xa8\xd9\x8a', ' \xd8\xa7\xd9\x84\xd8\xa7\xd9\x85\xd8\xa7\xd8\xb1\xd8\xa7\xd8\xaa \xd8\xa7\xd9\x84\xd8\xb9\xd8\xb1\xd8\xa8\xd9\x8a\xd8\xa9 \xd8\xa7\xd9\x84\xd9\x85\xd8\xaa\xd8\xad'], Location((24.39647445, 54.5366630864, 0.0)))",,,899701695759994880,https://twitter.com/RAZANALI119/status/899701695759994880
marawi_q8,2017-08-22 02:36,1,0,كيفك يعني اذا كلمتك ظفاري ما بتفهم شي من كلامي انت,,,,899701682636025856,https://twitter.com/marawi_q8/status/899701682636025856
abomazn54,2017-08-22 02:35,0,0,مساء الوجود مساء السعاده لكي مسائي أنتي مسائي وجودك بيومي منوره بطلتك,"(['\xd8\xac\xd8\xaf\xd8\xa9', ' \xd8\xa7\xd9\x84\xd9\x85\xd9\x85\xd9\x84\xd9\x83\xd8\xa9 \xd8\xa7\xd9\x84\xd8\xb9\xd8\xb1\xd8\xa8\xd9\x8a\xd8\xa9 \xd8\xa7\xd9\x84\xd8\xb3\xd8\xb9\xd9\x88\xd8\xaf\xd9\x8a\xd8\xa9'], Location((21.5822247, 39.1640396, 0.0)))",,,899701510870769666,https://twitter.com/abomazn54/status/899701510870769666
Athbi_q89,2017-08-22 02:35,1,0,شحالج شنو قصده,,,,899701448660852736,https://twitter.com/Athbi_q89/status/899701448660852736
ConceptGrp,2017-08-22 02:35,4,0,Maute death toll in Marawi now 583 # AFP # MarawiCity # Mautedeathtollhttp://conceptnewscentral.com/index.php/2017/08/22/maute-death-toll-marawi-now-583/ …,,,# # #,899701433712300032,https://twitter.com/ConceptGrp/status/899701433712300032
marawi_q8,2017-08-22 02:35,1,6,نصيحه ؟؟ إذا لم تكن قادراً على إحتواء من تُحب فلا تزرع فيه نبضاً لا يعرف كيف يهدأ..!!pic.twitter.com/kyh3ulJkcb,,,,899701392692137985,https://twitter.com/marawi_q8/status/899701392692137985
marawi_q8,2017-08-22 02:34,0,0,مساء النور اشحالج,,,,899701270977671172,https://twitter.com/marawi_q8/status/899701270977671172
Athbi_q89,2017-08-22 02:33,1,0,.. مِسَآءْالــوَرْد،،,,,,899701037241520128,https://twitter.com/Athbi_q89/status/899701037241520128
marawi_q8,2017-08-22 02:33,4,14,مساء رايق لمن يعشق مسايي ولمن يعشق وجودي مساء الخير للجميعpic.twitter.com/SAuvN1cKQP,,,,899700932287406080,https://twitter.com/marawi_q8/status/899700932287406080
DZMMTeleFeed,2017-08-22 02:30,0,0,"Isa pang sundalo, patay sa bakbakan sa Marawi City",,,,899700134358810624,https://twitter.com/DZMMTeleFeed/status/899700134358810624
marawi_q8,2017-08-22 02:13,1,2,سلوتي,,,,899696093717557249,https://twitter.com/marawi_q8/status/899696093717557249
marawi_q8,2017-08-22 02:03,0,0,ماماتي العودة انتي,,,,899693513897652226,https://twitter.com/marawi_q8/status/899693513897652226
Sahoma_q8,2017-08-22 02:02,2,2,ميزتك ان معدنك زين و طيبتك تكحل العين و عيبك .. • • ما انخلق من مثلك اثنين,"(['\xd9\x83\xd9\x8a\xd9\x81\xd8\xa7\xd9\x86', ' \xd8\xaf\xd9\x88\xd9\x84\xd8\xa9 \xd8\xa7\xd9\x84\xd9\x83\xd9\x88\xd9\x8a\xd8\xaa'], Location((29.3385681, 47.9618183, 0.0)))",,,899693310872350722,https://twitter.com/Sahoma_q8/status/899693310872350722
marawi_q8,2017-08-22 01:45,5,13,@ Sahoma_q8 ألف أحبّك .. مآ توّفي لك أبدْ أنت قدرك فوق ( أحبّك ) كلّهآ pic.twitter.com/TqljSXZVi3,,@,,899689020581609473,https://twitter.com/marawi_q8/status/899689020581609473
AndrewBudsock,2017-08-22 01:44,0,0,What is really going on with # ISIS in the # Philippines https://buff.ly/2wgUcdz # Marawi # Daeshpic.twitter.com/7AeI5Nqig4,"(['New York', ' NY'], Location((40.7306458, -73.9866136, 0.0)))",,# # # #,899688687260270592,https://twitter.com/AndrewBudsock/status/899688687260270592
angelicaprado27,2017-08-22 01:44,0,0,Ahay.. Tani nag bisita man kamo sa Marawi kag sa pamilya nga gn pang Massacre ka mga adik noh? http://fb.me/7RttEEyuZ,"(['Bacolod City ( Philippines )'], Location((10.6762836, 122.9513786, 0.0)))",,,899688550530240512,https://twitter.com/angelicaprado27/status/899688550530240512
Impakterdotcom,2017-08-22 01:36,6,2,What is really going on with # ISIS in the # Philippines https://buff.ly/2wgUcdz # Marawi # Daeshpic.twitter.com/nuOJqb9iQJ,,,# # # #,899686560060366848,https://twitter.com/Impakterdotcom/status/899686560060366848
Imsherwinzuniga,2017-08-22 01:33,0,0,interview with the organizers of himig ng pagkakaisa para sa marawi.. http://fb.me/917YA18Kv,"(['Jeddah Kingdom Of Saudi Arabia'], Location((21.5822247, 39.1640396, 0.0)))",,,899686005644685316,https://twitter.com/Imsherwinzuniga/status/899686005644685316
Sahoma_q8,2017-08-22 01:24,4,7,صحه و عافيه و عسى دووم مروقه ، الله لا يحرمني من طلتج الحلوه هنودتي,"(['\xd9\x83\xd9\x8a\xd9\x81\xd8\xa7\xd9\x86', ' \xd8\xaf\xd9\x88\xd9\x84\xd8\xa9 \xd8\xa7\xd9\x84\xd9\x83\xd9\x88\xd9\x8a\xd8\xaa'], Location((29.3385681, 47.9618183, 0.0)))",,,899683587372482563,https://twitter.com/Sahoma_q8/status/899683587372482563
joshmolloy101,2017-08-22 01:23,0,2,Pro ISIS supporters discuss getting TEFL qualifications in order to travel for jihad. Follows calls from IS in Marawi for jihadists to join. pic.twitter.com/vErB1dX2x5,"(['Ireland'], Location((52.865196, -7.9794599, 0.0)))",,,899683376403288065,https://twitter.com/joshmolloy101/status/899683376403288065
bobbyestilo,2017-08-22 01:22,0,0,Binoy...5m donate for marawi.?,,,,899683024354254854,https://twitter.com/bobbyestilo/status/899683024354254854
WarlordSwag,2017-08-22 01:19,1,5,"Tentara Filipina dengan alat beratnya, memburu kelompok ISIS yang melakukan teror di Marawi, Filipina. pic.twitter.com/fCxFT09VGE","(['Jakarta Utara', ' DKI Jakarta'], Location((-6.136197, 106.900690224, 0.0)))",,,899682380948021248,https://twitter.com/WarlordSwag/status/899682380948021248
abomazn54,2017-08-22 01:19,0,0,اذا مر يوم ولم اتذكر به أن اقول صباحك سكر فلاتحزني من ذهولي وصمتي ولاتحسبي ان شئ تغير فحين انا لااقول احب فمعناه اني احبك اكثر صبــاحك سكــر,"(['\xd8\xac\xd8\xaf\xd8\xa9', ' \xd8\xa7\xd9\x84\xd9\x85\xd9\x85\xd9\x84\xd9\x83\xd8\xa9 \xd8\xa7\xd9\x84\xd8\xb9\xd8\xb1\xd8\xa8\xd9\x8a\xd8\xa9 \xd8\xa7\xd9\x84\xd8\xb3\xd8\xb9\xd9\x88\xd8\xaf\xd9\x8a\xd8\xa9'], Location((21.5822247, 39.1640396, 0.0)))",,,899682378884542466,https://twitter.com/abomazn54/status/899682378884542466
ssh_drco,2017-08-22 01:11,0,0,Tara may kotse nako non. Marawi tayo?,,,,899680302947123200,https://twitter.com/ssh_drco/status/899680302947123200
marawi_q8,2017-08-22 01:07,0,1,ما توصل لهاذا الشي حنين حرام عليك,,,,899679279595835393,https://twitter.com/marawi_q8/status/899679279595835393
Sahoma_q8,2017-08-22 01:06,1,2,ي عمري شفيج لا تتضايقي فديتج .. انتي نبض قلبي,"(['\xd9\x83\xd9\x8a\xd9\x81\xd8\xa7\xd9\x86', ' \xd8\xaf\xd9\x88\xd9\x84\xd8\xa9 \xd8\xa7\xd9\x84\xd9\x83\xd9\x88\xd9\x8a\xd8\xaa'], Location((29.3385681, 47.9618183, 0.0)))",,,899679160209113089,https://twitter.com/Sahoma_q8/status/899679160209113089
l0necrescent,2017-08-22 00:56,0,0,sana nga kaya patigilin ng eclipse yung gulo sa marawi :(,"(['PH'], Location((12.44249325, 122.160395164, 0.0)))",,,899676609405272064,https://twitter.com/l0necrescent/status/899676609405272064
marawi_q8,2017-08-22 00:54,3,5,"♩❋ , مشتآق أسولف لگ عن شقآ صمت الآشوآق كُل ليـله pic.twitter.com/nLq1Wb0JLS",,,,899675976644390912,https://twitter.com/marawi_q8/status/899675976644390912
roo7e28,2017-08-22 00:53,0,1,6ناحج,,,,899675754065276932,https://twitter.com/roo7e28/status/899675754065276932
Fortun2016,2017-08-22 00:44,0,0,Actually Marawi will be next.,,,,899673550184951809,https://twitter.com/Fortun2016/status/899673550184951809
ldrnclprz,2017-08-22 00:43,0,0,Mas ning duaw pa sila kay kian pero sa nga sundalo sa mga marawi wala jud. loslos ninyo!! mga matay unta mo oy.... http://fb.me/5A9XSCLzP,"(['Republic of the Philippines'], Location((12.7503486, 122.7312101, 0.0)))",,,899673317925416960,https://twitter.com/ldrnclprz/status/899673317925416960
Haneen19ksa,2017-08-22 00:42,0,0,,"(['Kingdom of Saudi Arabia'], Location((-6.8638235, 39.2551949, 0.0)))",,,899672985786871808,https://twitter.com/Haneen19ksa/status/899672985786871808
jrcsncdy,2017-08-22 00:39,0,0,"marines ako bakla, takot ako maisama sa gyera sa marawi kaya ayoko mag army e.","(['Taguig City'], Location((14.5266254, 121.074403, 0.0)))",,,899672418028896258,https://twitter.com/jrcsncdy/status/899672418028896258
janeycute22,2017-08-22 00:34,0,0,Marawi haha # PushAwardsTeamKisses,"(['Republic of the Philippines'], Location((12.7503486, 122.7312101, 0.0)))",,#,899670986294870017,https://twitter.com/janeycute22/status/899670986294870017
su_perMiel,2017-08-22 00:27,0,0,Padala na to sa Marawi,"(['Western Visayas', ' Republic of t'], Location((10.67295935, 122.722990873, 0.0)))",,,899669413359624192,https://twitter.com/su_perMiel/status/899669413359624192
phildaily,2017-08-22 00:16,0,0,"Troops, police start cleaning, repairing ruined streets of Marawi - Manila Bulletin https://goo.gl/fb/f4aSes",,,,899666503548719104,https://twitter.com/phildaily/status/899666503548719104
ExtremistWatch_,2017-08-22 00:13,2,1,"AFP: Video shows militants' intention of establishing Islamic state in Marawi | Headlines, News, The Philippine ... http://ref.gl/FrwIVLww","(['Richmond', ' VA'], Location((37.5385087, -77.43428, 0.0)))",,,899665870141636615,https://twitter.com/ExtremistWatch_/status/899665870141636615
iheartu1215,2017-08-22 00:12,0,1,Grabing labanan to bewa prang marawi war lng walang tulogan Hahaha MusicVideoFor MAYMAY # PushAwardsMayWardshttps://twitter.com/FIGHTER_BADIDAY/status/899664654527483904 …,"(['National Capital Region', ' Repub'], Location((14.5736108, 121.0329706, 0.0)))",,#,899665536329502720,https://twitter.com/iheartu1215/status/899665536329502720
xdimplezn,2017-08-22 00:08,0,0,nw: marawi documentaries,"(['somewhere in south'], Location((40.6869242, -111.4778588, 0.0)))",,,899664431990185984,https://twitter.com/xdimplezn/status/899664431990185984
omeelemilio,2017-08-22 00:05,0,1,owae nda. Naba pn aya banda so bomba sa marawi na mianug saya bo hahaha,"(['Ph'], Location((12.44249325, 122.160395164, 0.0)))",,,899663736000069632,https://twitter.com/omeelemilio/status/899663736000069632
aresGutierrez,2017-08-22 00:05,0,0,Nakalimutan na ang Marawi,"(['Pilipinas'], Location((12.7503486, 122.7312101, 0.0)))",,,899663722200813568,https://twitter.com/aresGutierrez/status/899663722200813568
MaxSecurityLTD,2017-08-22 00:03,0,1,# IslamicState-linked media releases video supporting efforts of affiliated groups in # Marawi; shows high priority in SE Asia # Philippines,"(['Europe', ' Middle East', ' Africa', ' Asia', ' Americas'], Location((51.0, 10.0, 0.0)))",,# # #,899663271367770113,https://twitter.com/MaxSecurityLTD/status/899663271367770113
marawi_q8,2017-08-22 00:02,3,6,انه جايه,,,,899663024348426240,https://twitter.com/marawi_q8/status/899663024348426240
anjstarry,2017-08-21 23:58,0,0,"Yung mga artistang puro kuda sa isyu kay Kian, mas maganda kung bawasan nyo milyon nyo at magcharity sa mga pamilya sa Marawi!","(['Antipolo City'], Location((14.5870262, 121.1758611, 0.0)))",,,899661968734212096,https://twitter.com/anjstarry/status/899661968734212096
PIA_LanaoNorte,2017-08-21 23:57,0,0,"Marawi rehabilitation needs comprehensive plan, multilateral coordination http://fb.me/1gTE2BrEF",,,,899661840996864001,https://twitter.com/PIA_LanaoNorte/status/899661840996864001
PIA_LanaoNorte,2017-08-21 23:55,0,0,TFBM member-agencies to fast track Marawi recovery http://fb.me/1UY4okZ2k,,,,899661340154974209,https://twitter.com/PIA_LanaoNorte/status/899661340154974209
GalangJOVINO,2017-08-21 23:51,0,0,"Pagbubukas ng klase sa MSU bukas, senyales na bumabalik na sa normal ang sitwasyon sa Marawi",,,,899660352543105028,https://twitter.com/GalangJOVINO/status/899660352543105028
loidita,2017-08-21 23:51,0,5,So was the Marawi crisis created to keep the AFP busy? Hmm..Meantime China inching ever closer & PNP on murderous rampage,"(['Philippines'], Location((12.7503486, 122.7312101, 0.0)))",,,899660180085891075,https://twitter.com/loidita/status/899660180085891075
akosiPat_rick,2017-08-21 23:50,0,0,Mga kamay na bakal daw ngang talaga. Pero noong magsimula ang giyera sa marawi para kayong batang naghahanap ng amang mapagtataguan.,"(['Mu\xc3\xb1oz Nueva Ecija'], Location((15.7131359, 120.9041785, 0.0)))",,,899659988867600384,https://twitter.com/akosiPat_rick/status/899659988867600384
maramagutlapig,2017-08-21 23:48,7,22,"I hope after he finishes his work in Marawi, he finishes you. https://twitter.com/ABSCBNNews/status/899630788446048256 …",,,,899659378084651009,https://twitter.com/maramagutlapig/status/899659378084651009
videoztrending,2017-08-21 23:47,0,0,PANOORIN| Ang mas malinaw na footage ng digmaan sa Marawi http://ift.tt/2uZgmBf,,,,899659331490246656,https://twitter.com/videoztrending/status/899659331490246656
videoztrending,2017-08-21 23:47,0,0,WATCH | Nakasagupa ng militar ang ilang armadong lalaki na posibleng reinforcement daw ng mga terorista sa Marawi http://ift.tt/2vhEPNJ,,,,899659328910761985,https://twitter.com/videoztrending/status/899659328910761985
_ichbinxyzha,2017-08-21 23:41,0,0,Marawi https://twitter.com/ZeeAlontoAdiong/status/899316160562200576 …,"(['Manila', ' Philippines'], Location((14.5906216, 120.9799696, 0.0)))",,,899657802653646848,https://twitter.com/_ichbinxyzha/status/899657802653646848
white_bite,2017-08-21 23:36,0,0,Sa tingin mo talaga ang mga yan hindi napapansin? Da tingin mo na maraminsa mga pumunta kanina hindi agad rumesponde s mga biktima ng Marawi,,,,899656364519071744,https://twitter.com/white_bite/status/899656364519071744
omeelemilio,2017-08-21 23:30,0,0,Babalik at babalik ka rin sa pinanggalingan mo. So yeah babalikan ka namin marawi maybe not now but soon we will. InshaAllah,"(['Ph'], Location((12.44249325, 122.160395164, 0.0)))",,,899654954721214464,https://twitter.com/omeelemilio/status/899654954721214464
JoyfulHun_,2017-08-21 23:27,0,0,Hometown ko marawi/iligan pero sa cebu ako nag aaral since k1,,,,899654080498253824,https://twitter.com/JoyfulHun_/status/899654080498253824
kajong28,2017-08-21 23:26,0,0,"from comment section: If Ninoy were alive today, he would assist the Maute escape from Marawi and build a new... http://fb.me/3SJEZb0WZ","(['Pilipinas'], Location((12.7503486, 122.7312101, 0.0)))",,,899653960692154368,https://twitter.com/kajong28/status/899653960692154368
chadonayre03,2017-08-21 23:26,0,0,Tiga marawi,,,,899653859362062338,https://twitter.com/chadonayre03/status/899653859362062338
VidSocial,2017-08-21 23:25,0,0,Maute terrorists holed up in Marawi grand mosque – ABS-CBN News http://vidsocial.com/maute-terrorists-holed-up-in-marawi-grand-mosque-abs-cbn-news/ …,,,,899653667317571584,https://twitter.com/VidSocial/status/899653667317571584
NinjaJannine,2017-08-21 23:20,0,1,Sa Marawi man ka ipa adto abdul HAHAHAHHAA,,,,899652354210799617,https://twitter.com/NinjaJannine/status/899652354210799617
bebeyassi,2017-08-21 23:18,0,0,Marawi city # PushAwardsMayWards MusicVideoFor MAYMAY,"(['Phillipines'], Location((10.2447856, -61.4561398, 0.0)))",,#,899651932175835136,https://twitter.com/bebeyassi/status/899651932175835136
japroberto_,2017-08-21 23:10,0,0,"so nagsearch ako, available to all mindanao stores only HAHAHAHAHAHAHA tara, marawi?","(['PH'], Location((12.44249325, 122.160395164, 0.0)))",,,899650038997032960,https://twitter.com/japroberto_/status/899650038997032960
softboyhoweII,2017-08-21 23:09,0,1,nagsabi kasi sya dati na andaming nagrereklamo from luzon tungkol dun sa marawi martial law issue eh nagtwitter war kami nun haha,,,,899649606203527168,https://twitter.com/softboyhoweII/status/899649606203527168
softboyhoweII,2017-08-21 23:07,0,2,i dont want j* la*am*na to attack me here i am done with his shit since the marawi martial law issue,,,,899649265902825474,https://twitter.com/softboyhoweII/status/899649265902825474
Philippinefails,2017-08-21 23:07,0,0,if only they cared enough to investigate the prior knowledge govt had of Marawi attacks! http://philippinefails.blogspot.com/2017/06/martial-law-duterte-had-prior-knowledge.html … @ inquirerdotnet @ gmanewspic.twitter.com/JtXi8U6l6h,,@ @,,899649055575351296,https://twitter.com/Philippinefails/status/899649055575351296
judge_abesamis,2017-08-21 23:05,0,0,I added a video to a @ YouTube playlist http://youtu.be/RIeBvg5mobw?a  Ganito na ang Marawi ngayon,"(['Philippines'], Location((12.7503486, 122.7312101, 0.0)))",@,,899648602959642625,https://twitter.com/judge_abesamis/status/899648602959642625
Philippinefails,2017-08-21 23:04,0,0,@ mariaressa when will there be a senate inquiry into prior knowledge of Marawi attack? @ senatePH @ VPPilipinas @ risahontiverospic.twitter.com/sXXyTdFTCh,,@ @ @ @,,899648289028530180,https://twitter.com/Philippinefails/status/899648289028530180
imMJTan,2017-08-21 23:03,0,0,Mga sundalo sa marawi dalawin nyo kasi kailangan din nila ng supporta nyo http://fb.me/3TQQUSfIT,"(['Makati City'], Location((14.5591272, 121.0202094, 0.0)))",,,899648247832215552,https://twitter.com/imMJTan/status/899648247832215552
LillLovelyblues,2017-08-21 22:57,0,0,favorite nya yan. Kinanta nya yan dun sa Awit para sa Marawi,,,,899646674682781696,https://twitter.com/LillLovelyblues/status/899646674682781696
everwimm,2017-08-21 22:56,2,5,So mukhang pinanood ni papa pe performance ni maris sa awit para sa marawi hay hay hay,,,,899646455865987072,https://twitter.com/everwimm/status/899646455865987072
Jepongkopongko,2017-08-21 22:55,0,0,Deploy mis marawi bars hahahaa,"(['Cebu City', ' Central Visayas'], Location((10.3090298, 123.8930839, 0.0)))",,,899646241088208896,https://twitter.com/Jepongkopongko/status/899646241088208896
itsmejmstan,2017-08-21 22:55,0,0,We are now accepting pre-orders of We Are Marawi shirts for only 299.00 pesos.,"(['MNL'], Location((14.5121499, 121.022046716, 0.0)))",,,899646152454352896,https://twitter.com/itsmejmstan/status/899646152454352896
ZZZjade_steller,2017-08-21 22:54,2,1,Oo .papa pe. Kinanta niya yan sa concert para sa marawi # PushAwardsMarNigos # PushAwardsMariestellers,,,# #,899645989278982145,https://twitter.com/ZZZjade_steller/status/899645989278982145
Eisha_Eligio,2017-08-21 22:53,0,4,Kinanta niya un sa Awit para sa Marawi icover nyo un Pugeh!!!!,,,,899645692200669186,https://twitter.com/Eisha_Eligio/status/899645692200669186
BenhamRise,2017-08-21 22:53,0,0,Minda News SOMEONE ELSE'S WINDOWS: Marawi Siege and the Question of Shifting AlliancesMinda NewsThe US is trying … http://ift.tt/2vX3vgr,"(['Luzon', ' Philippines'], Location((38.0143664, -122.2513576, 0.0)))",,,899645570658304000,https://twitter.com/BenhamRise/status/899645570658304000
patkun01,2017-08-21 22:52,0,0,"Pay sa marawi nga mga soldiers, waay sanda nag ad2... linti mga hypocrito gd http://fb.me/58QYieRU0","(['Philippines'], Location((12.7503486, 122.7312101, 0.0)))",,,899645444334264320,https://twitter.com/patkun01/status/899645444334264320
abedinalfaisal,2017-08-21 22:52,0,3,Atay kana man among water store sa marawi HAHAHAHA,,,,899645362486427648,https://twitter.com/abedinalfaisal/status/899645362486427648
rapplerdotcom,2017-08-21 22:52,1,8,WATCH IN 360º: The Marawi humanitarian crisis http://s.rplr.co/MuStu7e,"(['Philippines'], Location((12.7503486, 122.7312101, 0.0)))",,,899645280269815809,https://twitter.com/rapplerdotcom/status/899645280269815809
KoyaArvs,2017-08-21 22:48,0,0,sa marawi,"(['Hogwarts'], Location((-1.24139975, 36.784112734, 0.0)))",,,899644389131132928,https://twitter.com/KoyaArvs/status/899644389131132928
KineticMagazine,2017-08-21 22:45,0,0,# Philippines Media Footage shows Philippines Army carrying out Air Strikes in ISIS held area's of # Marawi City. pic.twitter.com/CbRK8Akw9z,"(['Berlin', ' Germany'], Location((52.5170365, 13.3888599, 0.0)))",,# #,899643598479785984,https://twitter.com/KineticMagazine/status/899643598479785984
mohamedmorsyelg,2017-08-21 22:44,0,0,وان قلبي في الهواء معلق,"(['cairo'], Location((37.0057958, -89.1772449, 0.0)))",,,899643402748342272,https://twitter.com/mohamedmorsyelg/status/899643402748342272
JennyRockwell,2017-08-21 22:44,0,4,"In Marawi, situation is dif. They're rebels, terrorists. They're armed. You see the difference? If you don't, I'm not wasting my time on you","(['Manila', ' Phillipines'], Location((14.5906216, 120.9799696, 0.0)))",,,899643349140881409,https://twitter.com/JennyRockwell/status/899643349140881409
local_tao,2017-08-21 22:42,0,0,"Sundalo sa MARAWI pinupulbos ang rebelde, SAF44 INUBOS NG REBELDE, pagbalik ng MANILA, si PANOT NSA MITSUBISHI",,,,899642835447631872,https://twitter.com/local_tao/status/899642835447631872
Philippinefails,2017-08-21 22:42,0,0,@ mariaressa why is the media not holding the govt responsible for all of their lies RE: Marawi?,,@,,899642784017113088,https://twitter.com/Philippinefails/status/899642784017113088
stephensonnnnn,2017-08-21 22:40,0,0,Plus mga sundalo kamg anak ko nasa marawi sila,"(['B A T A'], Location((45.16934825, 5.68981342633, 0.0)))",,,899642397885202432,https://twitter.com/stephensonnnnn/status/899642397885202432
Philippinefails,2017-08-21 22:40,0,0,@ mariaressa DU30 admits he knew about guns running into marawi and turned a blind eye. Why media silence? Where is the investigation?,,@,,899642290058051584,https://twitter.com/Philippinefails/status/899642290058051584
Faaaaards,2017-08-21 22:39,0,1,"From hoodie,marawi,iring ug iro to bugok puta hahahaha","(['shu'], Location((24.98961855, 121.546818792, 0.0)))",,,899642035249889280,https://twitter.com/Faaaaards/status/899642035249889280
Philippinefails,2017-08-21 22:39,0,0,@ mariaressa when will you be investing prior knowledge Phil govt had of Marawi siege? http://philippinefails.blogspot.com/2017/06/martial-law-duterte-had-prior-knowledge.html … @ JMAurelioINQ @ Joseph_Morongpic.twitter.com/3IAlQuL2iJ,,@ @ @,,899642031584169985,https://twitter.com/Philippinefails/status/899642031584169985
KeepingStill,2017-08-21 22:37,0,0,Marawi Siege. https://twitter.com/mlq3/status/899143851868176384 …,"(['Republic of the Philippines'], Location((12.7503486, 122.7312101, 0.0)))",,,899641518989770754,https://twitter.com/KeepingStill/status/899641518989770754
erlosav,2017-08-21 22:35,0,1,Mas marami pang namatay na sundalo sa MARAWI SIEGE kaysa sa SAF44.,"(['\xd8\xa8\xd9\x8a\xd8\xb1\xd9\x88\xd8\xaa'], Location((33.8959203, 35.47843, 0.0)))",,,899641226370007042,https://twitter.com/erlosav/status/899641226370007042
Faaaaards,2017-08-21 22:35,0,0,Abot mag marawi HAHAHAHAH,"(['shu'], Location((24.98961855, 121.546818792, 0.0)))",,,899641217629143040,https://twitter.com/Faaaaards/status/899641217629143040
YujiTumanda,2017-08-21 22:34,0,1,Hahahaha. Atay ka fards kanus a man na manulong sa marawi?,,,,899640822533988352,https://twitter.com/YujiTumanda/status/899640822533988352
judge_abesamis,2017-08-21 22:34,0,0,Ganito na ang MARAWI ngayon !: http://youtu.be/RIeBvg5mobw?a  via @ YouTube,"(['Philippines'], Location((12.7503486, 122.7312101, 0.0)))",@,,899640793824190464,https://twitter.com/judge_abesamis/status/899640793824190464
Faaaaards,2017-08-21 22:33,0,0,Pagpahibalo lage sa general kay daghan kog gina asikaso sa marawi hahahahahaha,"(['shu'], Location((24.98961855, 121.546818792, 0.0)))",,,899640634377510913,https://twitter.com/Faaaaards/status/899640634377510913
hahnishere,2017-08-21 22:32,0,1,Anong petsa na di oa tin naayos ang Marawi hahahaha kapal ng mukha ng lord master idol nyo magsabi aayusin ang drug prob in 3-6mos..,"(['Republic of the Philippines'], Location((12.7503486, 122.7312101, 0.0)))",,,899640429192257536,https://twitter.com/hahnishere/status/899640429192257536
marawi_q8,2017-08-21 22:32,8,11,★★ .. . ڪل شــئ يخطٲ ولـــــو لمرة واحدة ڪيف لعينيڰ لم تخطٲ اصابتي ابـــدا ✿❀ … .. . https://twitter.com/_11ol/status/899633501292695554/photo/1pic.twitter.com/jyfs86nOQw,,,,899640337303347200,https://twitter.com/marawi_q8/status/899640337303347200
BeanJD,2017-08-21 22:31,0,0,PH military chief Año visits Marawi's main battle zone | @ rapplerdotcomhttp://s.rplr.co/qFAaMJ,,@,,899640044096507905,https://twitter.com/BeanJD/status/899640044096507905
marawi_q8,2017-08-21 22:30,4,6,@ 0hanin0 إي والله احبك ويفــداك عمــــري وش لي بعـمــرٍ ما تبــروز  بحبك يانسمة أيامي ونفحات عطـــري أنا طموحي فالحياه ابقى جنبكpic.twitter.com/n3zrDATtxq,,@,,899639881063841793,https://twitter.com/marawi_q8/status/899639881063841793
marawi_q8,2017-08-21 22:29,4,7,@ 0hanin0 قال لي: إنتي مالك شبيهه من البشر.. إنتي مثل ورد بلله المطر...pic.twitter.com/bNdmyRk3ub,,@,,899639481032036352,https://twitter.com/marawi_q8/status/899639481032036352
mariaanabananaa,2017-08-21 22:28,0,9,"Kanina, iniisip ko kung anong susuotin ko bukas samantalang ang mga sundalo sa # Marawi hindi nila alam kung masisilayan pa ba nila ang bukas","(['Republic of the Philippines'], Location((12.7503486, 122.7312101, 0.0)))",,#,899639251389698048,https://twitter.com/mariaanabananaa/status/899639251389698048
marawi_q8,2017-08-21 22:27,4,10,يغيب حس الناس وتغيب الأزوال وتبقى الوحيد اللي على البال تطريpic.twitter.com/uahj0TA4Mq,,,,899638990046773248,https://twitter.com/marawi_q8/status/899638990046773248
marawi_q8,2017-08-21 22:26,1,3,العمــــر و الاحــــلام و الغاليــن أشياء ما ترجع اذا راحت https://twitter.com/1Mis_/status/898209659185758208/video/1 …,,,,899638861780836352,https://twitter.com/marawi_q8/status/899638861780836352
powlosorz,2017-08-21 22:23,0,0,So pano namin gagawan ng ad ang marawi? Ma helppp,"(['San Miguel', ' Bulacan'], Location((38.0286138, -108.4713606, 0.0)))",,,899638151051829248,https://twitter.com/powlosorz/status/899638151051829248
FroilanCabs34,2017-08-21 22:19,0,1,Wana Ipada nas Marawi Hahahahahaha,"(['Tuburan', ' Central Visayas'], Location((6.57373235, 122.234368826, 0.0)))",,,899637080208195584,https://twitter.com/FroilanCabs34/status/899637080208195584
_rurari,2017-08-21 22:19,0,0,"it's awesome! Glad you're enjoying it my condolences for Marawi, so sad tt hatred has spread so far","(['Jakarta'], Location((-6.1753942, 106.827183, 0.0)))",,,899636974507540481,https://twitter.com/_rurari/status/899636974507540481
ilogngpasig,2017-08-21 22:17,0,0,EDI KAW NA FO RK DI NA PAPALAG HAHAHAHA GIGIL MU Q EHHH MAS MARAMI KAMING ARMY TEH GUSTO MO UNG NASA MARAWI PA PARA MAS LITERAL NA SUNDALO,,,,899636495375400964,https://twitter.com/ilogngpasig/status/899636495375400964
KimReidLips,2017-08-21 22:11,0,0,Qiqil ako nito kinaganda mo yang pangbabash mong impakta ka? Patapon kita sa marawi eh nang malaman mo ang tunay na buhay,,,,899634949371736065,https://twitter.com/KimReidLips/status/899634949371736065
dmooaward,2017-08-21 22:09,0,0,يااااه نفتقد لهاي الانسان اللي ينسينا لاحزان بوجوده,,,,899634641375600640,https://twitter.com/dmooaward/status/899634641375600640
bhosxdar,2017-08-21 22:08,0,1,Bata ka pa bessy pero sinusuportahan kita sa pagsabak mo sa Marawi. Laban lang bessy. Ingat ka doon ha?,"(['Republic of the Philippines'], Location((12.7503486, 122.7312101, 0.0)))",,,899634424618274816,https://twitter.com/bhosxdar/status/899634424618274816
