Rss_Noticias1,2017-07-21 23:59,0,0,# RD Duterte visita Marawi por primera vez desde el estallido de los combates con el grupo… https://goo.gl/fb/4RkNu1,"(['Rep\xc3\xbablica Dominicana'], Location((-0.19193195, -78.4845016351, 0.0)))",,#,888428205090242560,https://twitter.com/Rss_Noticias1/status/888428205090242560
skillsofaninja,2017-07-21 23:56,6,5,PRRD to the security forces in Marawi: 'Your life is not less important than mine.' @ RRD_Davao @ TeamAFP @ thecockyrocky @ FSTopacio,"(['Manila City', ' National Capital'], Location((14.5906216, 120.9799696, 0.0)))",@ @ @ @,,888427411070758913,https://twitter.com/skillsofaninja/status/888427411070758913
huwaida_afanin,2017-07-21 23:55,0,0,Indonesia-Malaysia Berpotensi Jadi Pelarian Militan Marawi https://goo.gl/fb/upPexJ # PojokSatu,"(['Jatiasih', ' Indonesia'], Location((-6.2936589, 106.9636695, 0.0)))",,#,888427096774717440,https://twitter.com/huwaida_afanin/status/888427096774717440
kristelallam,2017-07-21 23:53,0,1,Sinusugod na po tayo nang taga Marawi HAHAHAHA pic.twitter.com/iIgcO01y7L,"(['Republic of the Philippines'], Location((12.7503486, 122.7312101, 0.0)))",,,888426803269779457,https://twitter.com/kristelallam/status/888426803269779457
yeth_mndza,2017-07-21 23:53,0,2,Saw this comment saying na drama lang ang away sa Marawi. Sooo dapat gli best actors na tanan ang napatay na soldiers and civilians? Mango,"(['ILOILO'], Location((10.9534597, 122.5756326, 0.0)))",,,888426678644383745,https://twitter.com/yeth_mndza/status/888426678644383745
pntimes,2017-07-21 23:52,0,0,ARMM eyes Marawi Lanao Sur to suppy Nestles needs for cassava http://www.philippinetimes.com/index.php/sid/254042676 …,"(['Manila', ' Philippines'], Location((14.5906216, 120.9799696, 0.0)))",,,888426374763098112,https://twitter.com/pntimes/status/888426374763098112
HendiKu12593325,2017-07-21 23:49,0,0,Indonesia-Malaysia Berpotensi Jadi Pelarian Militan Marawi https://goo.gl/fb/3K7DhU # PojokSatu,"(['Sukawati', ' Indonesia'], Location((-8.5961547, 115.2820391, 0.0)))",,#,888425732501909504,https://twitter.com/HendiKu12593325/status/888425732501909504
stateofdnation,2017-07-21 23:48,0,0,"VIDEO: Pondo ng mga terorista sa Marawi, galing daw sa ISIS central command http://bit.ly/2uiBeQk pic.twitter.com/EUcZB04eKt","(['Manila', ' Philippines'], Location((14.5906216, 120.9799696, 0.0)))",,,888425510392352769,https://twitter.com/stateofdnation/status/888425510392352769
stateofdnation,2017-07-21 23:48,0,0,"VIDEO: Sentro ng opensiba sa Marawi, nasa tatlong barangay na lang http://bit.ly/2uiwFWo pic.twitter.com/w3cVKEKyMh","(['Manila', ' Philippines'], Location((14.5906216, 120.9799696, 0.0)))",,,888425495770968065,https://twitter.com/stateofdnation/status/888425495770968065
stateofdnation,2017-07-21 23:48,0,0,"VIDEO: Duterte, sinabihan ang mga sundalo na tugisin ang NPA, tapusin ang krisis sa Marawi http://bit.ly/2uiJosh pic.twitter.com/vYauNA2K4H","(['Manila', ' Philippines'], Location((14.5906216, 120.9799696, 0.0)))",,,888425480373784576,https://twitter.com/stateofdnation/status/888425480373784576
aisyahnuurr,2017-07-21 23:48,0,0,Indonesia-Malaysia Berpotensi Jadi Pelarian Militan Marawi https://goo.gl/fb/feSzo9 # PojokSatu,"(['Tanah Sareal', ' Indonesia'], Location((-6.5734704, 106.8007387, 0.0)))",,#,888425410794582017,https://twitter.com/aisyahnuurr/status/888425410794582017
stewart1_samuel,2017-07-21 23:48,0,0,"JULY 21, 2017- NAKAKAGULAT NA BALITA SA MARAWI CITY | UPDATE SA MARTIAL ... https://www.youtube.com/watch?v=SDWoFv93SGg&feature=share …","(['Pasadena', ' CA'], Location((34.1476452, -118.1444779, 0.0)))",,,888425339466076160,https://twitter.com/stewart1_samuel/status/888425339466076160
neli_triana,2017-07-21 23:47,1,2,"Liputan khusus Marawi, sabtu ini 22 juli @ hariankompas harryilo @ cakrie123 @ agoengantonius and… https://www.instagram.com/p/BW0G3XnAv1G/",,@ @ @,,888425211594407936,https://twitter.com/neli_triana/status/888425211594407936
No_cod_chimp,2017-07-21 23:46,0,0,ISIS command helped Philippine militants seize Marawi through funding & recruits – report — RT News https://www.rt.com/news/397093-isis-philippines-marawi-terrorists/ …,,,,888424999455006721,https://twitter.com/No_cod_chimp/status/888424999455006721
amyslayer,2017-07-21 23:45,0,0,"See, the martial law declaration was ISIS's proof that Marawi terrorists deserved their support. Iba talaga pag hindi nag-iisip ang pangulo. https://twitter.com/mariaressa/status/888423879638634496 …","(['Everywhere'], Location((41.7776533, -72.6740756, 0.0)))",,,888424772836614145,https://twitter.com/amyslayer/status/888424772836614145
Maria1979cro,2017-07-21 23:45,0,0,"News - Noticias.maria del Pilar dorronzoro Maura fuente data Duterte visita Marawi por primera vez desde el... http://fb.me/u6x8FqUX""","(['Cadiz'], Location((36.8650496, -87.835295, 0.0)))",,,888424729484431361,https://twitter.com/Maria1979cro/status/888424729484431361
PTVph,2017-07-21 23:45,0,5,"# UlatBayan: Morale ng mga sundalo sa Marawi, tumaas kasunod ng pagbisita ni Pangulong Duterte http://dai.ly/x5ubjlz","(['Philippines'], Location((12.7503486, 122.7312101, 0.0)))",,#,888424580901109767,https://twitter.com/PTVph/status/888424580901109767
PTVisMin,2017-07-21 23:45,0,0,"# UlatBayan: Morale ng mga sundalo sa Marawi, tumaas kasunod ng pagbisita ni Pangulong Duterte http://dai.ly/x5ubjlz",,,#,888424580691480576,https://twitter.com/PTVisMin/status/888424580691480576
natashya_g,2017-07-21 23:44,3,1,"Some incredible details. Via Telegram, Western Union: How ISIS in Syria funded Marawi terrorists http://www.rappler.com/nation/176295-syria-isis-marawi-funding … via @ rapplerdotcom","(['Manila', ' Philippines'], Location((14.5906216, 120.9799696, 0.0)))",@,,888424432871526401,https://twitter.com/natashya_g/status/888424432871526401
mariaressa,2017-07-21 23:42,10,6,"Via Telegram, Western Union: How ISIS in Syria funded Marawi terrorists by @ natashya_g via @ rapplerdotcomhttp://s.rplr.co/urOImbO","(['Philippines'], Location((12.7503486, 122.7312101, 0.0)))",@ @,,888423879638634496,https://twitter.com/mariaressa/status/888423879638634496
RMontajes15,2017-07-21 23:40,0,0,yung mga Davao oligarchs nga eh di makatulong dyan sa Marawi puro pagpapayaman lang,"(['Philippines'], Location((12.7503486, 122.7312101, 0.0)))",,,888423485646688261,https://twitter.com/RMontajes15/status/888423485646688261
DesyaKenisha,2017-07-21 23:39,0,0,Indonesia-Malaysia Berpotensi Jadi Pelarian Militan Marawi https://goo.gl/fb/H5UnKF # PojokSatu,"(['dki'], Location((-17.9371869, 146.140759, 0.0)))",,#,888423312598159360,https://twitter.com/DesyaKenisha/status/888423312598159360
saksi,2017-07-21 23:39,0,0,Hindi lang sa bakbakan tila nasa hukay ang isang paa ng mga sundalo sa Marawi kundi maging sa pagsagip sa mga kasamahang naiipit sa gulo.,"(['Philippines'], Location((12.7503486, 122.7312101, 0.0)))",,,888423306877059073,https://twitter.com/saksi/status/888423306877059073
mariaressa,2017-07-21 23:39,3,2,100th soldier killed in Marawi day after gov't takes key bridge via @ rapplerdotcomhttp://s.rplr.co/MUrfg3W,"(['Philippines'], Location((12.7503486, 122.7312101, 0.0)))",@,,888423120888922112,https://twitter.com/mariaressa/status/888423120888922112
putlupit,2017-07-21 23:38,0,0,Indonesia-Malaysia Berpotensi Jadi Pelarian Militan Marawi https://goo.gl/fb/A7hZxm,"(['Bogor Barat', ' Indonesia'], Location((-6.5962986, 106.7972421, 0.0)))",,,888423065276821504,https://twitter.com/putlupit/status/888423065276821504
Splash1377,2017-07-21 23:38,0,1,Maybe your brain that you left in marawi.,,,,888422850096267265,https://twitter.com/Splash1377/status/888422850096267265
kpt_news,2017-07-21 23:36,0,0,បណ្តាញ ទំនាក់ទំនង ក្រុម ISIS នៅ ទីក្រុង Marawi អាច នឹង ត្រៀម រៀបចំ សម្រាប់ ការវាយប្រហារ លើ ប្រទេស សិង្ហ បុរី... http://fb.me/1cLyf8Erq,"(['Phnom Penh', ' Cambodia'], Location((43.6970374, 7.2725163, 0.0)))",,,888422406079078400,https://twitter.com/kpt_news/status/888422406079078400
cErEbRuS7,2017-07-21 23:35,1,0,This isn't getting better # Marawi # Terrorism # ISIS # news http://aje.io/xq8jy # Finance # philanthropy # dataviz # riskmanagement # blockchain,,,# # # # # # # # #,888422265649598469,https://twitter.com/cErEbRuS7/status/888422265649598469
Carlo_Ogar,2017-07-21 23:34,0,0,もはや「Black Hawk Down」の世界だな… » WATCH: Daring rescue of injured comrade by troops in Marawi | ABS-CBN News http://news.abs-cbn.com/news/multimedia/video/07/21/17/watch-daring-rescue-of-injured-comrade-by-troops-in-marawi …,,,,888421977936941056,https://twitter.com/Carlo_Ogar/status/888421977936941056
alimmahdi,2017-07-21 23:34,0,0,"Menurut Sidney Jones, Setelah Marawi Militan Incar Indonesia: Laporan lembaga think-tank Institute of Policy… https://goo.gl/fb/GLhcGX",,,,888421822684856320,https://twitter.com/alimmahdi/status/888421822684856320
BudiWarungKecil,2017-07-21 23:33,9,6,"ISIS Marawi siapkan serangan di ASEAN, Indonesia waspada! @ GarisWaras @ triwul82 @ ZheeOmega @ hemaviton99https://international.sindonews.com/read/1222704/40/isis-marawi-diduga-siapkan-serangan-di-asean-indonesia-harus-waspada-1500619833?utm_source=dlvr.it&utm_medium=twitter …","(['Indonesia'], Location((-4.7993356, 114.5632032, 0.0)))",@ @ @ @,,888421748605153280,https://twitter.com/BudiWarungKecil/status/888421748605153280
LaviniaMaldita_,2017-07-21 23:33,0,1,Kailangan na siguro natin si Wonder Woman sa Marawi City. # LaviniaWonders,"(['INGLATERA'], Location((12.1406646, -68.2745762, 0.0)))",,#,888421619160535040,https://twitter.com/LaviniaMaldita_/status/888421619160535040
RMontajes15,2017-07-21 23:32,2,1,Makakain ba ng Marawi ang Martial Law ni Dugyot? Daming nagugutom at nagkakasakit # HearMarawi,"(['Philippines'], Location((12.7503486, 122.7312101, 0.0)))",,#,888421413282959360,https://twitter.com/RMontajes15/status/888421413282959360
tiawury,2017-07-21 23:32,0,0,Indonesia-Malaysia Berpotensi Jadi Pelarian Militan Marawi https://goo.gl/fb/EGYbyV,"(['Bogor Barat', ' Indonesia'], Location((-6.5962986, 106.7972421, 0.0)))",,,888421402973540352,https://twitter.com/tiawury/status/888421402973540352
ElisAstuti2,2017-07-21 23:32,0,0,Indonesia-Malaysia Berpotensi Jadi Pelarian Militan Marawi https://goo.gl/fb/1mRMgS # PojokSatu,"(['Tanah Sareal', ' Indonesia'], Location((-6.5734704, 106.8007387, 0.0)))",,#,888421315715227648,https://twitter.com/ElisAstuti2/status/888421315715227648
espananoticia,2017-07-21 23:31,0,0,ABC - Duterte visita Marawi por primera vez desde el estallido de los combates con el grupo Maute http://ow.ly/P5aN50cXdDm,,,,888421208861151233,https://twitter.com/espananoticia/status/888421208861151233
triwul82,2017-07-21 23:30,25,15,BBC Indonesia - Indonesia dan Malaysia 'terancam' kehadiran eks petempur Marawi http://www.bbc.com/indonesia/dunia-40668552 …,,,,888421053533274112,https://twitter.com/triwul82/status/888421053533274112
furrycat13,2017-07-21 23:30,0,4,Nakikipag plastikan nanaman si Pagawa Suso walang utak sa Marawi? Pwehh,"(['Republic of the Philippines'], Location((12.7503486, 122.7312101, 0.0)))",,,888420894111956994,https://twitter.com/furrycat13/status/888420894111956994
athirah_rini,2017-07-21 23:29,0,0,Indonesia-Malaysia Berpotensi Jadi Pelarian Militan Marawi https://goo.gl/fb/Phx74S # PojokSatu,"(['Tanjung Priok', ' Indonesia'], Location((-6.12885785, 106.87079323, 0.0)))",,#,888420686028566531,https://twitter.com/athirah_rini/status/888420686028566531
RMontajes15,2017-07-21 23:28,0,0,"may nagpapakalat ng food blockade daw ng AFP sa Marawi, hay naku kayong makakaliwang grupo, sarap bigwasan # HearMarawi","(['Philippines'], Location((12.7503486, 122.7312101, 0.0)))",,#,888420539416453120,https://twitter.com/RMontajes15/status/888420539416453120
maramotnoe,2017-07-21 23:28,0,1,isang daang sundalo na ang namatay sa bakbakan sa Marawi,,,,888420349573906432,https://twitter.com/maramotnoe/status/888420349573906432
rainier_manejo,2017-07-21 23:27,0,0,Sa wakas nagbunga pagpupuyat ko at pagsusumamo kay Yahweh at matatapos na krisis sa Marawi? Sirach/Sirak 35:15-18!,"(['Caloocan City'], Location((14.6815301, 121.0089111, 0.0)))",,,888420198092480512,https://twitter.com/rainier_manejo/status/888420198092480512
agjovit,2017-07-21 23:27,0,0,Indonesia-Malaysia Berpotensi Jadi Pelarian Militan Marawi https://goo.gl/fb/rhUFb6 # PojokSatu,"(['Bandung', ' Indonesia'], Location((-6.9344694, 107.6049539, 0.0)))",,#,888420148008321026,https://twitter.com/agjovit/status/888420148008321026
PHLNewsOnline,2017-07-21 23:26,0,0,[Rappler] 100th soldier killed in Marawi day after gov't takes key bridge https://goo.gl/fb/u1SDR6,"(['Philippines'], Location((12.7503486, 122.7312101, 0.0)))",,,888419996036104197,https://twitter.com/PHLNewsOnline/status/888419996036104197
AisyahAyudia6,2017-07-21 23:26,0,0,Indonesia-Malaysia Berpotensi Jadi Pelarian Militan Marawi https://goo.gl/fb/mt54xL # PojokSatu,"(['Gunung Sindur', ' Indonesia'], Location((-6.3902924, 106.6751906, 0.0)))",,#,888419962024579073,https://twitter.com/AisyahAyudia6/status/888419962024579073
afiqa_silmi,2017-07-21 23:26,0,0,Indonesia-Malaysia Berpotensi Jadi Pelarian Militan Marawi https://goo.gl/fb/UhZgru,"(['Matraman', ' Indonesia'], Location((-6.203624, 106.86457859, 0.0)))",,,888419881091289093,https://twitter.com/afiqa_silmi/status/888419881091289093
waykeyyy,2017-07-21 23:26,0,0,Unsaon lugar na nila nga pagbalik nilas marawi wala silay mapala didto kay either nabombahan or nasunog or gikawat ang mga gamit naa sulod+,,,,888419880587845632,https://twitter.com/waykeyyy/status/888419880587845632
angel_karei,2017-07-21 23:26,0,0,Indonesia-Malaysia Berpotensi Jadi Pelarian Militan Marawi https://goo.gl/fb/tTSS12 # PojokSatu,"(['Harjamukti', ' Indonesia'], Location((-6.7476731, 108.5487924, 0.0)))",,#,888419803433717765,https://twitter.com/angel_karei/status/888419803433717765
JaneTheRaven13,2017-07-21 23:25,0,1,"There is a special place in hell for those so-called Christians"" who sent Bibles to Marawi evacuees.""","(['Philippines'], Location((12.7503486, 122.7312101, 0.0)))",,,888419568208576513,https://twitter.com/JaneTheRaven13/status/888419568208576513
waykeyyy,2017-07-21 23:24,0,0,Pud unta sila mag generalize ba samot nang ang mga ginadiscriminate ba kay galisod halos tanan baya maranao ilang mga negosyo naas marawi+,,,,888419536793329664,https://twitter.com/waykeyyy/status/888419536793329664
ApriYasinta,2017-07-21 23:24,0,0,Indonesia-Malaysia Berpotensi Jadi Pelarian Militan Marawi https://goo.gl/fb/qDobU6 # PojokSatu,"(['Sukmajaya', ' Indonesia'], Location((-6.0182223, 106.0715845, 0.0)))",,#,888419495156617216,https://twitter.com/ApriYasinta/status/888419495156617216
AbigailSidiq,2017-07-21 23:23,0,0,Indonesia-Malaysia Berpotensi Jadi Pelarian Militan Marawi https://goo.gl/fb/EdyszA # PojokSatu,"(['Depok', ' Indonesia'], Location((-7.7689657, 110.405357249, 0.0)))",,#,888419258232909824,https://twitter.com/AbigailSidiq/status/888419258232909824
sipymmalasiqui,2017-07-21 23:23,0,0,Caritas PH gives P10M more in humanitarian aid for Marawi evacuees. # CBCPNewsonSIPYMhttp://cbcpnews.net/cbcpnews/caritas-ph-gives-p10m-more-in-humanitarian-aid-for-marawi-evacuees/ …,"(['Malasiqui', ' Pangasinan'], Location((15.91076325, 120.458630032, 0.0)))",,#,888419232139980800,https://twitter.com/sipymmalasiqui/status/888419232139980800
bandila,2017-07-21 23:22,0,2,"Video ng pagsagip ng mga sundalo sa sugatang kasamahan sa Marawi, ibinahagi ng militar","(['Manila', ' Philippines'], Location((14.5906216, 120.9799696, 0.0)))",,,888418832141778944,https://twitter.com/bandila/status/888418832141778944
Philreport,2017-07-21 23:22,0,0,"‘Bakbakan sa Marawi, nakasentro na lang sa 3 barangay’ Sa ika-60 araw ng... http://fb.me/C6gN7WEN",,,,888418811728191488,https://twitter.com/Philreport/status/888418811728191488
franciscorubira,2017-07-21 23:20,0,0,Duterte visita Marawi por primera vez desde el estallido de los combates con el grupo Maute http://dlvr.it/PXNZsG pic.twitter.com/zYF3PwEYPE,"(['Madrid', ' Spain'], Location((40.4167047, -3.7035825, 0.0)))",,,888418402313805824,https://twitter.com/franciscorubira/status/888418402313805824
maltes93,2017-07-21 23:20,0,0,Duterte visita Marawi por primera vez desde el estallido de los combates con el grupo Maute http://ift.tt/2uIMqbg,,,,888418356063285249,https://twitter.com/maltes93/status/888418356063285249
waykeyyy,2017-07-21 23:20,0,1,"Naa koy nadunggan gikan sa akong parents nga musinggit daw ang mga traffic enforcers og wag nyo dalhin ang marawi dito sa iligan!"" animal""",,,,888418351663284229,https://twitter.com/waykeyyy/status/888418351663284229
ElaSarii1,2017-07-21 23:19,0,0,Indonesia-Malaysia Berpotensi Jadi Pelarian Militan Marawi https://goo.gl/fb/dP8SnR # PojokSatu,"(['Anyer', ' Indonesia'], Location((-3.166667, 114.566667, 0.0)))",,#,888418259279720449,https://twitter.com/ElaSarii1/status/888418259279720449
DocentesLUZ,2017-07-21 23:19,0,0,Duterte visita Marawi por primera vez desde el estallido de los combates con el grupo Maute http://ift.tt/2uIMqbg pic.twitter.com/4pmCy4NYks,"(['Maracaibo', ' Venezuela'], Location((10.6412212, -71.6075383, 0.0)))",,,888418151146377216,https://twitter.com/DocentesLUZ/status/888418151146377216
phillipscrewd,2017-07-21 23:19,0,0,Indonesia-Malaysia Berpotensi Jadi Pelarian Militan Marawi https://goo.gl/fb/kcewNF,,,,888418084305895424,https://twitter.com/phillipscrewd/status/888418084305895424
AnisaKesya,2017-07-21 23:18,0,0,Indonesia-Malaysia Berpotensi Jadi Pelarian Militan Marawi https://goo.gl/fb/XyfU5z # PojokSatu,"(['Bekasi Timur', ' Indonesia'], Location((-6.2612407, 107.0136914, 0.0)))",,#,888417984498343936,https://twitter.com/AnisaKesya/status/888417984498343936
Aisayayarady,2017-07-21 23:18,0,0,Duterte visita Marawi por primera vez desde el estallido de los combates con el grupo Maute http://ift.tt/2uIMqbg,,,,888417874876010496,https://twitter.com/Aisayayarady/status/888417874876010496
IruneGorriti,2017-07-21 23:18,0,0,Duterte visita Marawi por primera vez desde el estallido de los combates con el grupo Maute http://ift.tt/2uIMqbg,,,,888417791191199744,https://twitter.com/IruneGorriti/status/888417791191199744
infozzi,2017-07-21 23:17,0,0,Duterte visita Marawi por primera vez desde el estallido de los combates con el grupo Maute http://bit.ly/2uIKJuu pic.twitter.com/Hrgcm6NQA8,,,,888417778616733697,https://twitter.com/infozzi/status/888417778616733697
DanielVierne,2017-07-21 23:17,0,0,Duterte visita Marawi por primera vez desde el estallido de los combates con el grupo Maute http://ift.tt/2uIMqbg,,,,888417721096048641,https://twitter.com/DanielVierne/status/888417721096048641
KQuondra,2017-07-21 23:17,0,0,Indonesia-Malaysia Berpotensi Jadi Pelarian Militan Marawi https://goo.gl/fb/4d3Tnz # PojokSatu,"(['Jambi', ' Indonesia'], Location((-1.611572, 102.779699, 0.0)))",,#,888417674719395847,https://twitter.com/KQuondra/status/888417674719395847
artentions,2017-07-21 23:17,0,0,"Pertempuran bersenjata di Marawi, Filipina, mungkin akan berdampak jangka panjang terhadap ekstremisme di kawasan.… http://ebx.sh/2tN5ql2",,,,888417596613287936,https://twitter.com/artentions/status/888417596613287936
avrisept,2017-07-21 23:17,0,0,Indonesia-Malaysia Berpotensi Jadi Pelarian Militan Marawi https://goo.gl/fb/Jzffq5 # PojokSatu,"(['Jakarta Selatan', ' DKI Jakarta'], Location((-6.28381815, 106.804863492, 0.0)))",,#,888417531228237826,https://twitter.com/avrisept/status/888417531228237826
gingmoreno1,2017-07-21 23:16,0,11,"Kaya pala may free waffle at zagu ang UkG ahaha! Eh kc ipapadala ang mga DNS kanina sa Marawi shoot to kill, dude! # Backdrop",,,#,888417517613469696,https://twitter.com/gingmoreno1/status/888417517613469696
_vaina_,2017-07-21 23:16,0,0,Duterte visita Marawi por primera vez desde el estallido de los combates con el grupo Maute http://ift.tt/2uIMqbg,,,,888417474202525696,https://twitter.com/_vaina_/status/888417474202525696
Mingbokjoo,2017-07-21 23:16,0,2,Kaluoy sa mga sundalo nagabot sa airport. Para napud daw sila sa marawi,"(['Fukuoka-shi Higashi-ku'], Location((33.650919, 130.429672, 0.0)))",,,888417458322784256,https://twitter.com/Mingbokjoo/status/888417458322784256
Joliebullock_,2017-07-21 23:16,0,0,Don't read the RAPPLER NEWS if you want to be updated about Marawi.,"(['By the sea'], Location((33.906104, -78.35161, 0.0)))",,,888417343805636608,https://twitter.com/Joliebullock_/status/888417343805636608
jpjbencito,2017-07-21 23:15,0,0,PH drops SEA Games; funding goes to Marawi rehabilitation http://manilastandard.net/sports/sports-plus/242498/ph-drops-sea-games-funding-goes-to-marawi-rehabilitation.html#.WXIaoiq6-Ds.twitter …,"(['Philippines'], Location((12.7503486, 122.7312101, 0.0)))",,#,888417267964272640,https://twitter.com/jpjbencito/status/888417267964272640
KerseyTony,2017-07-21 23:14,0,0,ISIS Leaders in Syria Funded Philippine Militants Before Marawi Takeover - Newsweek https://apple.news/Ab6Dqm4AOR9-Fmcxi2BRjQg …,"(['DIXIE'], Location((29.6214008, -83.17351, 0.0)))",,,888416973071286272,https://twitter.com/KerseyTony/status/888416973071286272
kimkaaj,2017-07-21 23:14,0,0,"Pertempuran bersenjata di Marawi, Filipina, mungkin akan berdampak jangka panjang terhadap ekstremisme di kawasan.… http://ebx.sh/2tN5ql2",,,,888416900249780224,https://twitter.com/kimkaaj/status/888416900249780224
castillovam,2017-07-21 23:12,0,0,punta kaya akong marawi para mamatay na ako,,,,888416439878664192,https://twitter.com/castillovam/status/888416439878664192
PhOnlineInfo,2017-07-21 23:11,0,0,ACTUAL VIDEO DUTERTE LUMOSOB SA MARAWI DALA ANG KANYANG SNIPER - WATCH VIDEO HERE -> http://philippinesonline.info/news/actual-video-duterte-lumosob-sa-marawi-dala-ang-kanyang-sniper/ … SUBSCRIBE FOR NEWS ...pic.twitter.com/PpX4qOsfVG,"(['Republic of the Philippines'], Location((12.7503486, 122.7312101, 0.0)))",,,888416160055648261,https://twitter.com/PhOnlineInfo/status/888416160055648261
irlenect,2017-07-21 23:11,0,0,"Pertempuran bersenjata di Marawi, Filipina, mungkin akan berdampak jangka panjang terhadap ekstremisme di kawasan.… http://ebx.sh/2tN5ql2","(['ca/pa'], Location((53.8224172, -101.2405153, 0.0)))",,,888416118255349760,https://twitter.com/irlenect/status/888416118255349760
I_fuengiroleno,2017-07-21 23:11,0,0,Duterte visita Marawi por primera vez desde el estallido de los combates con el grupo Maute http://ift.tt/2uIMqbg,,,,888416108868493313,https://twitter.com/I_fuengiroleno/status/888416108868493313
minosgon,2017-07-21 23:11,0,0,"Pertempuran bersenjata di Marawi, Filipina, mungkin akan berdampak jangka panjang terhadap ekstremisme di kawasan.… http://ebx.sh/2tN5ql2",,,,888416076840804353,https://twitter.com/minosgon/status/888416076840804353
webegram,2017-07-21 23:10,0,0,ISIS command helped Philippine militants seize Marawi through funding & recruits – report http://webegram.org/59312,,,,888415776541159426,https://twitter.com/webegram/status/888415776541159426
AbriDsul,2017-07-21 23:09,0,0,Indonesia-Malaysia Berpotensi Jadi Pelarian Militan Marawi https://goo.gl/fb/3h57A2 # PojokSatu,"(['Jember', ' Jawa Timur'], Location((-8.1688563, 113.7021772, 0.0)))",,#,888415674795732997,https://twitter.com/AbriDsul/status/888415674795732997
Paladin_Rider,2017-07-21 23:09,0,0,WATCH: Daring rescue of injured comrade by troops in Marawi http://fb.me/8fc3Zfg7a,"(['Earth'], Location((34.2331373, -102.4107493, 0.0)))",,,888415651907358725,https://twitter.com/Paladin_Rider/status/888415651907358725
kompascom,2017-07-21 23:09,6,4,"Pertempuran bersenjata di Marawi, Filipina, mungkin akan berdampak jangka panjang terhadap ekstremisme di kawasan... http://ebx.sh/2tN5ql2","(['Indonesia'], Location((-4.7993356, 114.5632032, 0.0)))",,,888415630269050880,https://twitter.com/kompascom/status/888415630269050880
cgnetwork,2017-07-21 23:08,0,0,"100th soldier killed in Marawi day after gov't takes key bridge: MARAWI CITY, Philippines… https://goo.gl/fb/kZaYWp","(['Thailand'], Location((14.8971921, 100.83273, 0.0)))",,,888415400463142912,https://twitter.com/cgnetwork/status/888415400463142912
PhilDefNews,2017-07-21 07:59,0,0,ISIS releases new Marawi battle video depicting fierce skirmishes with Philippine Army https://www.facebook.com/philippinedefensebulletin/posts/1009097502525891 …,,,,888186752967389184,https://twitter.com/PhilDefNews/status/888186752967389184
IAGorgph,2017-07-21 07:59,0,0,Fighting extremism: The Marawi crisis http://news.abs-cbn.com/video/news/07/20/17/fighting-extremism-the-marawi-crisis …,,,,888186536595869696,https://twitter.com/IAGorgph/status/888186536595869696
mylsvalenciaTV5,2017-07-21 07:58,0,0,Pangulong Rodrigo Duterte nakapasok sa unang pagkakataon sa Marawi halos dalawang buwan matapos itong makubkob ng Maute Group.,,,,888186284849549312,https://twitter.com/mylsvalenciaTV5/status/888186284849549312
itradeph,2017-07-21 07:57,0,1,Strongman President Rodrigo Duterte on Thursday visited troops fighting terrorists in Marawi in southern Philippines .,,,,888186235390369793,https://twitter.com/itradeph/status/888186235390369793
BUTTERCUPSUGAR,2017-07-21 07:57,0,0,Visit to Marawi City (Speech) 7/20/2017 http://fb.me/7eekFeMhF,,,,888186006234648576,https://twitter.com/BUTTERCUPSUGAR/status/888186006234648576
totocyven,2017-07-21 07:55,0,0,"Duterte, bumisita sa Marawi http://news.abs-cbn.com/video/news/07/20/17/duterte-bumisita-sa-marawi … via @ ABSCBNNews",,@,,888185702311116801,https://twitter.com/totocyven/status/888185702311116801
jejejent,2017-07-21 07:55,0,0,"Mga PASHNEA, ipatapon na nga sila sa Marawi",,,,888185640877031424,https://twitter.com/jejejent/status/888185640877031424
bbacani,2017-07-21 07:51,0,0,Fighting extremism: The Marawi crisis:http://news.abs-cbn.com/video/news/07/20/17/fighting-extremism-the-marawi-crisis … via @ ABSCBNNews,,@,,888184545454968832,https://twitter.com/bbacani/status/888184545454968832
totocyven,2017-07-21 07:49,0,0,Duterte finally visits Marawi http://news.abs-cbn.com/news/07/20/17/duterte-finally-visits-marawi … via @ ABSCBNNews,,@,,888184162485542912,https://twitter.com/totocyven/status/888184162485542912
romerojo7,2017-07-21 07:49,0,0,@ AltTeamAFP Security means having less people know about plans.Congrats for RRD's safe visit in Marawi.,,@,,888184070265380864,https://twitter.com/romerojo7/status/888184070265380864
ConceptGrp,2017-07-21 07:48,2,1,Duterte visits troops in Marawi http://ebx.sh/2uflHAQ,,,,888183853650550785,https://twitter.com/ConceptGrp/status/888183853650550785
DuterteHolic,2017-07-21 07:47,1,1,Duterte visits troops in Marawi http://dlvr.it/PXCHYQ pic.twitter.com/lkhKFSXBWC,,,,888183713862893568,https://twitter.com/DuterteHolic/status/888183713862893568
newspaperphcom,2017-07-21 07:47,0,0,WATCH: Pres. Duterte Napaluha At Naging Emosyonal Sa Pagpunta Sa Marawi http://ift.tt/2uNSi3L,,,,888183644078182400,https://twitter.com/newspaperphcom/status/888183644078182400
newspaperphcom,2017-07-21 07:47,0,0,Kakapasok Na Balita Ngayong Hapon | Update Sa Marawi | Sagupaan Sa North Cotabato http://ift.tt/2uNBqdu,,,,888183639342821377,https://twitter.com/newspaperphcom/status/888183639342821377
newspaperphcom,2017-07-21 07:47,0,0,WATCH: Emosyonal na Talumpati ni President Duterte sa Marawi http://ift.tt/2uO1BAW,,,,888183634905243648,https://twitter.com/newspaperphcom/status/888183634905243648
newspaperphcom,2017-07-21 07:47,0,0,WATCH: Sa Wakas Bumisita na rin President Duterte sa Marawi http://ift.tt/2uNTJiE,,,,888183629855240192,https://twitter.com/newspaperphcom/status/888183629855240192
airforcenextgen,2017-07-21 07:46,25,35,Tim SMART sedang membawa masuk 16 tan brgan keperluan asas bg Misi HADR # Marawi & dibantu sama krew A400M # DiplomasiPertahanan # NadiNegarakupic.twitter.com/PYX5DYkUIC,,,# # #,888183351068114944,https://twitter.com/airforcenextgen/status/888183351068114944
inquirerdotnet,2017-07-21 07:46,4,13,Duterte visits troops in Marawi http://ebx.sh/2uflHAQ pic.twitter.com/g4kT5uMZTL,,,,888183319732662273,https://twitter.com/inquirerdotnet/status/888183319732662273
CNPH2016,2017-07-21 07:45,5,11,PRESIDENT DUTERTE napaluha sa pakikipagusap sa mga tropa natin sa Marawi. Mabuhay! # DefendTheRepublic http://fb.me/tVkhoVgG,,,#,888183202510241793,https://twitter.com/CNPH2016/status/888183202510241793
ElenaRoa8,2017-07-21 07:44,0,0,kahit makulong sya kulang p rin dapat dalhin sa marawi at ipambala sa canyon,,,,888182884263108608,https://twitter.com/ElenaRoa8/status/888182884263108608
emediamo,2017-07-21 07:43,0,0,"WESTERN MINDANAO COMMAND PRESS RELEASE! 'Fight for our country, I’ll fight for your rights’- Duterte to Marawi... http://fb.me/4WYsT2ywq",,,,888182640913903616,https://twitter.com/emediamo/status/888182640913903616
romerojo7,2017-07-21 07:42,0,0,"Pangulong Duterte, nakapasok na sa Marawi https://shar.es/1TqY9T  via @ gmanews A lot more things can be done when acts are done discreetly.",,@,,888182367126396928,https://twitter.com/romerojo7/status/888182367126396928
airforcenextgen,2017-07-21 07:40,20,40,A400M TUDM membawa misi HADR ke Marawi. # DiplomasiPertahanan # NadiNegaraku # Negaraku # HADRpic.twitter.com/DMBbwZc6Fp,,,# # # #,888181836525981697,https://twitter.com/airforcenextgen/status/888181836525981697
gwapito,2017-07-21 07:40,0,0,"By Argyll Cyrus Geducos After two failed attempts, President Duterte has finally visited Marawi City, Lanao del... http://fb.me/EMsa4WFP",,,,888181797716193283,https://twitter.com/gwapito/status/888181797716193283
dzbb,2017-07-21 07:37,0,1,"Mga miyembro ng gabinete, pahaharapin sa special joint session para magbigay ng security briefing kaugnay ng sitwasyon sa Marawi City. pic.twitter.com/klh7MUhT2F",,,,888180987498160128,https://twitter.com/dzbb/status/888180987498160128
PinoyTambayanKo,2017-07-21 07:36,0,0,"Duterte speaks to soldiers, inspects firearms in Marawi http://www.pinoytambayan.org.ph/2017/07/duterte-speaks-to-soldiers-inspects.html …pic.twitter.com/3buCDl0ynq",,,,888180881831145472,https://twitter.com/PinoyTambayanKo/status/888180881831145472
ANCALERTS,2017-07-21 07:34,3,2,"# ANCEarlyEdition Mercado: personally, I'm moving for martial law in Marawi and state of emergency in neighboring provinces & regions.",,,#,888180423003480064,https://twitter.com/ANCALERTS/status/888180423003480064
dzrhnews,2017-07-21 07:34,0,2,"Pang. Duterte, nakapasok na sa Marawi City habang nagpapatuloy ang bakbakan at pambobomba sa Maute terrorist group. # PangunahingBalita",,,#,888180406289260545,https://twitter.com/dzrhnews/status/888180406289260545
ANCALERTS,2017-07-21 07:33,0,0,# ANCEarlyEdition Mercado: I believe battle in Marawi will continue to rage even after Duterte's SONA.,,,#,888180114437029888,https://twitter.com/ANCALERTS/status/888180114437029888
ANCALERTS,2017-07-21 07:31,1,1,"# ANCEarlyEdition Mercado: On the ground , people notice there's a big difference between martial law in Mindanao & martial law in Marawi.",,,#,888179611376336896,https://twitter.com/ANCALERTS/status/888179611376336896
PinoyTambayanan,2017-07-21 07:31,0,0,"Duterte speaks to soldiers, inspects firearms in Marawi http://bit.ly/2vp6KfQ # pinoy # tambayan # pinoytvpic.twitter.com/QaVb2H8wRv",,,# # #,888179604611006465,https://twitter.com/PinoyTambayanan/status/888179604611006465
Merdeka_Online,2017-07-21 07:29,0,0,16 tan bekalan perubatan untuk Marawi http://fb.me/tWb2oDgw,,,,888179025952129024,https://twitter.com/Merdeka_Online/status/888179025952129024
samataid,2017-07-21 07:28,0,0,"Tanto a myawpak a puso ko. Tanto dn a myakandapanas so mga meranao/muslim sa pilipinas, nba sa marawi bo ka taman sa manila (quiapo)",,,,888178827888807937,https://twitter.com/samataid/status/888178827888807937
BoringMe2Death,2017-07-21 07:23,1,0,Duterte visits troops in Marawi http://dlvr.it/PXC46t pic.twitter.com/lHEmCaqJEt,,,,888177500391591936,https://twitter.com/BoringMe2Death/status/888177500391591936
ukgdos,2017-07-21 07:21,1,6,"# UmagangBalita Barong na gagamitin ni Pangulong Duterte sa SONA, Marawi-inspired ang disenyo",,,#,888177058215374848,https://twitter.com/ukgdos/status/888177058215374848
Mediabeast3,2017-07-21 07:20,0,0,Duterte visits troops in Marawi http://dlvr.it/PXC2qm pic.twitter.com/ETBCnizZPs,,,,888176835732713474,https://twitter.com/Mediabeast3/status/888176835732713474
ANCALERTS,2017-07-21 07:20,0,4,Fighting extremism: The Marawi crisis http://bit.ly/2voPwiC,,,,888176696729391108,https://twitter.com/ANCALERTS/status/888176696729391108
hmetromy,2017-07-21 07:19,8,22,# Subang NADMA dengan kerjasama TUDM menghantar bekalan perubatan dalam misi kemanusiaan ke # Marawi http://bit.ly/2gOzkE1,,,# #,888176508124057600,https://twitter.com/hmetromy/status/888176508124057600
philipbokingo,2017-07-21 07:19,0,0,"Duterte's visit came while Marawi battle was ongoing, AFP chief says | News | GMA News Online https://shar.es/1Tq4hW  via @ gmanews",,@,,888176464851476480,https://twitter.com/philipbokingo/status/888176464851476480
i3ryok,2017-07-21 07:17,0,0,"Pagbisita ni Pangulong Duterte sa Marawi City, hindi naging madali - http://www.newsportal.ph/pagbisita-ni-pangulong-duterte-sa-marawi-city-hindi-naging-madali/ …pic.twitter.com/PYiqMCKFfB",,,,888176030908694528,https://twitter.com/i3ryok/status/888176030908694528
Hera_Noticias,2017-07-21 07:16,0,0,Rodrigo Duterte visita Marawi por primera vez desde el inicio del conflicto con el EI... http://ow.ly/qc7330dNpL2  http://fb.me/8VnaWKqck,,,,888175763438141440,https://twitter.com/Hera_Noticias/status/888175763438141440
Hera_Noticias,2017-07-21 07:16,0,0,Rodrigo Duterte visita Marawi por primera vez desde el inicio del conflicto con el EI... http://ow.ly/qc7330dNpL2 pic.twitter.com/F1D3ycWcU4,,,,888175746434428929,https://twitter.com/Hera_Noticias/status/888175746434428929
DZMMTeleRadyo,2017-07-21 07:15,0,0,"Duterte, bumisita sa Marawi http://bit.ly/2voX9FP pic.twitter.com/mGX30w9fbH",,,,888175437934862337,https://twitter.com/DZMMTeleRadyo/status/888175437934862337
dzbb,2017-07-21 07:10,0,1,"Pang. Duterte, nakabisita na sa Marawi City. # SuperBalitaSaUmagaNationwide",,,#,888174385101643776,https://twitter.com/dzbb/status/888174385101643776
Elviracam58,2017-07-21 07:10,0,1,"Busy sa Marawi si PRRD. I doubt it if all these sub agencies under his cabinets are doing, have PRRD's go signal.",,,,888174231002927104,https://twitter.com/Elviracam58/status/888174231002927104
Maeghuundah,2017-07-21 07:10,0,0,Duterte ‘really showed courage’ in visiting Marawi — officer http://conceptnewscentral.com/index.php/2017/07/21/duterte-really-showed-courage-visiting-marawi-officer/ … via @ ConceptGrp,,@,,888174224250032128,https://twitter.com/Maeghuundah/status/888174224250032128
Maeghuundah,2017-07-21 07:08,0,0,President’s visit to Marawi boosts morale of troops fighting Mautes http://conceptnewscentral.com/index.php/2017/07/21/presidents-visit-marawi-boosts-morale-troops-fighting-mautes/ … via @ ConceptGrp,,@,,888173815657775105,https://twitter.com/Maeghuundah/status/888173815657775105
nerowattz,2017-07-21 07:08,0,0,Duterte visits troops in Marawi http://inq.ph/inqmobileapp  InquirerMobilehttp://ift.tt/2uO1fKG,,,,888173739418021888,https://twitter.com/nerowattz/status/888173739418021888
gwaponghandsome,2017-07-21 07:07,0,0,@ risahontiveros you're a mess and corrupt! Sayang lng ang boto ko sayo. Huwad na tao Salot ka sa gobyerno dapat sayo itapon sa marawi.,,@,,888173545934778368,https://twitter.com/gwaponghandsome/status/888173545934778368
NewsRmn,2017-07-21 07:03,0,0,"Pangulong Rodrigo Duterte, nakadalaw na sa Marawi City https://rmn.ph/pangulong-rodrigo-duterte-nakadalaw-na-sa-marawi-city/ … via @ rmnnetworks",,@,,888172490408607744,https://twitter.com/NewsRmn/status/888172490408607744
busybetsy108,2017-07-21 07:02,2,2,Ang Diktador hindi pupunta ng crisis region like Marawi may utusan duwag ang ating PRESIDENT hanga naman tayo at walang takot.God Bless You.,,,,888172223747457026,https://twitter.com/busybetsy108/status/888172223747457026
dzbb,2017-07-21 07:00,0,4,"Puwersa ng gobyerno sa Marawi City, inspirado sa pagbisita ni Pang. Duterte kahapon. | via @ Benjielitepic.twitter.com/hCtKKlZF55",,@,,888171752194326528,https://twitter.com/dzbb/status/888171752194326528
JenniferGeolleg,2017-07-21 06:59,1,2,Salamat mayward family lahat ng n punta s marawi I love u ...guys,,,,888171445452292096,https://twitter.com/JenniferGeolleg/status/888171445452292096
dwiz882,2017-07-21 06:57,0,1,"# IZHeadlines Mga sundalong lumalaban sa Maute group sa Marawi City, dinalaw ng Pangulong Rodrigo Duterte",,,#,888171056195788803,https://twitter.com/dwiz882/status/888171056195788803
rmnnetworks,2017-07-21 06:55,0,1,"# LATESTNEWS Pangulong Rodrigo Duterte, nakadalaw na sa Marawi City http://fb.me/1fJ3yfwnb",,,#,888170459111366657,https://twitter.com/rmnnetworks/status/888170459111366657
RashidMarx,2017-07-21 06:51,0,0,"la organización terrorista isis sigue haciendo batalla en Filipinas el ultimo video desde la isla de Marawi,... http://fb.me/IeO6txEZ",,,,888169579255480321,https://twitter.com/RashidMarx/status/888169579255480321
netizens88,2017-07-21 06:49,0,0,WATCH: Pres. Duterte Napaluha At Naging Emosyonal Sa Pagpunta Sa Marawi http://ift.tt/2gOxAuB # netizensPH # pinoynetizens # pinoynews # pin…,,,# # # #,888168957299085313,https://twitter.com/netizens88/status/888168957299085313
busybetsy108,2017-07-21 06:49,1,1,Sa tutoo lang talaga sa mga.kabutihanna.ginawa nya maraming kontrabida at itong Marawi isa din problema Maute . https://twitter.com/MochaUson/status/888167905988300800 …,,,,888168948788850688,https://twitter.com/busybetsy108/status/888168948788850688
SalmanRanaw,2017-07-21 06:46,0,0,DANSALAN TANO - Evacuees are returning back to Marawi City and their home municipalities in Lanao del Sur start... http://fb.me/HWY9nYWd,,,,888168280908644352,https://twitter.com/SalmanRanaw/status/888168280908644352
nayegandaaa,2017-07-21 06:46,0,1,"Kwentong marawi lang yon"" hahahahaha yoko na""",,,,888168153343184897,https://twitter.com/nayegandaaa/status/888168153343184897
MochaUson,2017-07-21 06:45,81,311,"Tatay Digong napaluha sa speech niya sa Marawi, Watch the full video here- https://www.facebook.com/Mochablogger/videos/10155643388096522/ …pic.twitter.com/VzDuj5mM8Z",,,,888167905988300800,https://twitter.com/MochaUson/status/888167905988300800
nerowattz,2017-07-21 06:43,0,0,"Marawi evacuees reach Bicol, appeal for help http://inq.ph/inqmobileapp  InquirerMobilehttp://ift.tt/2uH1Lt8",,,,888167624273776641,https://twitter.com/nerowattz/status/888167624273776641
dzIQ990,2017-07-21 06:42,0,0,"Pagbisita ni Pangulong Duterte sa Marawi City, hindi naging madali - DZIQ Radyo Inquirer 990AM https://shar.es/1Tqcz1  | @ chonayu1",,@,,888167366114148353,https://twitter.com/dzIQ990/status/888167366114148353
Kadangyan2,2017-07-21 06:42,0,0,ows?! madami pala puno sa marawi?!,,,,888167319666475008,https://twitter.com/Kadangyan2/status/888167319666475008
netizens88,2017-07-21 06:39,0,0,Kakapasok Na Balita Ngayong Hapon | Update Sa Marawi | Sagupaan Sa North Cotabato http://ift.tt/2ueY6QH # netizensPH # pinoynetizens # pino…,,,# # #,888166510405058561,https://twitter.com/netizens88/status/888166510405058561
junmeromi,2017-07-21 06:38,0,1,It looks that the Battle of Marawi will not be resolved in the coming days... What then...?,,,,888166132762398720,https://twitter.com/junmeromi/status/888166132762398720
tolits012,2017-07-21 06:37,0,1,"Ang mga namatay sa friendly fire sa Marawi, hindi ba incompetent lider? Define incompetent pls. Competent ba yong nagdeclare ML sa Russia?",,,,888165907079479296,https://twitter.com/tolits012/status/888165907079479296
dzrhnews,2017-07-21 06:36,0,0,"Marawi City, napasok na ni Pangulong Duterte! # ACSBalita",,,#,888165713772388352,https://twitter.com/dzrhnews/status/888165713772388352
findtrendingph,2017-07-21 06:35,0,0,Fighting Extremism The Marawi Crisis - http://www.findtrendingportal.com/2017/07/21/fighting-extremism-marawi-crisis/ …pic.twitter.com/2yIO7PSmGj,,,,888165422507462660,https://twitter.com/findtrendingph/status/888165422507462660
YannehYanneh,2017-07-21 06:33,0,0,Pre. Tatay Digong I salute you & we love you. Nibisita gyud siya sa marawi. http://fb.me/3NBsgKZel,,,,888165108777537536,https://twitter.com/YannehYanneh/status/888165108777537536
ukgdos,2017-07-21 06:31,0,8,"# UKGShowbiz Bb. Pilipinas 2017 reigning queens, bumisita sa mga sundalong nasugatan sa labanan sa Marawi",,,#,888164498707578880,https://twitter.com/ukgdos/status/888164498707578880
lugto13,2017-07-21 06:30,0,0,"In his third attempt, President Rodrigo Roa Duterte successfully visits Marawi City https://goo.gl/fb/xP3Zde",,,,888164282399162369,https://twitter.com/lugto13/status/888164282399162369
pinoynewsonline,2017-07-21 06:30,0,0,"DAILY NEWS UPDATE JULY 4,2017 PACQUIAO RETIRES-DUTERTE-CHINA VS MARAWI! More on... http://fb.me/1GcMhcloh",,,,888164172017618949,https://twitter.com/pinoynewsonline/status/888164172017618949
netizens88,2017-07-21 06:29,0,0,WATCH: Emosyonal na Talumpati ni President Duterte sa Marawi http://ift.tt/2uEjAsQ # netizensPH # pinoynetizens # pinoynews # pinoyviral,,,# # # #,888163962591862784,https://twitter.com/netizens88/status/888163962591862784
netizens88,2017-07-21 06:29,0,0,WATCH: Sa Wakas Bumisita na rin President Duterte sa Marawi http://ift.tt/2uEDX9z # netizensPH # pinoynetizens # pinoynews # pinoyviral,,,# # # #,888163958506627072,https://twitter.com/netizens88/status/888163958506627072
jovelyn_n,2017-07-21 06:29,0,0,"Bandila: Duterte, bumisita sa Marawi https://goo.gl/fb/XiuAVV",,,,888163941322547200,https://twitter.com/jovelyn_n/status/888163941322547200
RRbeshy,2017-07-21 06:25,0,0,Asec mocha next time po pakisabi PO ky prrd to remove yong kwentas pag bumisita sya sa marawi.mas madali sya makita ng klban.be safe always,,,,888162894654951425,https://twitter.com/RRbeshy/status/888162894654951425
patavery_md,2017-07-21 06:22,3,7,"He tried to enter Marawi several times hampered by bad weather, not by Noynoying.",,,,888162265115086848,https://twitter.com/patavery_md/status/888162265115086848
junmeromi,2017-07-21 06:21,0,0,So the Battle in Marawi continues beyond the 2nd SONA! The end is NOT in sight...,,,,888161964169363456,https://twitter.com/junmeromi/status/888161964169363456
pavelvond,2017-07-21 06:17,0,0,"# Filipíny Prezident # Duterte konečně navštívil # Marawi, kde armáda svádí těžké boje s ozbrojenci napojenými na # ISIS. Trvalo mu to 59 dní.https://twitter.com/cnnphilippines/status/888158805124567040 …",,,# # # #,888160854226685954,https://twitter.com/pavelvond/status/888160854226685954
rai_rms,2017-07-21 06:15,0,2,Di ako dn pakarila matan even though d ako lumaki sa bahay na yun na dun na kami nanirahan simula nung nanirahan kami sa Marawi,,,,888160392291139584,https://twitter.com/rai_rms/status/888160392291139584
BrigadaOfficial,2017-07-21 06:14,0,0,"Pangulong Duterte, emosyunal na humarap sa Marawi troops http://fb.me/AYOrmsmW",,,,888160221201170432,https://twitter.com/BrigadaOfficial/status/888160221201170432
Rtzheeel,2017-07-21 06:14,0,0,We pray for the soldiers in Marawi City.,,,,888160088371863553,https://twitter.com/Rtzheeel/status/888160088371863553
cnnphilippines,2017-07-21 06:11,4,7,# InsideMarawi: Duterte turns emotional during Marawi visit | # CNNPHNewDay http://www.cnn.ph pic.twitter.com/XEUblfCZfL,,,# #,888159434861457409,https://twitter.com/cnnphilippines/status/888159434861457409
jun_veneracion,2017-07-21 06:11,0,3,"President Duterte, the military's commander-in-chief, speaks to his troops at a camp in Marawi… https://www.instagram.com/p/BWyN-92h18_/",,,,888159390275993600,https://twitter.com/jun_veneracion/status/888159390275993600
UnangHirit,2017-07-21 06:10,0,3,"Bakbakan sa Marawi City, nasa ika-60 na araw na # UnangHirit",,,#,888159227188920320,https://twitter.com/UnangHirit/status/888159227188920320
cnnphilippines,2017-07-21 06:08,0,7,"# InsideMarawi: Duterte finally sets foot in war-torn Marawi, boosts morale http://cnn.ph/2uLSxMO pic.twitter.com/AFB6JPoaHY",,,#,888158805124567040,https://twitter.com/cnnphilippines/status/888158805124567040
Philtizen,2017-07-21 06:02,0,0,"President Rody Duterte was warmly welcomed at the 103rd Brigade headquarters in Marawi City, as he visited the... http://fb.me/3Yzxq8Bdl",,,,888157237893406720,https://twitter.com/Philtizen/status/888157237893406720
Philtizen,2017-07-21 06:02,0,0,"President Rody Duterte was warmly welcomed at the 103rd Brigade headquarters in Marawi City, as he visited the... http://fb.me/3hDoxDlZN",,,,888157237625081856,https://twitter.com/Philtizen/status/888157237625081856
Qatar_Update,2017-07-21 06:00,0,0,Duterte pays visit to troops in Marawi City http://ift.tt/2uGWrFX # news,,,#,888156752398692353,https://twitter.com/Qatar_Update/status/888156752398692353
PIADesk,2017-07-21 06:00,2,0,"For the latest updates & info on the # Marawi crisis, follow the # MindanaoHour online via FB, twitter, IG & website: http://pia.gov.ph/mindanaohour pic.twitter.com/NVJfWhn6HB",,,# #,888156576623857664,https://twitter.com/PIADesk/status/888156576623857664
cnnphilippines,2017-07-21 06:00,0,4,"Duterte finally sets foot in war-torn Marawi, boosts morale http://bit.ly/2tK8JsX pic.twitter.com/hSikWETO15",,,,888156567375368194,https://twitter.com/cnnphilippines/status/888156567375368194
ANCALERTS,2017-07-21 06:00,1,8,# ICYMI: Duterte visits troops in Marawi # MarawiClashhttp://bit.ly/2ueuFjB,,,# #,888156563852197888,https://twitter.com/ANCALERTS/status/888156563852197888
cnnphilippines,2017-07-21 06:00,2,20,"Duterte finally sets foot in war-torn Marawi, boosts morale http://bit.ly/2uLSxMO pic.twitter.com/ayLUR1JUG7",,,,888156563508154368,https://twitter.com/cnnphilippines/status/888156563508154368
GulfTimes_QATAR,2017-07-21 05:55,0,0,# Duterte pays visit to troops in Marawi City http://www.gulf-times.com/story/557364 pic.twitter.com/BGx39LHlk3,,,#,888155437182447616,https://twitter.com/GulfTimes_QATAR/status/888155437182447616
CaptRahmat,2017-07-21 05:55,2,2,The A400M proves its worth in # marawi https://seademon.me/2017/07/21/defence-rmafs-a400m-proves-its-worth-in-marawi/ … @ airforcenextgen @ apai62 @ MINDEFMalaysia @ HishammuddinH2O @ H2OComms,,@ @ @ @ @,#,888155436976791552,https://twitter.com/CaptRahmat/status/888155436976791552
PhyIis,2017-07-21 05:54,0,0,# Philippine President Rodrigo # Duterte makes surprise visit to # Marawi http://str.sg/4DG3,,,# # #,888155158022168576,https://twitter.com/PhyIis/status/888155158022168576
carmelafonbuena,2017-07-21 05:52,1,0,WATCH: Duterte finally visits Marawi https://youtu.be/KSmoULbVNYU @ rapplerdotcom,,@,,888154668412452865,https://twitter.com/carmelafonbuena/status/888154668412452865
TheVolatilian,2017-07-21 05:52,0,1,Marawi – bill for the rebirth http://www.thevolatilian.com/marawi-bill-rebirth/ …pic.twitter.com/wczM47F6lP,,,,888154564196806656,https://twitter.com/TheVolatilian/status/888154564196806656
leahnavarro,2017-07-21 05:51,2,7,Martial Law in Mindanao hasn't returned evacuees to Marawi sooner. Lift it now! The fifth untruth about martial law http://opinion.inquirer.net/105733/fifth-untruth-martial-law …,,,,888154500111810560,https://twitter.com/leahnavarro/status/888154500111810560
PMCroninCNAS,2017-07-21 05:49,1,1,India-Philippines Counterterrorism Cooperation @ Diplomat_APAC http://thediplomat.com/2017/07/india-philippines-counterterrorism-cooperation/ … From Mumbai to Marawi,,@,,888153936053534720,https://twitter.com/PMCroninCNAS/status/888153936053534720
dzbb,2017-07-21 05:47,0,2,"Mga nagbibigay ng relief goods, hinimok na maging sensitibo sa usapin ng relihiyon at kultura, ayon sa mga residente ng Marawi | @ Benjielite",,@,,888153365242302464,https://twitter.com/dzbb/status/888153365242302464
PHHotTrends,2017-07-21 05:45,0,0,ICYMI: President Duterte visits strife-torn Marawi City (Photos from Christopher Go) | via alexisbromero pic.twitter.com/zpUtYacu4R,,,,888152868208988160,https://twitter.com/PHHotTrends/status/888152868208988160
andreicaracut_,2017-07-21 05:38,0,0,"ubos na ung binigay na allowance mo for this week kasi ung mga kailangan bayaran like milo marathon, marawi, & other stuff +",,,,888151128373813248,https://twitter.com/andreicaracut_/status/888151128373813248
froiLyBaby,2017-07-21 05:34,0,0,can we bring back Marawi 2 its former glory considering hundreds of extremist's sympathizers are still in refugee camps? @ inquirerdotnet,,@,,888150084294017024,https://twitter.com/froiLyBaby/status/888150084294017024
patrol_ph,2017-07-21 05:31,0,0,"Duterte, bumisita sa Marawi http://ift.tt/2uE7MHd",,,,888149345224331268,https://twitter.com/patrol_ph/status/888149345224331268
froiLyBaby,2017-07-21 05:30,0,0,can we bring back Marawi to its former glory considerng hundreds of extremist's sympathizers are still in refugee camps? @ TVPatrol,,@,,888149132652683264,https://twitter.com/froiLyBaby/status/888149132652683264
MochaUson,2017-07-21 05:29,19,76,PRRD in Marawi https://www.facebook.com/Mochablogger/videos/10155643388096522/ …,,,,888148921662308353,https://twitter.com/MochaUson/status/888148921662308353
romyhitosis1,2017-07-21 05:28,0,0,"@ inquirerdotnet Duterte finally lands in Marawi, cheers up troops http://newsinfo.inquirer.net/915609/duterte-lands-in-marawi-talks-to-troops …",,@,,888148711024451584,https://twitter.com/romyhitosis1/status/888148711024451584
froiLyBaby,2017-07-21 05:28,0,0,can we bring back Marawi to its former glory considering hundreds of extremist's sympathizers are still in refugee camps? @ TVPatrol,,@,,888148638710382592,https://twitter.com/froiLyBaby/status/888148638710382592
froiLyBaby,2017-07-21 05:27,0,0,can we bring back Marawi to its former glory considering hundreds of extremist's sympathizers are still in refugee camps? @ ABSCBNNews,,@,,888148481835122688,https://twitter.com/froiLyBaby/status/888148481835122688
teacherdougles,2017-07-21 05:22,0,1,"Singapore offers drones, training to Filipino troops battling IS in Marawi - http://dougleschan.com/the-recruitment-guru/?p=390958 …",,,,888147105599987712,https://twitter.com/teacherdougles/status/888147105599987712
UnangHirit,2017-07-21 05:18,0,1,"Pres. Duterte, bumisita sa Marawi sa gitna ng patuloy na bakbakan # UnangHirit",,,#,888146222841606144,https://twitter.com/UnangHirit/status/888146222841606144
Ivan226622,2017-07-21 05:15,0,0,"ICYMI: Duterte finally visits Marawi http://bit.ly/2vm6jmw  pic.twitter.com/C85zmDZAz4 — ABS-CBN News (ABSCBNNews) July 20, 2017",,,,888145353035436034,https://twitter.com/Ivan226622/status/888145353035436034
ABSCBNNews,2017-07-21 05:15,8,34,ICYMI: Duterte finally visits Marawi http://bit.ly/2vm6jmw pic.twitter.com/4W98ueAk50,,,,888145242196725760,https://twitter.com/ABSCBNNews/status/888145242196725760
dzrhnews,2017-07-21 05:11,0,1,"Pagbisita sa Marawi ng Pangulong Duterte, natuloy din sa wakas! # RapidoHatawBalita",,,#,888144235655974913,https://twitter.com/dzrhnews/status/888144235655974913
CaptRahmat,2017-07-21 05:06,1,2,SMART personnel from # Malaysia await on board @ airforcenextgen A400M for more # HADR aid destined for # Marawi Philippines pic.twitter.com/FC4IjrhmPv,,@,# # #,888143161402417152,https://twitter.com/CaptRahmat/status/888143161402417152
QlZNs1FN5ni3giB,2017-07-21 05:04,0,0,@ marawi_q8 هوه اهم شي الكلام كله سوالف,,@,,888142583758807040,https://twitter.com/QlZNs1FN5ni3giB/status/888142583758807040
PinoyTeleserye1,2017-07-21 05:03,0,0,"Watch: QRT: Pangulong Duterte, bumisita sa mga tropa ng militar sa Marawi City https://www.pinoyteleseryerewind.info/qrt-pangulong-duterte-bumisita-sa-mga-tropa-ng-militar-sa-marawi-city/ …pic.twitter.com/UQLMMZenwQ",,,,888142274617499648,https://twitter.com/PinoyTeleserye1/status/888142274617499648
YahooPH,2017-07-21 05:00,0,5,Duterte makes surprise visit to Marawi warzone https://ph.news.yahoo.com/philippines-duterte-makes-surprise-visit-warzone-000818306.html …,,,,888141576291192832,https://twitter.com/YahooPH/status/888141576291192832
FreeportIL,2017-07-21 04:56,0,0,Duterte Went To Marawi City to Raised Morals to his Soldiers Against the Maute ISIS http://dlvr.it/PX9Z9W  LiveLeak # News,,,#,888140479778275328,https://twitter.com/FreeportIL/status/888140479778275328
dzrhnews,2017-07-21 04:55,0,1,"Pang. Duterte, nakabisita na sa Marawi City # MagandangUmagaPilipinas",,,#,888140208402780160,https://twitter.com/dzrhnews/status/888140208402780160
CaptRahmat,2017-07-21 04:45,1,6,@ airforcenextgen officers pose with Malaysian SMART personnel who will be assisting withbthe delivery of aid to # Marawi pic.twitter.com/JHrd3h4Pi1,,@,#,888137721352396800,https://twitter.com/CaptRahmat/status/888137721352396800
dzrhnews,2017-07-21 04:45,0,2,"Duterte, magsusuot ng Marawi-inspired barong tagalog sa kanyang ikalawang SONA sa Lunes # MagandangUmagaPilipinas",,,#,888137688980701184,https://twitter.com/dzrhnews/status/888137688980701184
gmanewsfacebook,2017-07-21 04:40,0,0,"[ICYMI] President Rody Duterte was warmly welcomed at the 103rd Brigade headquarters in Marawi City, as he... http://fb.me/18uRQRw3w",,,,888136450834706432,https://twitter.com/gmanewsfacebook/status/888136450834706432
dzbb,2017-07-21 04:38,0,0,"Matapos ang ilang pagtatangka, Pang. Duterte, nakabisita sa Marawi City sa kauna-unahang pagkakataon. # DobolBBalitangBalita",,,#,888136059279745024,https://twitter.com/dzbb/status/888136059279745024
EmongAirhead,2017-07-21 04:36,0,0,Visit to Marawi City 7/20/2017 https://www.youtube.com/watch?v=VhdUjuiy4fY&feature=share …,,,,888135560539197440,https://twitter.com/EmongAirhead/status/888135560539197440
Eastasianewsnet,2017-07-21 04:34,0,0,New post: Leadership of Islamic State-linked fighters in Marawi remains largely intact: Duterte http://eastasianews.net/?p=523407,,,,888135060297138176,https://twitter.com/Eastasianewsnet/status/888135060297138176
chancelottelou5,2017-07-21 04:33,0,0,@ equalizer_post galit na galit sa mga babae Muslim taga-Marawi pero ilang araw nakalipas?pero hindi nakauwi sa mga residents na Marawi.,,@,,888134676698636288,https://twitter.com/chancelottelou5/status/888134676698636288
StarFMZamboanga,2017-07-21 04:29,0,0,Duterte natuloy na rin sa pagbisita sa Marawi City ngayong araw | Bombo Radyo Philippines http://fb.me/4ZOD00msg,,,,888133790433910784,https://twitter.com/StarFMZamboanga/status/888133790433910784
bomboradyonaga,2017-07-21 04:29,0,0,Duterte natuloy na rin sa pagbisita sa Marawi City ngayong araw | Bombo Radyo Philippines http://fb.me/8zlJCMqmi,,,,888133775342936064,https://twitter.com/bomboradyonaga/status/888133775342936064
starfmbacolod,2017-07-21 04:29,0,0,Duterte natuloy na rin sa pagbisita sa Marawi City ngayong araw | Bombo Radyo Philippines http://fb.me/6RLcc1WSV,,,,888133772209795072,https://twitter.com/starfmbacolod/status/888133772209795072
JULIOLoveCebu,2017-07-21 04:29,0,0,Duterte natuloy na rin sa pagbisita sa Marawi City ngayong araw | Bombo Radyo Philippines http://fb.me/6fxqaDnDb,,,,888133671588417536,https://twitter.com/JULIOLoveCebu/status/888133671588417536
juergen_p,2017-07-21 04:27,0,0,ISIS militants # refuse to # surrender in # Marawi as Philippine Army unleashes final assault https://www.almasdarnews.com/article/isis-militants-refuse-surrender-marawi-philippine-army-unleashes-final-assault/ …,,,# # #,888133400892256260,https://twitter.com/juergen_p/status/888133400892256260
salanga17,2017-07-21 04:22,0,0,"Panoorin! Actual Video sa pagpunta ni Pres. Duterte sa Marawi! Mag-ingat po kayo Tatay Digong, marami ang may... http://fb.me/yxGt5uVq",,,,888131947632836608,https://twitter.com/salanga17/status/888131947632836608
saadeid,2017-07-21 04:17,0,0,اخبار الجميلة اية,,,,888130785722720256,https://twitter.com/saadeid/status/888130785722720256
VOPnewsroom,2017-07-21 04:11,0,0,Philippine President Rodrigo Duterte made a surprise visit to the wartorn city of Marawi on Thursday where troops... http://fb.me/3YfLMaZqU,,,,888129233851105280,https://twitter.com/VOPnewsroom/status/888129233851105280
patavery_md,2017-07-21 04:10,14,19,PRRD finally visited Marawi amidst ongoing gun battle. So much respect to this great leader. # SaludoDutertepic.twitter.com/Ro15zytrje,,,#,888129105782112258,https://twitter.com/patavery_md/status/888129105782112258
PhilstarNews,2017-07-21 04:03,0,1,ICYMI: President Duterte visits strife-torn Marawi City (Photos from Christopher Go) | via @ alexisbromeropic.twitter.com/LWXo5cPQj6,,@,,888127237198716928,https://twitter.com/PhilstarNews/status/888127237198716928
MyFreedomNews,2017-07-21 04:01,0,0,http://El32.com  Duterte Went To Marawi City to Raised Morals to his Soldiers Against the Maute ISIS http://dlvr.it/PX8zfx pic.twitter.com/J41WwqOQH6,,,,888126717927211008,https://twitter.com/MyFreedomNews/status/888126717927211008
PIADesk,2017-07-21 04:00,0,0,# US gov't programs provide relief to # Marawi evacuees http://bit.ly/2tJF6rK # EmpoweringCommunities # MindanaoHour # MarawiCrisispic.twitter.com/0bIb2kHkbb,,,# # # # #,888126377865748480,https://twitter.com/PIADesk/status/888126377865748480
juergen_p,2017-07-21 04:00,0,0,# ISIS releases # new # Marawi-battle # video depicting fierce skirmishes with # Philippine # Army https://www.almasdarnews.com/article/isis-releases-new-marawi-battle-video-depicting-fierce-skirmishes-philippine-army/ … 'Screenshot'pic.twitter.com/bZtiCs5SiE,,,# # # # # #,888126374208126976,https://twitter.com/juergen_p/status/888126374208126976
BataKayumanggi,2017-07-21 03:59,0,1,"Ayusin muna trabaho nyo bago magpapogi sa camera! Pareho kayo ng amo mo, puo yabang at press release eh ang dami nang namamatay sa Marawi.",,,,888126249251422209,https://twitter.com/BataKayumanggi/status/888126249251422209
BoobsAndBeyond,2017-07-21 03:57,0,0,WATCH: WHAT IS THE REAL SCORE IN # MARAWI? QUESTION MORE. Follow us on Twitter: @ DreiToledo & @ AndreVltchek... http://fb.me/67VuR02Yf,,@ @,#,888125639299026944,https://twitter.com/BoobsAndBeyond/status/888125639299026944
ana_nora5,2017-07-21 03:54,0,1,فعلا تستاهلي,,,,888125062590586881,https://twitter.com/ana_nora5/status/888125062590586881
ana_nora5,2017-07-21 03:54,0,1,تصبحي على خير يا قلبي,,,,888124986820485120,https://twitter.com/ana_nora5/status/888124986820485120
marawi_q8,2017-07-21 03:50,1,2,وانتي بالف خير حبيبتي,,,,888124022361268227,https://twitter.com/marawi_q8/status/888124022361268227
RAZANALI119,2017-07-21 03:50,2,3,تصبحي ع خير,,,,888123922704506881,https://twitter.com/RAZANALI119/status/888123922704506881
marawi_q8,2017-07-21 03:49,11,19,- هَجرت قَلبي وهَجرتني بأَي ذَنبٍ أَحرقت فُؤادي وقَتلتني ؟. # خروجpic.twitter.com/S7Plrnighj,,,#,888123759298715648,https://twitter.com/marawi_q8/status/888123759298715648
toptensg_com,2017-07-21 03:49,0,0,Singapore Assisting Philippines in Marawi Liberation - https://ggmobiletech.com/youtube-singapore/singapore-assisting-philippines-in-marawi-liberation/ …,,,,888123688188391427,https://twitter.com/toptensg_com/status/888123688188391427
marawi_q8,2017-07-21 03:48,2,4,تسلمي لي حبيبتي,,,,888123587290210304,https://twitter.com/marawi_q8/status/888123587290210304
abrar0558,2017-07-21 03:48,1,1,يوه يوه يوه احرجتيني مراوي ربي يخليك امواااااه ع شفايفك,,,,888123470420131841,https://twitter.com/abrar0558/status/888123470420131841
dzbb,2017-07-21 03:47,0,0,"Pang. Rodrigo Duterte, binista ang mga sundalo na nasa warzone sa Marawi City. # UmagaNaBalitaNahttp://gmane.ws/DZBBLive",,,#,888123317948776450,https://twitter.com/dzbb/status/888123317948776450
kylebitcoins,2017-07-21 03:46,0,0,# GMANews Duterte finally visits troops in Marawi http://bit.ly/2udWk2u @ kylebitcoins # Follow,,@,# #,888122867904258048,https://twitter.com/kylebitcoins/status/888122867904258048
asim70644,2017-07-21 03:45,0,0,يسعد مساك,,,,888122654338596864,https://twitter.com/asim70644/status/888122654338596864
Na23nu,2017-07-21 03:43,0,0,فديت عيونك ي قلبي,,,,888122295671177216,https://twitter.com/Na23nu/status/888122295671177216
marawi_q8,2017-07-21 03:43,1,0,هلا هلا عيوني,,,,888122159708504066,https://twitter.com/marawi_q8/status/888122159708504066
Na23nu,2017-07-21 03:42,0,0,مساء الورد حبيبتي,,,,888122048232407042,https://twitter.com/Na23nu/status/888122048232407042
marawi_q8,2017-07-21 03:42,1,4,شكرا حبيبتي,,,,888121847987838978,https://twitter.com/marawi_q8/status/888121847987838978
foi3344,2017-07-21 03:41,0,0,مساءالذوق,,,,888121747949592579,https://twitter.com/foi3344/status/888121747949592579
RAZANALI119,2017-07-21 03:41,5,13,@ marawi_q8 ذؤؤؤؤق متميزة متألقة دلوعه قمر pic.twitter.com/qx7QKG4rUx,,@,,888121652025868288,https://twitter.com/RAZANALI119/status/888121652025868288
marawi_q8,2017-07-21 03:39,10,9,مابين ايديك الناعمه داي ودواي عمري رهينن عند حظرة جنابك اعشق عيونك وارسمك شمس بـ غناي ومن كثر حبك صرت اخافك واهابك. # مساء_الخير,,,#,888121305194610688,https://twitter.com/marawi_q8/status/888121305194610688
RobBar88,2017-07-21 03:37,0,0,ISIS releases new Marawi battle video depicting fierce skirmishes with Philippine Army: https://www.almasdarnews.com/article/isis-releases-new-marawi-battle-video-depicting-fierce-skirmishes-philippine-army/#brid_tw_Brid_316082_1 …,,,#brid_tw_Brid_316082_1,888120668432195584,https://twitter.com/RobBar88/status/888120668432195584
RAZANALI119,2017-07-21 03:31,2,1,نتي غير كل الناس بشريان القلب سويتلك مكان,,,,888119251634077698,https://twitter.com/RAZANALI119/status/888119251634077698
marawi_q8,2017-07-21 03:30,2,3,@ abrar0558 ٓ هنُـاك أشخاص معرفتهم هداياالقــدر قلــوبهم نقيـہ ومعرفتهم فخر pic.twitter.com/JqgFNv9CEL,,@,,888119019881938945,https://twitter.com/marawi_q8/status/888119019881938945
pinoynewsonline,2017-07-21 03:30,0,0,"Manila News | KAKAPASOK LANG NA BALITA! JULY 10, 2017 | Marawi Updates | CBCP New Pres. | Duterte More on... http://fb.me/4UZh2vQvp",,,,888118865321840643,https://twitter.com/pinoynewsonline/status/888118865321840643
ARnews1936,2017-07-21 03:27,10,9,"ISIS releases new Marawi battle video depicting fierce skirmishes with Philippine Army"" https://www.almasdarnews.com/article/isis-releases-new-marawi-battle-video-depicting-fierce-skirmishes-philippine-army/ …""",,,,888118289422983169,https://twitter.com/ARnews1936/status/888118289422983169
Kingof_sense,2017-07-21 03:27,0,0,تستاهل,,,,888118196724670465,https://twitter.com/Kingof_sense/status/888118196724670465
AlalamiAbuyazid,2017-07-21 03:27,0,0,ههههههههههه,,,,888118178152239107,https://twitter.com/AlalamiAbuyazid/status/888118178152239107
marawi_q8,2017-07-21 03:26,2,12,@ RAZANALI119 لك بالحشا وِد على غير مقياس وغيرك ولو وصل القمر ما وصله . غلاك عندي فارقٍ عن غلا الناس ولو هم خذوا بعضه لك القلب كلهpic.twitter.com/etN0A6tsEg,,@,,888118040793038849,https://twitter.com/marawi_q8/status/888118040793038849
marawi_q8,2017-07-21 03:25,1,1,فديتك,,,,888117682993627137,https://twitter.com/marawi_q8/status/888117682993627137
moona_mx,2017-07-21 03:25,2,4,تستاهلي دلوعتي,,,,888117569097314307,https://twitter.com/moona_mx/status/888117569097314307
huauG1kSUk3VQVP,2017-07-21 03:24,0,0,فديت المزة ولا يهمك اعرفي امور,,,,888117433487155201,https://twitter.com/huauG1kSUk3VQVP/status/888117433487155201
huauG1kSUk3VQVP,2017-07-21 03:24,0,0,نامي ياعيوني نااامي وغمض عيوني واحلم انك معايا,,,,888117337383092224,https://twitter.com/huauG1kSUk3VQVP/status/888117337383092224
Mohamed02565315,2017-07-21 03:19,0,0,تشربى قهوه,,,,888116203515858944,https://twitter.com/Mohamed02565315/status/888116203515858944
marawi_q8,2017-07-21 03:18,3,25,ياقلبي انتي شكرا ياروحيpic.twitter.com/4Fz5VuzBlw,,,,888115918739394561,https://twitter.com/marawi_q8/status/888115918739394561
moona_mx,2017-07-21 03:17,2,19,تابعوا المزه الدلوعه مروه تستاهل وادعموها @ marawi_q8,,@,,888115691013853185,https://twitter.com/moona_mx/status/888115691013853185
marawi_q8,2017-07-21 03:16,3,15,شكلي بنام pic.twitter.com/1PYuwb8RAs,,,,888115478253641729,https://twitter.com/marawi_q8/status/888115478253641729
bdsaguing,2017-07-21 03:06,0,0,Duterte visits troops in Marawi on Day 58 http://davaotoday.com/main/politics/duterte-visits-troops-in-marawi-on-day-58/ … via @ davaotoday,"(['Rome', ' Italy'], Location((34.257038, -85.1646726, 0.0)))",@,,888112813075423236,https://twitter.com/bdsaguing/status/888112813075423236
Quackler,2017-07-21 03:05,0,0,"and Trump is also doing nothing to end ISIS violence in Marawi City, Philippines or end the violence in Syria","(['Michigan'], Location((43.6211955, -84.6824346, 0.0)))",,,888112765243543552,https://twitter.com/Quackler/status/888112765243543552
umcjustice,2017-07-21 03:05,2,7,"Climate migration and prayers for Marawi, Philippines. # ClimateJustice # migration # peopleonthemove","(['Washington', ' DC'], Location((38.8949549, -77.0366456, 0.0)))",,# # #,888112562973196290,https://twitter.com/umcjustice/status/888112562973196290
LITechNewsPosts,2017-07-21 03:02,0,0,# LITechNews: Singapore Assisting Philippines in Marawi Liberation # Drones # ISIS # Militaryhttps://longislandtechnologynews.com/2017/07/singapore-assisting-philippines-in-marawi-liberation/ …,"(['Bohemia', ' NY'], Location((49.8167003, 15.4749544, 0.0)))",,# # # #,888111810687098881,https://twitter.com/LITechNewsPosts/status/888111810687098881
PolitikoWatch,2017-07-21 03:00,0,0,Zarate: Kailangan pakinggan ang mga bakwit ng Marawi https://www.youtube.com/watch?v=tbGfFMjkn70 …,,,,888111278408978437,https://twitter.com/PolitikoWatch/status/888111278408978437
ana_nora5,2017-07-21 02:59,2,1,@ marawi_q8 لعيونك يا قلبيpic.twitter.com/X6mAv7E8qR,,@,,888111044349927425,https://twitter.com/ana_nora5/status/888111044349927425
huauG1kSUk3VQVP,2017-07-21 02:58,0,0,ياعمري انتي فديت رموشك,,,,888110853093900288,https://twitter.com/huauG1kSUk3VQVP/status/888110853093900288
ilovepagadian,2017-07-21 02:54,0,0,"Duterte finally visits Marawi City, lifts troops’ morale http://ift.tt/2uDP4iY","(['Pagadian City'], Location((7.8249717, 123.4365816, 0.0)))",,,888109795927928833,https://twitter.com/ilovepagadian/status/888109795927928833
GeorgeGerald,2017-07-21 02:54,0,0,President Duterte Visits Marawi City http://ift.tt/2vo9VV3 pic.twitter.com/H7NxdSBcBf,"(['Malaysia'], Location((2.3923759, 112.8471939, 0.0)))",,,888109764374167552,https://twitter.com/GeorgeGerald/status/888109764374167552
marawi_q8,2017-07-21 02:53,9,19,• • • ماذا تُريد؟ أُريد أن أضعه داخِل عيني وأطوي عليه برمشي ، أريد أن أحبُه وحدِي ..,,,,888109563915849730,https://twitter.com/marawi_q8/status/888109563915849730
kimbanqs,2017-07-21 02:53,0,1,One for Marawi # TaskusPH # PackGanernpic.twitter.com/FvgsxPAI5J,"(['~ Not of this world ~'], Location((33.8085006, -84.1708421191, 0.0)))",,# #,888109523965059072,https://twitter.com/kimbanqs/status/888109523965059072
atonibaicebu,2017-07-21 02:50,0,0,"WATCH: President Rody Duterte visits Marawi City by going to the 103rd Infantry (Haribon) Brigade, 1st Infantry... http://fb.me/y97Nc8Qi","(['Cebu City', ' Central Visayas'], Location((10.3090298, 123.8930839, 0.0)))",,,888108961592885250,https://twitter.com/atonibaicebu/status/888108961592885250
jovelyn_n,2017-07-21 02:49,0,0,Duterte visits troops in Marawi City https://goo.gl/fb/DGMRFY,,,,888108700187058176,https://twitter.com/jovelyn_n/status/888108700187058176
digitalfolklore,2017-07-21 02:48,0,0,# Marawi pic.twitter.com/fA9i67wa0g,,,#,888108461539512321,https://twitter.com/digitalfolklore/status/888108461539512321
aziaaan,2017-07-21 02:45,0,2,Aha namans wonderwoman oi aron mahuman naning sa Marawi hmf,"(['PH'], Location((12.44249325, 122.160395164, 0.0)))",,,888107501509427200,https://twitter.com/aziaaan/status/888107501509427200
CNPH2016,2017-07-21 02:43,0,2,"PRESIDENT DUTERTE FINALLY VISITS MARAWI CITY ON THURSDAY, 20 JULY 2017 President Rodrigo Duterte finally visited... http://fb.me/6WkWSE1V9","(['Philippines'], Location((12.7503486, 122.7312101, 0.0)))",,,888107018623492096,https://twitter.com/CNPH2016/status/888107018623492096
ilovepagadian,2017-07-21 02:34,0,0,"Duterte finally visits Marawi City, lifts troops’ morale http://www.ilovepagadian.com/duterte-finally-visits-marawi-city-lifts-troops-morale/ …pic.twitter.com/tENQfsQgEE","(['Pagadian City'], Location((7.8249717, 123.4365816, 0.0)))",,,888104894229471233,https://twitter.com/ilovepagadian/status/888104894229471233
OFWupdates,2017-07-21 02:34,0,0,Philippines: Leadership of Marawi Attackers Largely Intact - Voice of America http://dlvr.it/PX7zdK pic.twitter.com/1hfInmiEm5,"(['Manila', ' Philippines'], Location((14.5906216, 120.9799696, 0.0)))",,,888104756148715520,https://twitter.com/OFWupdates/status/888104756148715520
teacherdougles,2017-07-21 02:33,0,0,"SINGAPORE, MAGPAPADALA NG SURVEILANCE PLANE BILANG TULONG SA MGA SUNDALO SA MARAWI CITY - http://dougleschan.com/the-recruitment-guru/?p=390936 …","(['Singapore'], Location((1.2904753, 103.8520359, 0.0)))",,,888104629011070978,https://twitter.com/teacherdougles/status/888104629011070978
Ilokosboy,2017-07-21 02:30,0,0,DUTERTE EMOSYONAL NA BUMISITA SA MARAWI | Duterte finally visit Marawi C... https://www.youtube.com/watch?v=JTRG0RqWeWs&feature=share …,"(['California', ' USA'], Location((36.7014631, -118.7559974, 0.0)))",,,888103866012585984,https://twitter.com/Ilokosboy/status/888103866012585984
Sergei_Ardzinba,2017-07-21 02:24,0,0,ISIS releases new Marawi battle video depicting fierce skirmishes with Philippine Army http://apsnynews.tk/?p=191971 # ApsnyNews,"(['Abkhazia'], Location((43.1500226, 41.2299786, 0.0)))",,#,888102435436326913,https://twitter.com/Sergei_Ardzinba/status/888102435436326913
Teddy_Danielsab,2017-07-21 02:21,0,0,Marawi'yi IŞİD 6 Saate kontrol altına almıştı. 2 Aydır Filipinler ordusu Marawi'yi geri alacak,,,,888101613923127297,https://twitter.com/Teddy_Danielsab/status/888101613923127297
ho0Gln7d3CMNgS7,2017-07-21 02:21,0,0,مساء الفل,"(['\xd8\xa7\xd9\x84\xd8\xb1\xd9\x8a\xd8\xa7\xd8\xb6', ' \xd8\xa7\xd9\x84\xd9\x85\xd9\x85\xd9\x84\xd9\x83\xd8\xa9 \xd8\xa7\xd9\x84\xd8\xb9\xd8\xb1\xd8\xa8\xd9\x8a\xd8\xa9 \xd8\xa7\xd9\x84\xd8\xb3\xd8\xb9\xd9\x88\xd8\xaf\xd9\x8a\xd8\xa9'], Location((24.6319692, 46.7150648, 0.0)))",,,888101492540006401,https://twitter.com/ho0Gln7d3CMNgS7/status/888101492540006401
gmanetwork,2017-07-21 02:20,1,28,"I wake up everyday trying to be a person like you."" — @ NicoBolzico on @ solennheussaff's Marawi story http://bit.ly/2toISeI pic.twitter.com/au7JOGQ1lX""","(['Philippines'], Location((12.7503486, 122.7312101, 0.0)))",@ @,,888101211957866497,https://twitter.com/gmanetwork/status/888101211957866497
marawi_q8,2017-07-21 02:17,0,0,يم يم يم دلوله انه بأكل عنك,,,,888100657537986562,https://twitter.com/marawi_q8/status/888100657537986562
Wlaalw11,2017-07-21 02:17,0,0,انتي اوك دلال لا,"(['\xd8\xa7\xd9\x84\xd9\x85\xd9\x85\xd9\x84\xd9\x83\xd8\xa9 \xd8\xa7\xd9\x84\xd8\xb9\xd8\xb1\xd8\xa8\xd9\x8a\xd8\xa9 \xd8\xa7\xd9\x84\xd8\xb3\xd8\xb9\xd9\x88\xd8\xaf\xd9\x8a\xd8\xa9'], Location((25.6242618, 42.3528328, 0.0)))",,,888100475899445248,https://twitter.com/Wlaalw11/status/888100475899445248
DemocraAsia,2017-07-21 02:16,0,0,SCMP: Leadership of Islamic State-linked fighters in Marawi remains largely intact: Duterte http://ow.ly/HAGP50cVY7E,,,,888100381930262529,https://twitter.com/DemocraAsia/status/888100381930262529
marawi_q8,2017-07-21 02:16,1,1,وانه اريد,,,,888100319091191808,https://twitter.com/marawi_q8/status/888100319091191808
jAjQ1DhE1weoVQR,2017-07-21 02:09,0,1,مزيون في كشخته لا بدل ثيابه يغير بزه ويلثم عاري أردافه,,,,888098648592199680,https://twitter.com/jAjQ1DhE1weoVQR/status/888098648592199680
TheArabSource,2017-07-21 02:08,9,9,# ISIS releases new # Marawi battle video depicting fierce skirmishes with # Philippine Armyhttps://aml.ink/HmrTc,,,# # #,888098418349940736,https://twitter.com/TheArabSource/status/888098418349940736
3ashgAltha7ka,2017-07-21 02:04,0,0,مساء الخير,"(['Q8'], Location((38.19069715, 15.2734138919, 0.0)))",,,888097184494891008,https://twitter.com/3ashgAltha7ka/status/888097184494891008
xQmiK4YRAXBUZYp,2017-07-21 02:02,0,0,pic.twitter.com/PpJV7aUqPi,,,,888096704511320065,https://twitter.com/xQmiK4YRAXBUZYp/status/888096704511320065
spramp,2017-07-21 02:00,0,0,"Check it: They wander emptied streets whose signs recall lives now evaporated—"" (from Marawi's Pets by Eileen R. … http://ift.tt/2uf7cic""","(['Chicago', ' IL'], Location((41.8755546, -87.6244212, 0.0)))",,,888096338914750464,https://twitter.com/spramp/status/888096338914750464
cheeneyeugenio,2017-07-21 02:00,0,1,Duterte ‘really showed courage’ in visiting Marawi — officer http://conceptnewscentral.com/index.php/2017/07/21/duterte-really-showed-courage-visiting-marawi-officer/ …,,,,888096283382104064,https://twitter.com/cheeneyeugenio/status/888096283382104064
PhilippinePolRR,2017-07-21 02:00,0,0,Residents mourn battle-ridden Philippine city of Marawi http://www.rightrelevance.com/search/articles/hero?article=8be68d1c8924f2c71d92014350a9025f0ba52faa&query=philippines&taccount=philippinepolrr …pic.twitter.com/OPeEYCPLsO,,,,888096191560503298,https://twitter.com/PhilippinePolRR/status/888096191560503298
artandthought,2017-07-21 02:00,0,0,"They wander emptied streets whose signs recall lives now evaporated—"" (from Marawi's Pets by Eileen R. Tabios)... http://fb.me/1aHxJajGk""","(['Los Angeles', ' CA'], Location((34.054935, -118.244476, 0.0)))",,,888096190713036800,https://twitter.com/artandthought/status/888096190713036800
PTVisMin,2017-07-21 02:00,0,0,"# UlatBayan: Pangulong Duterte, binisita ang mga sundalo sa Camp Ranao, Marawi City http://dai.ly/x5u7074",,,#,888096186489593856,https://twitter.com/PTVisMin/status/888096186489593856
PTVph,2017-07-21 02:00,1,4,"# UlatBayan: Pangulong Duterte, binisita ang mga sundalo sa Camp Ranao, Marawi City http://dai.ly/x5u7074","(['Philippines'], Location((12.7503486, 122.7312101, 0.0)))",,#,888096174959243264,https://twitter.com/PTVph/status/888096174959243264
cheeneyeugenio,2017-07-21 01:59,0,0,President’s visit to Marawi boosts morale of troops fighting Mautes http://conceptnewscentral.com/index.php/2017/07/21/presidents-visit-marawi-boosts-morale-troops-fighting-mautes/ …,,,,888095963436404737,https://twitter.com/cheeneyeugenio/status/888095963436404737
IrishManlapaz,2017-07-21 01:57,0,0,"Marawi residents to AFP: Stop the airstrikes, we want to go home http://fb.me/3TKHUqcHM","(['Philippines'], Location((12.7503486, 122.7312101, 0.0)))",,,888095515493224448,https://twitter.com/IrishManlapaz/status/888095515493224448
jAjQ1DhE1weoVQR,2017-07-21 01:56,0,0,pic.twitter.com/FYcXK3kz69,,,,888095314065981442,https://twitter.com/jAjQ1DhE1weoVQR/status/888095314065981442
metesohtaoglu,2017-07-21 01:56,0,2,"# Filipinler Devlet Başkanı Duterte, halen çatışmaların devam ettiği # Marawi'deki askerleri ziyaret etti https://www.youtube.com/embed/VhdUjuiy4fY …","(['Istanbul - Turkiye'], Location((41.0096334, 28.9651646, 0.0)))",,# #,888095198819078149,https://twitter.com/metesohtaoglu/status/888095198819078149
TheManilaTimes,2017-07-21 01:52,1,2,Duterte visits troops in Marawi https://goo.gl/fb/QgZ8zE,"(['Philippines'], Location((12.7503486, 122.7312101, 0.0)))",,,888094173156560897,https://twitter.com/TheManilaTimes/status/888094173156560897
davidhansonnet,2017-07-21 01:51,0,0,"# Philippines # Marawi # terror # Muslims You hurt, not help your cause, by killing innocents and no good Muslims violate the Quran as you do.pic.twitter.com/6DAbFQ968L",,,# # # #,888094043841990656,https://twitter.com/davidhansonnet/status/888094043841990656
machiavelli_gr,2017-07-21 01:51,0,0,Οι προσφυγες πεθαίνουν σαν τις μύγες στο # Marawi κ η UNHCR κ οι ΜΚΟ ασχολούνται με τους οικονομικούς μετανάστες http://news.abs-cbn.com/news/07/17/17/more-marawi-refugees-die-of-various-illnesses …,,,#,888094023415627777,https://twitter.com/machiavelli_gr/status/888094023415627777
bernard_tv5,2017-07-21 01:51,0,0,WATCH | Duterte finally reaches Marawi amid sounds of gunfire http://www.interaksyon.com/look-duterte-finally-reaches-marawi-amid-sounds-of-gunfire/ … via @ News5 - InterAksyon,,@,,888094013479190528,https://twitter.com/bernard_tv5/status/888094013479190528
lievan_tem,2017-07-21 01:48,0,0,# Philippines: Heavy clashes between # ISIS and army in # Marawi City. pic.twitter.com/Ea8s9P12Tm,,,# # #,888093387374551040,https://twitter.com/lievan_tem/status/888093387374551040
Juj_oo,2017-07-21 01:45,0,0,إسباني سعودي,,,,888092625688973312,https://twitter.com/Juj_oo/status/888092625688973312
kigongoni,2017-07-21 01:41,0,0,# Philippines: the third month enter still Video shows heavy clashes between # ISIS and army in # Marawi City. pic.twitter.com/PsQ0nMfYKz,,,# # #,888091521349799937,https://twitter.com/kigongoni/status/888091521349799937
dwiz882,2017-07-21 01:40,0,1,Marawi-inspired na barong na susuotin ni Pangulong Duterte para sa SONA handa na READ:http://ow.ly/ct1s30dMUd3 pic.twitter.com/99epzPfS1O,"(['Pasig City', ' Philippines'], Location((9.7771753, 125.4915723, 0.0)))",,,888091307322728448,https://twitter.com/dwiz882/status/888091307322728448
walren98,2017-07-21 01:40,0,0,"Duterte's visit came while Marawi battle was ongoing, AFP chief says https://shar.es/1T2Swt  via @ gmanews","(['Caloocan City', ' Philippines'], Location((14.6815301, 121.0089111, 0.0)))",@,,888091156415823872,https://twitter.com/walren98/status/888091156415823872
metesohtaoglu,2017-07-21 01:37,0,1,# Philippine President # Duterte pays visit to troops in # Marawi https://www.youtube.com/embed/VhdUjuiy4fY …,"(['Istanbul - Turkiye'], Location((41.0096334, 28.9651646, 0.0)))",,# # #,888090501798297600,https://twitter.com/metesohtaoglu/status/888090501798297600
dzrhnews,2017-07-21 01:36,0,1,Prez Duterte’s surprise trip to Marawi City http://dzrhnews.com.ph/prez-dutertes-surprise-trip-marawi-city/ …,"(['Manila', ' Philippines'], Location((14.5906216, 120.9799696, 0.0)))",,,888090125413961728,https://twitter.com/dzrhnews/status/888090125413961728
Y3ddU,2017-07-21 01:35,0,0,,"(['\xd8\xa7\xd9\x84\xd9\x83\xd9\x88\xd9\x8a\xd8\xaa \xd8\xa7\xd9\x84\xd8\xb4\xd9\x88\xd9\x8a\xd8\xae'], Location((29.3544104, 47.9563788, 0.0)))",,,888090014642577408,https://twitter.com/Y3ddU/status/888090014642577408
jamesparmis,2017-07-21 01:35,0,0,Pangulong Duterte SIKRETOng nakapasok sa LOOB mismo ng Marawi! Panoorin! http://fb.me/6WM19WnFk,"(['Manila City'], Location((14.5906216, 120.9799696, 0.0)))",,,888089945226829824,https://twitter.com/jamesparmis/status/888089945226829824
3ashgAltha7ka,2017-07-21 01:30,0,0,مساء الخير ي الدلوع,"(['Q8'], Location((38.19069715, 15.2734138919, 0.0)))",,,888088864149172226,https://twitter.com/3ashgAltha7ka/status/888088864149172226
ModernizePH,2017-07-21 01:30,0,0,Latest update on Marawi crisis http://fb.me/IwfFeLX5,"(['Republic of the Philippines'], Location((12.7503486, 122.7312101, 0.0)))",,,888088636704530432,https://twitter.com/ModernizePH/status/888088636704530432
Midoone11,2017-07-21 01:30,0,0,اذا. كان انتي قفله الخاص يبقي بلوك ازاي,"(['\xd9\x85\xd8\xb5\xd8\xb1'], Location((26.2540493, 29.2675469, 0.0)))",,,888088634141945858,https://twitter.com/Midoone11/status/888088634141945858
dzrhnews,2017-07-21 01:29,0,0,DZRH pays homage to wounded soldiers from Marawi Siege http://dzrhnews.com.ph/dzrh-gifts-smiles-presents-wounded-heroes-marawi/ …,"(['Manila', ' Philippines'], Location((14.5906216, 120.9799696, 0.0)))",,,888088364427038721,https://twitter.com/dzrhnews/status/888088364427038721
ana_nora5,2017-07-21 01:23,0,0,منوره فديتك يا قلبي,,,,888086903760855040,https://twitter.com/ana_nora5/status/888086903760855040
Maria_Gacayan,2017-07-21 01:23,6,7,"https://youtu.be/JTRG0RqWeWs  He is emotional,I am2.I feel his love as the father of our country. Sana matapos na Panginoon ang gulo sa Marawi.","(['Riyadh', ' Saudi Arabia'], Location((15.5835188, 32.5677069, 0.0)))",,,888086862572785665,https://twitter.com/Maria_Gacayan/status/888086862572785665
Kingof_sense,2017-07-21 01:18,1,0,وانتي كمان بالمثل ان شاء الله اختي,,,,888085686506618884,https://twitter.com/Kingof_sense/status/888085686506618884
BenarNews,2017-07-21 01:17,1,0,Philippine President Pays Surprise Visit to Troops in Marawi http://www.benarnews.org/english/news/philippine/duterte-visit-07202017115220.html …pic.twitter.com/fQr2NaQ9qT,,,,888085475919003649,https://twitter.com/BenarNews/status/888085475919003649
KCmoyano,2017-07-21 01:16,3,32,If you ride the lrt or mrt please consider donating or for the Marawi city victims @ unicefphilspic.twitter.com/eqzYR7xZfu,"(['Pasig City'], Location((9.7771753, 125.4915723, 0.0)))",@,,888085169248256000,https://twitter.com/KCmoyano/status/888085169248256000
0hanin0,2017-07-21 01:15,1,0,تستااااهل الججنه يا اصيل,"(['\xd8\xa7\xd9\x84\xd9\x85\xd9\x85\xd9\x84\xd9\x83\xd8\xa9 \xd8\xa7\xd9\x84\xd8\xb9\xd8\xb1\xd8\xa8\xd9\x8a\xd8\xa9 \xd8\xa7\xd9\x84\xd8\xb3\xd8\xb9\xd9\x88\xd8\xaf\xd9\x8a\xd8\xa9'], Location((25.6242618, 42.3528328, 0.0)))",,,888084844651180033,https://twitter.com/0hanin0/status/888084844651180033
egdsgn,2017-07-21 01:14,0,0,"Pres. Duterte, nakabisita na sa Marawi https://politicsph.pogoport.com/pres-duterte-nakabisita-na-sa-marawi/ …","(['Davao City', ' Davao Region'], Location((7.22650725, 125.454887691, 0.0)))",,,888084615713435649,https://twitter.com/egdsgn/status/888084615713435649
muzi_kha,2017-07-21 01:14,0,0,"Pres. Duterte, nakabisita na sa Marawi https://politicsph.pogoport.com/pres-duterte-nakabisita-na-sa-marawi/ …","(['The Office'], Location((9.6663813, 80.0122994306, 0.0)))",,,888084610294456320,https://twitter.com/muzi_kha/status/888084610294456320
chris19thws,2017-07-21 01:14,0,0,"Pres. Duterte, nakabisita na sa Marawi https://politicsph.pogoport.com/pres-duterte-nakabisita-na-sa-marawi/ …","(['Philippines'], Location((12.7503486, 122.7312101, 0.0)))",,,888084604632137730,https://twitter.com/chris19thws/status/888084604632137730
PoGo_Port,2017-07-21 01:14,0,0,"Pres. Duterte, nakabisita na sa Marawi https://politicsph.pogoport.com/pres-duterte-nakabisita-na-sa-marawi/ …",,,,888084599221370880,https://twitter.com/PoGo_Port/status/888084599221370880
orga_ogop,2017-07-21 01:14,0,0,"Pres. Duterte, nakabisita na sa Marawi https://politicsph.pogoport.com/pres-duterte-nakabisita-na-sa-marawi/ …",,,,888084592032436224,https://twitter.com/orga_ogop/status/888084592032436224
RTheKrak3n,2017-07-21 01:13,0,0,"Pres. Duterte, nakabisita na sa Marawi https://politicsph.pogoport.com/pres-duterte-nakabisita-na-sa-marawi/ …",,,,888084583060787205,https://twitter.com/RTheKrak3n/status/888084583060787205
0hanin0,2017-07-21 01:13,0,0,تستاااهلي كووول غالي ياقلبي,"(['\xd8\xa7\xd9\x84\xd9\x85\xd9\x85\xd9\x84\xd9\x83\xd8\xa9 \xd8\xa7\xd9\x84\xd8\xb9\xd8\xb1\xd8\xa8\xd9\x8a\xd8\xa9 \xd8\xa7\xd9\x84\xd8\xb3\xd8\xb9\xd9\x88\xd8\xaf\xd9\x8a\xd8\xa9'], Location((25.6242618, 42.3528328, 0.0)))",,,888084497371103232,https://twitter.com/0hanin0/status/888084497371103232
0hanin0,2017-07-21 01:12,9,16,يكفي إني حاسدٍ نفسي عليك لاذكرتك قلت ياحظي أناpic.twitter.com/Vq6ZGgNmJS,"(['\xd8\xa7\xd9\x84\xd9\x85\xd9\x85\xd9\x84\xd9\x83\xd8\xa9 \xd8\xa7\xd9\x84\xd8\xb9\xd8\xb1\xd8\xa8\xd9\x8a\xd8\xa9 \xd8\xa7\xd9\x84\xd8\xb3\xd8\xb9\xd9\x88\xd8\xaf\xd9\x8a\xd8\xa9'], Location((25.6242618, 42.3528328, 0.0)))",,,888084316965797889,https://twitter.com/0hanin0/status/888084316965797889
afraustria,2017-07-21 01:08,0,0,"LOOK: Iglesia ni Cristo sends trucks carrying 100,000 relief packs to the people of Marawi City http://fb.me/39KccLrSJ","(['Lingayen', ' Pangasinan'], Location((16.0206431, 120.2306071, 0.0)))",,,888083088713986048,https://twitter.com/afraustria/status/888083088713986048
elvenezolanohou,2017-07-21 01:07,0,0,Presidente de Filipinas visita Marawi por primera vez http://bit.ly/2uGoJjP,"(['Houston', ' TX'], Location((29.7589382, -95.3676974, 0.0)))",,,888082888515866629,https://twitter.com/elvenezolanohou/status/888082888515866629
FafaBelooo,2017-07-21 01:01,0,0,nasa Marawi na po,"(['Pasig City'], Location((9.7771753, 125.4915723, 0.0)))",,,888081320223440896,https://twitter.com/FafaBelooo/status/888081320223440896
TempoPHL,2017-07-21 01:00,0,0,"Duterte visits Marawi City incognito, talks to troops http://tempo.com.ph/2017/07/21/duterte-visits-marawi-city-incognito-talks-to-troops/ …","(['Intramuros', ' Philippines'], Location((14.5905862, 120.97533, 0.0)))",,,888081253144068098,https://twitter.com/TempoPHL/status/888081253144068098
southcotabato,2017-07-21 00:59,0,0,President Duterte visit Marawi City Kahanga-hanga talaga ang tapang ng ating mahal na pangulo! God bless you... http://fb.me/5kR7xI5f3,"(['General Santos City'], Location((6.1265778, 125.1985022, 0.0)))",,,888080920623841284,https://twitter.com/southcotabato/status/888080920623841284
AsianJournalCom,2017-07-21 00:59,0,1,# Marawi residents say no to # Duterte’s martial law extension in Mindanaohttp://ow.ly/U8zj30dMPVy,,,# #,888080841754193921,https://twitter.com/AsianJournalCom/status/888080841754193921
dwiz882,2017-07-21 00:57,0,0,Pres. Duterte bumisita sa mga tropang sundalo sa Marawi City READ:http://ow.ly/BUgA30dMPKl pic.twitter.com/zuvfACjDsl,"(['Pasig City', ' Philippines'], Location((9.7771753, 125.4915723, 0.0)))",,,888080461813002241,https://twitter.com/dwiz882/status/888080461813002241
heynairing,2017-07-21 00:55,0,0,Have some mercy! Just imagine that Marawi is Davao. Will you allow your people to suffer this much? 60days is enough.,"(['022016'], Location((44.4366968167, 26.1444547111, 0.0)))",,,888079921620205568,https://twitter.com/heynairing/status/888079921620205568
Ummah_Is_One_,2017-07-21 00:52,0,0,You're fake. Marawi City have 99% Muslim population.,"(['London'], Location((51.5073219, -0.1276474, 0.0)))",,,888079079601262592,https://twitter.com/Ummah_Is_One_/status/888079079601262592
foi3344,2017-07-21 00:50,0,0,مامنك فايده,"(['\xd8\xa7\xd9\x84\xd9\x85\xd9\x85\xd9\x84\xd9\x83\xd9\x87 \xd8\xa7\xd9\x84\xd8\xb9\xd8\xb1\xd8\xa8\xd9\x8a\xd9\x87 \xd8\xa7\xd9\x84\xd8\xb3\xd8\xb9\xd9\x88\xd8\xaf\xd9\x8a\xd9\x87'], Location((25.6242618, 42.3528328, 0.0)))",,,888078628864626692,https://twitter.com/foi3344/status/888078628864626692
ConceptGrp,2017-07-21 00:50,3,0,Duterte ‘really showed courage’ in visiting Marawi — officer http://conceptnewscentral.com/index.php/2017/07/21/duterte-really-showed-courage-visiting-marawi-officer/ …,,,,888078619859234816,https://twitter.com/ConceptGrp/status/888078619859234816
BenarNews,2017-07-21 00:50,0,0,Philippine President Pays Surprise Visit to Troops in Marawi: http://www.benarnews.org/english/news/philippine/duterte-visit-07202017115220.html …pic.twitter.com/KYBGUQNt4C,,,,888078551550902272,https://twitter.com/BenarNews/status/888078551550902272
ZeeAlontoAdiong,2017-07-21 00:47,6,6,Residents mourn battle-ridden Philippine city of Marawi @ AJENewshttp://aje.io/xq8jy,"(['iPhone: 0.000000', '0.000000'], Location((25.275999, 55.3095702, 0.0)))",@,,888077968492199937,https://twitter.com/ZeeAlontoAdiong/status/888077968492199937
0I_My,2017-07-21 00:46,1,1,يگفي استاهل محبتگم و صداقتگم,,,,888077620608458752,https://twitter.com/0I_My/status/888077620608458752
marawi_q8,2017-07-21 00:45,2,0,وانتي تستاهلي عيوني حبيبتي,,,,888077355813486592,https://twitter.com/marawi_q8/status/888077355813486592
InqNational,2017-07-21 00:45,0,0,ICYMI: Alternative route for relief goods for Marawi evacuees eyed http://ebx.sh/2uMZ6yT,"(['Manila', ' Philippines'], Location((14.5906216, 120.9799696, 0.0)))",,,888077342878334977,https://twitter.com/InqNational/status/888077342878334977
DZMMTeleFeed,2017-07-21 00:45,0,0,"Care packages, ibinigay ni Duterte sa mga sundalo sa Marawi",,,,888077291074461696,https://twitter.com/DZMMTeleFeed/status/888077291074461696
0I_My,2017-07-21 00:43,3,2,تستاهل الشيخه ،، شاهدين لگ بـ الخير فديتگ,,,,888076957002477572,https://twitter.com/0I_My/status/888076957002477572
hanooovaa,2017-07-21 00:42,0,0,ادعميني وأصير حقتك ملكك,,,,888076721672663041,https://twitter.com/hanooovaa/status/888076721672663041
marawi_q8,2017-07-21 00:42,1,0,مساء النور نورتي تويت,,,,888076712344338432,https://twitter.com/marawi_q8/status/888076712344338432
huauG1kSUk3VQVP,2017-07-21 00:41,0,0,@ marawi_q8 @ 0hanin0 يعني ماعد استحت الا اذا شفنا وشها وباقي خصال الجسم ما يهما,,@ @,,888076413693288450,https://twitter.com/huauG1kSUk3VQVP/status/888076413693288450
liveuamaptr,2017-07-21 00:39,0,1,IŞİD Marawi'deki savaştan bir video yayınladı https://isis.liveuamap.com/tr/2017/20-july-is-publishes-a-video-of-the-fighting-against-the … https://twitter.com/geopolitiquee/status/888050713087135744/video/1 … via @geopolitiquee https://twitter.com/geopolitiquee/status/888050713087135744/video/1 …,,@geopolitiquee,,888075823806377988,https://twitter.com/liveuamaptr/status/888075823806377988
ahcellegh,2017-07-21 00:35,0,0,"@ raissawriter oohhh nka punta na c President Duterte sa Marawi, now it's your turn. D ba sabi mo Duterte first? Oh pack up na dali","(['United Arab Emirates'], Location((-1.2845614, 36.8138007, 0.0)))",@,,888074864422252544,https://twitter.com/ahcellegh/status/888074864422252544
DZMMTeleFeed,2017-07-21 00:35,0,0,"Pres. Duterte, bumisita sa Marawi City",,,,888074780771004417,https://twitter.com/DZMMTeleFeed/status/888074780771004417
dzrhnews,2017-07-21 00:34,0,0,"Mga opisyal sa Batangas city, pinasalamatan sa 'donation drive' para sa Marawi | via RH35 Renz Belda # RapidoHatawBalita","(['Manila', ' Philippines'], Location((14.5906216, 120.9799696, 0.0)))",,#,888074527128915969,https://twitter.com/dzrhnews/status/888074527128915969
marawi_q8,2017-07-21 00:33,3,12,# صورة_ملف_شخصي_جديدة انه باك pic.twitter.com/SfnGEdnvT0,,,#,888074449617944576,https://twitter.com/marawi_q8/status/888074449617944576
saksi,2017-07-21 00:32,0,0,"VIDEO: 2 gym sa katabing bayan ng Marawi, napinsala ng military air strike http://bit.ly/2udjxSh pic.twitter.com/Cli5z6BSuw","(['Philippines'], Location((12.7503486, 122.7312101, 0.0)))",,,888074137519800320,https://twitter.com/saksi/status/888074137519800320
saksi,2017-07-21 00:32,0,0,"VIDEO: Pang. Duterte, bumisita sa Marawi City sa unang pagkakataon http://bit.ly/2udiXE4 pic.twitter.com/fVXIjQJzw9","(['Philippines'], Location((12.7503486, 122.7312101, 0.0)))",,,888074119627001856,https://twitter.com/saksi/status/888074119627001856
marawi_q8,2017-07-21 00:31,9,20,هناك أرواح وجودها لا يُحكى ولا يكتب هم حكايۃ قدَر جميلۃ لن تتكرر أبدا @ 0hanin0 الف مبروك ي قلبي # 50k تستاهلي وفالك المليون :pic.twitter.com/n3KhgAFedr,,@,#,888073816252887040,https://twitter.com/marawi_q8/status/888073816252887040
ilovephilippin3,2017-07-21 00:30,0,0,"Duterte speaks to soldiers, inspects firearms in Marawi http://www.gmanetwork.com/news/story/618833/news/nation/duterte-speaks-to-soldiers-inspects-firearms-in-marawi?utm_source=dlvr.it&utm_medium=twitter …",,,,888073533921738752,https://twitter.com/ilovephilippin3/status/888073533921738752
PTVph,2017-07-21 00:30,0,1,"# UlatBayan: Tulong ng Pamahalaan para sa mga evacuee sa Marawi, patuloy http://dai.ly/x5u7072","(['Philippines'], Location((12.7503486, 122.7312101, 0.0)))",,#,888073520701255681,https://twitter.com/PTVph/status/888073520701255681
PTVisMin,2017-07-21 00:30,0,0,"# UlatBayan: Tulong ng Pamahalaan para sa mga evacuee sa Marawi, patuloy http://dai.ly/x5u7072",,,#,888073519459971072,https://twitter.com/PTVisMin/status/888073519459971072
juztpost,2017-07-21 00:26,0,0,# juztpost Soldier killed by friendly fire in Marawi brought home in Albay http://juztpost.com/2017/07/20/soldier-killed-friendly-fire-marawi-brought-home-albay/ …pic.twitter.com/R9JwLq2mnu,"(['Republic of the Philippines'], Location((12.7503486, 122.7312101, 0.0)))",,#,888072590933336071,https://twitter.com/juztpost/status/888072590933336071
AnhaengerCDU,2017-07-21 00:25,0,0,Zur Auffrischung: # IS # ISIS Häuserkampf in # Marawi https://twitter.com/geopolitiquee/status/888050713087135744/video/1 …,"(['M\xc3\xbcnchen'], Location((48.1371079, 11.5753822, 0.0)))",,# # #,888072478295281664,https://twitter.com/AnhaengerCDU/status/888072478295281664
hispanopost,2017-07-21 00:25,0,0,Duterte viaja a Marawi por primera vez desde inicio del conflicto con el Estado Islámico http://bit.ly/2uG2NWj pic.twitter.com/ZuiYA8cHgI,,,,888072261252530176,https://twitter.com/hispanopost/status/888072261252530176
xsirhc30x,2017-07-21 00:23,0,0,"In his third attempt, Pres. Duterte finally successfully visits war zone area Marawi https://www.facebook.com/presidentialcom/videos/1808937465802573/ …",,,,888071970172149760,https://twitter.com/xsirhc30x/status/888071970172149760
Kingof_sense,2017-07-21 00:21,1,0,تستاهل الف مبروك,,,,888071252375740421,https://twitter.com/Kingof_sense/status/888071252375740421
Glimac68Gli,2017-07-21 00:19,0,0,President Rodrigo Roa Duterte Visit to Marawi City 7/20/2017 https://www.youtube.com/watch?v=VhdUjuiy4fY&feature=share …,"(['British Columbia', ' Canada'], Location((55.001251, -125.002441, 0.0)))",,,888070984548335616,https://twitter.com/Glimac68Gli/status/888070984548335616
marvinbeduya,2017-07-21 00:17,0,0,"The Economist's Op-Ed (Banyan) on Marawi and on Martial Law in Mindanao. A fair read though losing the peace"" is... http://fb.me/1uQxIQzfu""","(['Manila'], Location((14.5906216, 120.9799696, 0.0)))",,,888070319209979904,https://twitter.com/marvinbeduya/status/888070319209979904
Philreport,2017-07-21 00:15,0,0,"The President Visists Marawi. He leads the distribution of goods, G-Shock watches to 3,000 soldiers and police... http://fb.me/3NjicbcnP",,,,888069949620719616,https://twitter.com/Philreport/status/888069949620719616
DubredoArmy,2017-07-21 00:14,6,11,PHOTOS: President Rody Duterte at Marawi City with the troops earlier today. | PTV pic.twitter.com/JgRdn6LXD9,"(['Republic of the Philippines'], Location((12.7503486, 122.7312101, 0.0)))",,,888069541414092800,https://twitter.com/DubredoArmy/status/888069541414092800
QaZxCvBn4321,2017-07-21 00:12,0,0,أح,"(['Kingdom of Saudi Arabia'], Location((-6.8638235, 39.2551949, 0.0)))",,,888069152266747906,https://twitter.com/QaZxCvBn4321/status/888069152266747906
ANCALERTS,2017-07-21 00:11,2,6,"WATCH: Fire broke out in Marawi City amidst ongoing clashes. # MarawiClash | Video from Val Cuenca, ABS-CBN Newspic.twitter.com/k2SIHijAiP","(['Philippines'], Location((12.7503486, 122.7312101, 0.0)))",,#,888068773445459968,https://twitter.com/ANCALERTS/status/888068773445459968
Ivan226622,2017-07-21 00:10,0,0,"Sumiklab ang isang sunog sa Marawi City sa gitna ng patuloy na bakbakan doon. (Kuha ni Val Cuenca, ABS-CBN News) pic.twitter.com/t9ZRZKXjh5 …",,,,888068652637048832,https://twitter.com/Ivan226622/status/888068652637048832
bajuke27,2017-07-21 00:09,0,0,mamasapano.isang barong2 ang nasunog! 44 nga namatay! ngayon sa marawi almost hundred na namatay! isang syudad nasunog! wala pa si hapilon! https://twitter.com/ABSCBNNews/status/888067105467138048 …,"(['San francisco', ' California', ' usa'], Location((8.444585, 125.951249185, 0.0)))",,,888068435237666816,https://twitter.com/bajuke27/status/888068435237666816
Lastcombo,2017-07-21 00:08,0,0,"Philippines:The Hypocrites,The U.S.A regime backed Hypocrites,The Daesh terrorists clashed with the Duterte forces in the streets of Marawi. pic.twitter.com/tnKns4vh7x","(['Almere', 'The Netherlands'], Location((52.4417588, 5.20931491494, 0.0)))",,,888068226508304384,https://twitter.com/Lastcombo/status/888068226508304384
OneMapua,2017-07-21 00:08,0,1,"If you have 30 minutes today, WATCH this! @ mukhatv # Marawi Special: 'Di Ka Pasisiil (Never will be conquered) http://s.onemapua.co/2uuYWM1 pic.twitter.com/fz7MpCw2sB","(['Philippines'], Location((12.7503486, 122.7312101, 0.0)))",@,#,888067995200835584,https://twitter.com/OneMapua/status/888067995200835584
anjobrandes,2017-07-21 00:07,0,1,mag kalapit kasi ung marawi at iligan,,,,888067837960507392,https://twitter.com/anjobrandes/status/888067837960507392
YONASMITH03,2017-07-21 00:07,381,552,MWDS SMITH FAMILY outreach program for MARAWI Victims Part two @ honeyleevill @ AnnaSmith830 @ Exupery_gab BALIWMusicVideoFor MAYWARDpic.twitter.com/68eXkjywLd,,@ @ @,,888067765285736448,https://twitter.com/YONASMITH03/status/888067765285736448
Chabsdfghjkl,2017-07-21 00:07,0,0,e bat may marawi HAHA,"(['buffet restaurant'], Location((40.8654567, -73.9269346, 0.0)))",,,888067741441155072,https://twitter.com/Chabsdfghjkl/status/888067741441155072
stateofdnation,2017-07-21 00:06,0,0,"VIDEO: Pang. Duterte, bumisita sa kampo ng sundalo sa loob ng Marawi http://bit.ly/2ucSmqF pic.twitter.com/sqEqVbdygq","(['Manila', ' Philippines'], Location((14.5906216, 120.9799696, 0.0)))",,,888067629784616961,https://twitter.com/stateofdnation/status/888067629784616961
pinoymag15,2017-07-21 00:05,0,0,PRES. DUTERTE NASA MARAWI NA! BUWIS ANG BUHAY SA KASAGSAGAN NG GYERA! http://fb.me/vHOsbXYw,,,,888067375723053057,https://twitter.com/pinoymag15/status/888067375723053057
gillybeeeaan,2017-07-21 00:05,0,1,They will be delivered to Marawi by the 4th Infantry Division. This is just first of the many division-wide projects of the SPG & SSG,"(['Cagayan De Oro City'], Location((8.42980265, 124.682410212, 0.0)))",,,888067229333331968,https://twitter.com/gillybeeeaan/status/888067229333331968
holaitsclar,2017-07-21 00:04,0,1,sa marawi,,,,888067133728374784,https://twitter.com/holaitsclar/status/888067133728374784
ABSCBNNews,2017-07-21 00:04,32,57,"Sumiklab ang isang sunog sa Marawi City sa gitna ng patuloy na bakbakan doon. (Kuha ni Val Cuenca, ABS-CBN News) pic.twitter.com/yrKeOjvrDG","(['Manila', ' Philippines'], Location((14.5906216, 120.9799696, 0.0)))",,,888067105467138048,https://twitter.com/ABSCBNNews/status/888067105467138048
CNPH2016,2017-07-21 00:03,0,1,PRRD Visits Troops in Marawi City President Rodrigo Duterte visits the troops engaged in the battle between... http://fb.me/85fQi48Op,"(['Philippines'], Location((12.7503486, 122.7312101, 0.0)))",,,888066764143296512,https://twitter.com/CNPH2016/status/888066764143296512
ConceptGrp,2017-07-21 00:02,2,0,President’s visit to Marawi boosts morale of troops fighting Mautes http://conceptnewscentral.com/index.php/2017/07/21/presidents-visit-marawi-boosts-morale-troops-fighting-mautes/ …,,,,888066551399587841,https://twitter.com/ConceptGrp/status/888066551399587841
TheKellyRamos,2017-07-21 00:01,0,0,"Yung Pake ko, nasa marawi pa daw eh https://twitter.com/angtanongkosayo/status/888065460477976576 …",,,,888066395803598852,https://twitter.com/TheKellyRamos/status/888066395803598852
YONASMITH03,2017-07-21 00:00,177,205,MWDS SMITH FAMILY outreach program for MARAWI Victims Part one @ AnnaSmith830 @ Nikai_md @ MWDVOLadies BALIWMusicVideoFor MAYWARDpic.twitter.com/Mjf7SzePBn,,@ @ @,,888066048217370624,https://twitter.com/YONASMITH03/status/888066048217370624
juztpost,2017-07-21 00:00,0,0,"# juztpost Duterte finally lands in Marawi, cheers up troops http://juztpost.com/2017/07/20/duterte-finally-lands-marawi-cheers-troops/ …pic.twitter.com/cxF2lV9Xjj","(['Republic of the Philippines'], Location((12.7503486, 122.7312101, 0.0)))",,#,888066007599853569,https://twitter.com/juztpost/status/888066007599853569
divakarssathya,2017-07-21 00:00,0,0,"Singapore offers Philippines training, aircraft to combat Marawi fighters http://m.todayonline.com/singapore/spore-offers-drones-training-help-filipino-troops-fight-militants-marawi …","(['Hyderabad', ' India'], Location((17.3886068, 78.4608095676, 0.0)))",,,888065980013748224,https://twitter.com/divakarssathya/status/888065980013748224
SoutheastAsiaDC,2017-07-21 00:00,0,0,News from # Philippines | Duterte finally visits Marawi via @ ABSCBNNewshttp://news.abs-cbn.com/news/07/20/17/duterte-finally-visits-marawi …,"(['Washington', ' DC'], Location((38.8949549, -77.0366456, 0.0)))",@,#,888065977606385669,https://twitter.com/SoutheastAsiaDC/status/888065977606385669
